Time,V1,V2,V3,V4,V5,V6,V7,V8,V9,V10,V11,V12,V13,V14,V15,V16,V17,V18,V19,V20,V21,V22,V23,V24,V25,V26,V27,V28,Amount,Class,Name,Category,Description
3,0.794688,1.476196,-1.483733,1.554578,-3.199699,-0.954672,-1.003887,0.863975,0.450192,1.833926,-0.905116,-0.502831,0.068018,0.697875,0.248281,0.795226,-0.759269,-0.522519,-2.056655,0.907398,-0.446889,-0.980256,-1.124217,-0.450081,1.084382,-1.783064,-1.428817,-0.420185,2.32,0,Hoyts,Entertainment,
562,0.193894,0.135241,0.648115,0.490580,-0.929620,-2.294476,-0.551570,-0.306013,1.504579,-1.531204,1.681498,-1.108799,-1.101522,0.756483,0.610446,0.510227,0.199143,-1.233409,-0.229120,0.537925,-0.388535,-1.629973,1.795661,1.646800,-0.377178,-2.082211,-1.191359,-0.830311,17.33,0,Disney+,Entertainment,Tap to pay
1304,-0.494063,1.034162,0.767170,-0.219519,-1.111317,0.620557,0.674249,0.081703,-0.001816,-1.202618,-0.464647,0.009026,0.764569,0.976449,-1.399870,-0.967332,-0.446197,-1.645645,0.946727,-0.562432,-0.354873,1.246294,1.178949,0.298641,-0.631152,-0.266500,0.792271,-0.286350,117.00,0,Booking.com,Travel,
3753,1.584355,1.314702,-1.113720,-0.203865,-0.508110,-1.242927,0.179637,-0.134083,0.762680,0.269580,-0.107635,-1.086639,0.834673,-1.118010,0.725516,-0.041629,0.370211,1.235584,-0.371710,-0.402445,1.038511,0.436137,0.687442,-0.563294,-0.024691,-0.410512,0.428071,-0.906502,25.24,0,Netflix,Entertainment,
4531,0.046975,1.319594,0.008015,-1.062467,0.748961,-0.166412,0.807201,0.378867,-0.539172,0.666056,0.693844,0.052029,0.351405,0.229287,0.476505,0.465719,0.444742,-1.792838,-0.434196,-0.651838,1.430124,-0.179187,0.710884,1.300117,0.787426,1.741598,0.866148,-0.826231,18.14,0,Hungry Jack's,Food,Auto-renewal
4678,0.529500,-2.038157,0.845164,-0.971730,-0.249618,-1.753247,-0.064680,0.695933,0.268999,-0.863269,-0.413131,0.940408,0.875947,0.068106,0.872468,0.026304,1.680294,1.042855,-0.564475,-0.887558,-2.380234,-0.003587,-0.457743,0.136027,0.197239,0.264405,-0.676345,1.032653,29.02,0,Aldi,Food,
4939,-0.912003,0.417401,0.123007,0.652030,1.142634,1.791006,-1.435657,-0.615916,1.882875,0.245279,-0.000818,-0.377061,-1.483390,1.646191,1.662714,-0.950352,1.205096,-0.343980,-0.269203,-0.467954,-0.494201,0.859590,0.456952,-0.698263,-0.114378,-1.012854,-0.200953,-0.536196,15.05,0,Uber,Travel,Tap to pay
7445,-0.013602,0.157931,0.238243,-0.428667,-0.840834,-0.237750,1.125372,0.075531,0.500153,-2.718583,0.975183,-2.146764,0.958433,0.562937,1.197538,0.989625,-1.508740,0.763428,-0.420722,-1.276455,-0.009450,0.102496,-0.163993,-1.672886,0.394867,0.780766,-0.332795,-0.685203,127.37,0,Guzman y Gomez,Food,
8092,-0.529364,-1.440398,-0.211158,0.498541,-3.250021,0.561032,0.114248,-0.066748,-0.892694,-0.298865,1.125198,-0.094898,-0.199702,-1.304644,0.969559,-0.655617,-0.205809,-0.984512,0.763037,-1.119195,-0.135190,-1.290446,0.148749,-0.245853,0.507954,1.515899,-0.430565,-0.515939,12.13,0,Spotify,Entertainment,Tap to pay
9704,0.380356,0.642574,0.564830,0.593344,-0.188348,0.554143,0.046508,1.073949,1.456901,-1.533266,0.299305,-0.022119,0.007575,-0.295729,0.051385,0.578530,0.974124,-0.084573,0.561018,-0.735951,-1.186313,1.451354,-0.303607,0.552192,0.375048,0.048903,-1.509911,-0.883226,3.74,0,Optus,Utilities,
10667,1.569573,0.654553,-0.191902,-0.331039,0.242019,-0.025659,-0.312300,0.945777,1.019003,1.072597,-2.495544,-0.102844,0.567025,-1.477174,-0.091358,-1.184229,0.657354,-1.164069,-0.127914,-2.178533,0.505894,-0.783664,-0.852912,-0.864345,-0.685481,-0.078256,1.567096,-2.284536,2.79,0,Telstra,Utilities,In-store payment
12181,-0.778013,-1.432647,-0.296493,-0.579004,2.373082,-0.844049,0.442836,-1.528650,-0.049024,-0.186343,0.383140,0.776827,0.532887,1.261588,-0.059133,0.518700,-0.732220,0.465476,1.506119,0.179001,1.105170,1.330823,-0.316816,-0.975132,-0.344505,0.022393,0.658942,0.384078,83.17,0,Subway,Food,
12481,-0.190582,1.106356,0.970006,-0.220204,0.989318,-0.037196,0.798017,-1.208454,1.774377,-0.134743,-1.702235,0.690037,-0.127481,-0.059883,0.081432,-0.023008,0.667836,-0.242058,0.581418,-1.138358,1.835905,0.636842,0.650635,1.006446,-0.549276,0.500651,0.848358,-0.721681,32.07,0,eBay AU,Other,
12823,-0.249233,1.511759,0.750348,-0.026657,0.172611,-1.509048,-0.632218,0.173194,-0.040085,0.336925,-0.203451,-0.228491,0.272133,-0.217821,-0.847241,1.250218,-1.835122,-1.184747,1.263701,1.049274,-0.499084,-0.241166,0.305648,-0.543300,0.006609,1.395634,0.126550,0.613623,10.78,0,RentPay AU,Rent,
14680,0.190121,1.169004,-1.899273,-0.450865,0.014575,-0.686873,-2.254694,1.859325,0.815910,0.439372,0.801796,-1.895539,1.411861,0.453367,-0.928952,1.886877,1.011608,1.536538,-1.317270,-0.681042,0.579747,0.067129,1.006542,0.641330,0.746114,-1.305114,-0.313015,-1.350600,57.99,0,KFC,Food,Direct debit
15292,0.584093,0.699701,-0.352611,0.740720,-0.709862,-0.280146,-0.499393,0.155184,0.196247,-0.307850,0.491718,-2.195977,-0.436809,-0.044889,-0.009951,-0.212969,0.309766,0.374796,1.954759,2.289971,-1.276930,1.605813,0.523589,0.453771,0.604439,-0.168591,1.344224,-0.071546,11.64,0,BP Service Station,Travel,
15867,1.054043,0.065098,-1.264448,-2.626541,1.211907,0.950960,-0.709495,1.458705,-0.466687,1.640157,2.065225,-1.322068,0.678919,-0.280917,-1.270228,-0.346583,-1.845365,-0.396004,-0.535482,-0.532444,-0.250442,0.567359,1.460515,0.806787,1.343397,-1.837678,-1.184972,-1.403805,76.95,0,Virgin Australia,Travel,
16323,-0.840038,-0.667400,-1.322395,0.116963,0.725531,-1.089253,-0.365890,-1.622349,-2.695348,0.963865,1.460219,1.583498,-1.435210,-0.621947,-0.409218,-2.516905,-0.768056,1.039602,1.135923,-1.007309,-0.709043,-1.243865,-1.193840,0.396684,0.321833,0.285457,0.689873,1.687374,82.87,0,Acme Corp Payroll,Salary,
16379,0.105639,0.185966,-0.049734,-0.141487,-1.285327,-2.412476,-0.328885,0.686064,1.764864,-1.613264,0.723114,-1.041507,-1.449928,-1.285119,-0.702097,-0.307290,0.232544,0.828018,-1.105074,-0.896443,2.139228,-0.669267,-0.036460,0.255523,-3.159305,-1.452952,-1.114033,-0.730944,36.66,0,Starbucks,Food,In-store payment
17910,-0.227471,1.162804,-0.328784,0.132524,-1.258433,-0.967138,-0.685258,-0.056555,1.104356,-0.655581,1.319310,-0.619852,-0.397780,1.061632,-0.294574,0.868582,1.855782,0.315050,-0.844682,0.631738,0.126745,1.591235,0.495615,-0.072481,0.876151,-0.099901,-0.387044,-0.686973,17.14,0,Coles,Food,
18907,0.452121,-0.899885,1.002310,0.262968,-0.826848,-0.407891,-0.204897,-1.381114,-1.548002,-0.708612,-0.369867,-0.119401,-2.183924,-0.722887,0.740522,0.760770,0.208214,-1.243563,-0.948937,-0.143385,-0.680350,1.579566,0.094369,-1.489783,1.976434,-1.187941,-0.236890,1.338617,24.25,0,GlobalSoft Ltd,Salary,
18912,-1.078949,-1.546535,-0.589621,1.021291,1.409666,1.614556,-1.722327,-0.901647,1.892196,-1.488718,-1.478245,-2.317811,0.455889,1.241068,0.267919,0.605984,-1.360092,-0.378132,1.521013,-1.705596,1.009998,-0.929605,-0.995877,0.497987,1.065567,1.824708,0.758192,0.370550,12.73,0,Uber,Travel,
20186,1.146681,1.042695,-1.013225,0.591219,-1.335685,0.048511,0.951608,1.059325,-2.005967,-1.255869,1.958387,1.277703,0.787902,-1.246167,-0.583279,1.283452,0.427886,1.922332,-0.921224,0.535931,1.611616,1.587585,1.003767,-1.473755,-0.719509,-1.320215,1.081695,1.222730,11.84,0,BP Service Station,Travel,
20809,-0.995138,-0.663809,0.839631,-0.942185,-1.573386,0.760737,-0.534807,-1.366569,0.595259,-0.009859,0.753425,0.900346,-0.926704,-0.776807,-1.949016,-2.785995,1.270569,-1.309560,-2.157573,-0.492129,-1.308261,-1.388706,-0.666583,0.077113,1.085705,0.426238,-0.147616,1.513129,81.33,0,AAMI,Insurance,Membership fee
22044,-1.448623,-1.341907,0.517960,-1.218364,1.082896,-2.134118,-0.479886,-2.695916,0.800098,1.280015,0.898338,-0.183978,1.066136,0.842486,-0.427875,0.997854,0.142451,1.749709,0.377601,-0.230606,0.099233,-0.672647,-0.179126,-1.364359,0.677532,0.138092,0.823634,0.180194,77.70,0,Woolworths,Food,
22950,-0.957042,0.766005,-1.541597,1.775564,-0.517358,0.604684,-0.976170,-0.446467,-0.503900,0.573774,0.540020,-0.790345,1.140176,-0.341769,0.180510,2.328436,0.542760,1.531596,-0.300913,-0.828340,-0.612612,-0.331367,-0.414845,-1.735764,0.168211,-0.552137,1.554307,0.887733,157.43,0,Event Cinemas,Entertainment,
23422,0.849285,-1.103342,0.601263,1.083562,-0.708425,-0.869335,-1.087045,-1.440546,-0.054004,1.305808,-1.067602,1.248106,-0.173000,-1.164168,-1.959024,-0.758724,-1.397705,0.005761,2.989584,1.277282,0.812968,0.957182,-0.483872,-0.267543,0.401874,-0.790588,1.811986,0.024870,8.47,0,AGL Energy,Utilities,Direct debit
23989,-0.950633,-1.073355,2.196946,0.438959,0.980960,2.473671,0.117395,-0.636313,0.787135,-0.084293,0.441663,0.573629,-0.271370,0.004119,0.835982,0.985640,1.508321,-0.130946,0.635873,0.048476,-0.312006,-0.657251,-1.571955,-2.035076,0.719494,0.332404,0.157066,-0.173511,1.80,0,Coles,Food,Online purchase
24064,-0.106745,-0.110471,-0.514095,-0.853158,0.033794,0.072851,-0.098271,-0.628669,-1.466379,0.492130,-0.133248,0.315160,1.785644,-2.476568,0.328161,-1.262622,-1.077689,-1.357378,-1.023745,0.453261,0.230927,0.718552,-1.588705,1.089744,-0.671790,-1.374392,0.315990,0.106357,25.58,0,IGA,Food,
24366,-0.808537,0.488642,0.562896,1.126677,-1.232465,-0.328766,-0.853111,-0.425408,-0.924704,1.960848,-1.844338,-1.020105,0.954814,-0.079236,-0.866258,0.258867,0.071170,-0.873953,-1.554577,-0.930950,0.220518,2.086437,0.055034,0.878096,-2.100637,0.598237,1.163831,-0.533773,10.62,0,Optus,Utilities,Membership fee
24468,1.206266,-1.156985,0.337250,0.029101,-1.773090,0.596439,-0.656010,-1.029333,0.860167,0.600133,-0.509581,-2.691479,-2.376033,-1.209391,-0.486476,0.023114,0.009358,0.591150,0.402640,-0.499828,-0.433802,0.157978,-0.541603,-0.597994,0.109262,-0.819597,0.149473,0.872337,29.59,0,Domino's Pizza,Food,
24540,-0.619679,1.229572,0.207384,0.805573,2.453265,-0.026525,0.610124,-0.197889,-0.484463,-0.586197,-0.316617,1.139292,-0.472948,-0.978600,-0.888301,1.707895,0.945741,-1.299349,-1.186031,2.544401,-0.456745,1.766774,-0.461212,-1.181923,0.564056,-0.068534,-0.349830,-0.240450,13.49,0,Northwind Industries,Salary,
25311,-1.553729,-0.347664,0.563284,-0.215701,0.866379,-0.812733,0.984555,-0.866319,-0.531904,0.085196,-0.959861,-1.128857,2.103281,-0.224651,0.604246,0.062814,0.594876,-0.495523,-0.069356,1.026633,0.752464,-1.206789,-0.214701,-0.832719,0.007661,0.816727,-0.450574,0.854325,12.58,0,Uber,Travel,
26150,1.377313,0.824855,-0.170357,-0.769529,0.214968,-0.440321,-0.501918,-1.225015,-0.039526,-0.590290,-2.036100,1.734421,0.968504,0.821405,-0.699478,-0.281502,1.237319,0.121651,1.140148,-0.198883,-0.168126,-0.652457,-1.086911,-0.955404,-1.349462,-0.107570,0.504105,-1.320489,5.13,0,Stake,Investment,Membership fee
26482,1.446200,-0.569255,0.428619,-1.102126,-1.183196,0.755051,0.328798,0.660416,0.771781,-2.120541,-1.705618,0.990652,-1.489648,-1.525233,0.326563,-0.702914,-0.548712,-0.952718,0.031116,1.028318,-0.779957,1.065188,-0.718218,0.478373,0.027794,-0.598966,1.594446,-0.010001,5.79,0,Aldi,Food,
27347,0.536615,-0.825707,-0.184766,-1.895430,1.399945,-1.843648,0.387406,1.001076,-0.216439,1.238966,2.433043,1.538792,-0.947082,-0.180507,-0.846758,0.124202,1.135307,-1.765679,0.657694,-0.255688,-0.018908,-1.703502,-0.436644,-1.830652,-0.602620,1.345067,-0.264098,1.138627,65.84,0,McDonald's,Food,
27756,0.581571,-0.202764,-0.167040,0.532565,-3.223081,2.711854,-0.822160,-0.568323,0.350435,-0.913590,-0.034725,-1.847806,1.316092,-0.572457,0.040899,0.637477,0.065687,0.556706,-0.014103,-1.136689,-0.163798,-0.313380,-0.949420,-1.272107,0.765958,0.651106,-0.602935,0.474101,10.67,0,Officeworks,Other,
27816,-1.543685,0.939335,-0.899564,0.633704,-0.795035,0.744594,2.315335,-1.015342,-0.819847,0.213845,-0.848099,0.383954,1.647969,1.654385,-0.165798,0.412983,1.257947,0.145504,0.165180,0.116744,1.120458,1.541782,1.562315,0.692148,1.841990,-0.061407,0.440768,-0.235798,322.76,0,Translink,Travel,
27923,-1.181753,-0.315231,-0.164785,-0.707323,0.363094,0.751551,-0.010298,-0.296694,0.416911,-1.027405,0.268361,-0.054941,-1.053246,0.003831,-2.020563,-1.168740,-0.056848,-0.411170,1.219921,-0.763535,-0.018541,1.199048,0.092612,-1.537628,0.641168,0.020437,-0.072698,-0.440835,13.31,0,KFC,Food,Membership fee
28264,-0.381486,2.579648,-1.358210,-1.791750,1.801862,-0.070673,-1.529291,0.228272,0.720818,-0.192968,-1.136701,1.485387,-0.226615,-0.886127,-0.785220,-0.514369,1.301860,-0.274269,0.293292,-0.305995,1.093836,-1.039416,0.888460,-0.472826,1.434435,0.270323,0.169335,-0.638736,41.58,0,Subway,Food,
28624,-0.253957,1.586546,-0.035919,1.026961,0.023713,0.297951,0.324506,2.043920,-0.134705,0.863641,-2.077150,-0.233257,-0.741489,0.448471,1.236484,-1.176423,-0.619010,-0.542535,2.741506,-0.495615,-2.821094,-0.481844,2.140082,0.292391,0.019843,0.437860,-1.118825,0.775931,21.60,0,Airbnb,Travel,
28818,0.491078,-0.839649,1.118749,-0.171140,-0.895950,1.076921,-0.835495,0.371801,-1.794432,1.820807,-1.634031,-1.165356,-1.717788,-0.308195,-3.505033,0.554069,-1.439136,0.466736,0.292933,-2.542705,1.179527,0.656656,-0.235346,-0.853124,1.207740,-0.445068,-0.819386,-0.428231,18.75,0,Guzman y Gomez,Food,
29235,-0.435676,-0.364671,0.914021,-0.021538,0.474997,-1.743344,-0.806592,0.212973,-0.152607,0.195817,-1.159980,0.026888,-2.712862,1.079015,0.548521,0.659427,0.239378,0.215920,-2.135261,-0.538434,0.009240,-1.462248,1.084088,1.385251,0.285608,0.071766,0.396563,1.301681,6.72,0,Big W,Other,Recurring subscription
30246,-0.814452,0.578923,0.057590,0.033932,1.455833,-2.005704,-0.957786,1.000806,0.159140,-2.129689,0.408125,0.524585,0.998898,-0.503928,-0.105634,0.533674,-1.554158,-1.293907,-0.620560,1.114419,-0.149889,1.719139,1.811384,2.951773,-0.559777,-0.476357,-0.684957,1.797671,10.70,0,KFC,Food,In-store payment
30510,0.551422,-0.161132,0.702880,0.719224,0.443005,0.556408,0.228325,-0.446126,1.141449,0.191988,0.832789,-0.477312,0.275986,0.716808,1.379030,-0.793237,-0.220119,-0.453462,1.914020,0.909717,0.180395,-1.375324,0.358248,0.460966,-0.374130,1.281186,-0.496335,0.228247,285.03,0,Steam,Entertainment,Card present
30579,-0.115025,0.472144,-0.255103,-0.883266,2.581713,-2.378472,-0.023267,-0.043987,0.279007,-1.326944,-0.312268,-2.134690,-0.665264,1.336057,0.526676,-0.745314,0.220891,-1.332231,0.899711,0.156071,-0.267774,0.986312,1.182497,1.226589,0.134962,-0.610556,0.387146,-1.022080,24.84,0,Hertz,Travel,
30644,0.387635,-0.769743,0.529292,-0.809289,-0.319465,0.497441,1.970032,-1.396510,0.512194,-0.899273,-0.149498,-0.655540,0.464710,-1.683592,0.551853,0.484785,1.093113,-0.075527,-1.421968,-0.639149,2.262843,-0.774391,-0.395726,0.661833,-0.501067,1.163453,-1.008968,-0.375031,19.51,0,IGA,Food,Online purchase
30842,-0.238269,0.008842,1.128497,0.846219,-1.265116,-0.640021,1.305419,1.488484,0.642587,0.111984,0.002065,0.440904,0.656449,0.773771,1.193063,-1.665752,1.483153,-0.664882,1.454424,-0.230691,-0.074724,-0.642606,0.219632,0.547175,0.074567,0.066980,1.166801,-0.050034,3.26,0,Coles,Food,Direct debit
31230,-0.925286,1.346568,0.558569,-0.018949,0.701589,1.528481,0.275735,0.083514,0.990836,0.585272,0.465250,-0.804474,-0.366030,-0.496812,-0.387425,-1.407747,-2.189992,-1.315487,1.422830,-0.514121,0.759208,-0.005259,0.598312,0.438209,1.346832,-1.165446,-0.728419,-0.592065,2.43,1,Premium Goods Online,Other,Manual review
31346,0.606160,-0.337849,-0.209649,-0.545651,-1.010146,-0.943824,1.187623,1.544192,1.379288,1.056947,-0.246038,0.570210,-0.771626,-0.269601,0.430323,-0.451551,0.536028,-0.571781,0.587280,0.344110,-1.304023,-0.414362,-0.833957,0.267878,-0.763639,0.779169,0.667206,-0.902070,24.75,0,Ray White Property,Rent,
31359,0.363507,1.241801,-1.781625,-1.118071,-0.403284,-1.058249,0.258860,-0.270762,0.577617,-0.650286,1.081583,-0.281353,0.215358,-0.576773,0.900091,-1.149170,-0.601634,-0.022615,0.902010,1.253112,-0.635968,0.864377,0.899365,0.285700,-0.638602,0.301594,0.090563,0.038353,109.88,0,Bunnings,Other,
31514,-0.187900,0.285996,-0.250104,0.414218,0.583827,-1.108868,-0.076803,0.878156,-0.389093,0.196885,-1.259503,-0.392059,1.331344,0.647180,1.566887,0.636322,-0.814088,1.036109,-0.217568,1.079884,-1.674661,-0.324927,0.660272,-1.190943,-0.504564,1.011135,1.448282,0.218751,25.58,0,Allianz,Insurance,Tap to pay
31703,1.398077,0.053853,0.463869,-0.623124,-0.910638,-0.266717,0.496357,0.731209,0.095320,-0.737389,1.820505,0.123736,-0.961962,-1.426150,0.222367,-0.183977,-0.003966,1.005687,-0.151980,-0.648126,0.143235,0.108669,-1.074989,1.166139,2.978946,0.017523,-1.197959,-0.806925,7.16,0,BP Service Station,Travel,Auto-renewal
32518,0.270045,-1.526202,-1.362288,-0.438070,-1.553263,1.154753,0.658803,1.107063,0.763002,0.142870,0.152891,0.428403,-0.786372,0.140515,0.037161,-0.462406,1.858866,-2.193528,-1.828259,-0.169582,-0.350577,-0.253778,-0.233352,0.271393,0.349351,-1.533902,-0.588335,1.107949,12.94,0,Subway,Food,
32525,0.068808,1.160691,0.806936,0.974936,-0.258038,-0.699194,-0.703042,-1.031302,0.139965,0.752235,0.171240,-0.597576,1.056397,1.775783,0.790874,0.379333,0.395723,-0.084097,-0.322781,-0.925198,2.403665,0.647227,-0.004502,-1.020176,1.183824,-0.460932,-0.591279,-0.266023,84.72,0,eBay AU,Other,Direct debit
33190,1.282734,1.509359,1.832502,-1.172034,1.405210,1.520532,-0.198175,0.924995,-1.280935,1.005184,-0.005506,-0.210205,0.911673,0.264055,-0.706390,0.563954,-0.007499,0.600215,0.174294,-1.338240,0.023004,-0.103513,0.490889,-0.764381,-2.326981,0.899976,-1.414717,0.249995,20.16,0,LJ Hooker Rentals,Rent,
33737,-1.070334,2.244177,-1.263251,-1.266719,-0.991309,1.139072,-0.204743,-0.301409,1.958421,-0.564338,-0.025220,0.190071,0.357317,-1.281155,-0.041741,0.210002,0.261825,-0.911534,-0.682145,-0.222161,-0.209694,0.062661,1.224051,0.778897,-0.452421,0.846773,-1.514849,-0.572916,20.89,0,Raiz,Investment,
33931,-0.776499,-2.091973,0.322818,0.540196,-0.690009,-1.061901,-0.792741,0.544544,-0.989426,-0.187679,0.850891,-2.108991,1.139806,1.624501,0.250222,0.090083,-0.854933,0.673757,1.133426,-0.621148,1.424564,0.931222,-0.896638,-1.877544,0.962701,-1.158465,-0.941413,-0.010739,138.16,0,McDonald's,Food,Tap to pay
34153,1.177076,-0.487767,-1.534005,-0.368258,-0.513012,0.141247,-1.099059,-1.356635,-0.614018,1.264641,0.087179,1.335954,0.468623,0.719348,-0.783866,1.393807,0.404930,1.698314,0.818644,1.480874,-1.673581,-0.357764,-0.036205,0.547250,1.652787,0.740545,-0.114087,-0.336090,4.17,0,AGL Energy,Utilities,Direct debit
34308,-1.521569,-1.397810,0.274890,1.320772,-0.386963,1.271130,-0.184938,-0.643914,1.334539,0.025515,0.341151,1.100996,-1.404191,0.438549,0.506110,1.198162,-0.394592,0.838888,0.926950,0.048583,-0.433135,-1.769405,2.463019,-0.420725,-0.349121,-0.119857,0.011337,-0.016427,41.09,0,Netflix,Entertainment,
34378,-1.466066,0.014304,0.736456,0.271937,-0.074919,-0.022229,0.292662,-1.063240,2.063949,0.980428,0.432369,-1.344652,0.485857,0.985557,-1.190559,0.192035,-1.192002,0.863180,-1.180238,-0.824916,1.850796,1.925366,-0.895264,-1.261187,0.542016,-0.614963,-1.315072,-0.991605,35.12,0,Hungry Jack's,Food,Tap to pay
34476,-0.515808,-0.685918,2.148594,-1.392017,0.871672,-1.562927,-1.405873,1.267981,0.022361,0.270559,-0.389216,1.733458,-0.119740,-1.720683,-0.179533,-0.268391,0.214298,0.483987,-1.224460,0.538385,-0.794362,-0.428734,-0.277936,1.191575,-1.190039,-0.266174,1.040849,-0.869953,186.65,0,Guzman y Gomez,Food,
34734,0.987754,1.104632,-0.048642,1.786580,-0.405162,-2.187576,2.287928,0.974291,-0.757970,-0.891208,-0.415561,2.012149,0.482554,0.656763,1.123656,-0.607695,1.281008,0.343550,-2.166835,-1.706182,-1.217540,-0.726256,0.020120,0.215061,0.098395,0.047493,0.211446,1.367735,23.83,0,Chemist Warehouse,Other,Auto-renewal
35100,-1.379693,0.858253,-0.731609,0.237421,1.033308,0.328383,-2.397024,1.111336,-0.370040,-0.984886,-1.706799,1.717240,-1.021708,0.377903,0.634602,1.241597,-1.800257,0.306677,-0.404990,0.679538,1.439810,2.270760,-0.910025,1.021731,-1.692492,-0.619037,-1.351851,-2.664795,144.01,0,Apple TV+,Entertainment,In-store payment
35102,-0.088986,1.427144,-1.186171,-0.456164,-0.252994,-0.179413,-1.731351,0.279805,-0.427274,-0.555297,1.723475,-1.061681,-2.336060,2.685679,0.026692,0.684575,1.554245,-1.711962,-1.169315,-0.368604,1.039877,0.092537,1.746399,-0.138060,-1.399519,1.628636,0.448727,-0.647157,66.25,0,Amazon AU,Other,Direct debit
35443,0.211078,-1.485400,0.731548,-0.097544,0.045436,-1.767456,-0.059613,-0.329469,-2.273796,-0.173597,-0.254812,-0.885333,-1.949366,0.437048,0.898289,-0.505232,-0.759741,-1.058382,0.106523,1.128297,0.732993,-1.562058,1.201724,-1.063655,0.369320,0.597511,-1.828528,1.231585,5.42,0,Starbucks,Food,
35532,1.046871,0.206392,0.321221,0.363601,0.081918,0.376256,0.746371,-1.004807,-1.019857,1.233850,0.915671,0.294697,-0.635852,1.219974,1.086856,0.643489,1.562659,-0.014495,0.773742,-0.347006,0.554331,-0.394378,-0.241183,-0.497567,-1.307928,-1.165513,-0.183496,0.489557,49.50,0,Big W,Other,Membership fee
35625,0.760324,-0.108945,-0.071892,0.055666,-0.794392,0.710019,-0.988948,1.538273,0.574589,0.352104,0.753109,-1.058004,0.593522,1.467321,-0.305679,0.002076,1.575296,0.282391,1.242891,-1.024548,-0.666163,-0.708876,-0.593188,-0.526594,-1.849476,0.380703,1.513859,-0.166316,8.52,0,Hungry Jack's,Food,
35900,0.483261,1.942800,1.756610,-0.681569,0.253305,-1.190065,0.951963,-1.298561,1.484225,0.752025,0.525234,0.452743,0.436241,3.180172,-1.084432,-0.065732,-0.642641,-0.310746,-0.595670,-1.020436,-1.036290,-0.083360,-2.451481,1.586855,0.167742,0.984613,-0.072962,-0.377568,9.24,0,Apple TV+,Entertainment,
36031,0.364844,1.518842,-0.227441,-0.750376,1.193700,-0.267890,-0.093529,-0.089135,-2.154820,0.913470,-0.609884,-0.037753,-1.802801,0.421205,0.936317,-0.091081,-0.034684,0.561039,-0.217193,0.169956,0.150042,0.222199,-1.755391,-1.588433,-0.122755,1.305697,1.359579,-1.249572,14.36,0,Steam,Entertainment,
36070,2.804684,-0.255113,-2.576498,-0.654615,-0.972496,-1.262897,0.684188,-0.075254,0.693158,-2.346584,-0.959991,-0.806431,-0.979839,-0.114439,-2.289100,1.539062,1.707154,0.526257,-0.326897,-0.353351,-0.533850,-0.617734,-0.404958,-0.216769,-1.537930,1.067595,0.010251,-0.053870,30.35,0,Tech Solutions Pty Ltd,Salary,
36233,-0.270283,-0.663661,2.484201,-1.273099,0.069940,-1.948051,0.174886,0.662051,-0.943208,-0.825892,-0.251229,-0.289995,1.055562,0.383392,0.435564,-0.688445,-0.207381,-0.624324,-0.481401,-0.489380,-1.649102,-0.455488,-0.493682,0.800709,-0.270393,0.363033,-1.633081,1.365386,56.05,0,KFC,Food,Recurring subscription
36542,-0.164309,-3.132737,0.257903,1.048074,0.939829,-0.260848,1.214685,0.009980,0.700763,1.328016,0.136936,0.620957,0.205053,-1.135346,-0.470622,0.871254,0.794177,-0.688586,2.024105,-0.424255,0.043923,-0.393349,-0.916270,-1.020092,-0.488728,-0.367597,-0.812200,-0.521359,23.99,0,Virgin Australia,Travel,
36689,2.034300,0.596780,-0.043874,1.213036,-0.364581,1.021945,0.194243,-0.796149,0.225831,1.458118,2.143317,0.528954,0.069724,-1.724852,-0.188804,-0.602614,-0.282949,0.012696,-0.920045,0.553307,-0.620156,-0.438318,-0.484439,-0.168058,-0.948384,1.339265,-0.860929,-0.849046,61.71,0,Event Cinemas,Entertainment,
36748,0.883326,-0.737314,-0.705448,0.381325,1.239007,0.675275,-0.389628,0.679942,-0.240562,-0.434465,0.896918,-0.391915,-0.547766,1.996247,-0.188669,-0.982216,1.754565,0.649562,-0.189886,-0.433885,-0.989171,0.087083,1.578801,-0.341208,2.354438,0.137948,1.316638,-1.263250,4.24,0,eBay AU,Other,
36913,0.000552,2.283576,0.252434,0.553042,-0.673572,-0.622331,0.059763,-1.788752,0.861095,-0.840597,0.036628,-1.300013,-1.439440,-1.308861,1.158460,3.166701,0.421096,0.910218,-0.427336,-0.407125,-0.853195,1.467332,-0.392988,1.464874,0.566870,0.848658,-0.854264,-0.084636,38.78,0,Ticketmaster,Entertainment,Recurring subscription
37082,-1.440094,-0.228562,0.379112,2.827240,-0.923655,-0.199610,-0.339868,0.366775,-0.395323,0.413239,1.765606,2.841074,0.051976,-0.186092,0.066635,-2.225606,-1.002338,-0.255874,-0.345086,0.162481,-1.011784,-0.304826,-0.680818,0.118589,-1.588295,0.236888,0.435591,0.780679,90.42,0,Uber,Travel,
37343,-0.142394,0.874024,1.121076,-0.231354,-0.997211,-0.875828,-0.025893,1.397450,-0.337360,-1.077038,0.869042,1.607196,2.378730,0.447116,-0.862019,-1.729848,-0.414554,0.043624,0.577365,-0.539468,-0.472259,0.130648,-0.642136,-1.370376,2.083979,-0.998053,0.978863,0.393526,103.64,0,KFC,Food,Tap to pay
37449,0.091453,0.185975,1.501357,0.211465,-1.681433,-1.013784,-1.069294,-0.897422,-0.484532,-0.887139,3.261994,-0.553332,-0.408824,1.099093,-1.147674,0.072010,1.513771,-0.725446,1.573536,0.144395,-1.112658,1.163770,0.955504,0.684086,-1.208279,0.677982,0.854372,-0.132599,53.44,0,Netflix,Entertainment,In-store payment
37462,1.205513,-1.818403,1.019409,-1.493558,0.719623,0.529359,1.533970,-1.067854,0.543712,0.774203,-1.675089,-1.318208,-0.890496,-0.910764,0.067238,0.627376,-0.077381,0.523975,0.528132,-1.023046,0.539781,-0.330145,-0.564382,0.052074,-0.099212,-1.721769,0.612694,0.137395,8.48,0,Aldi,Food,Online purchase
37464,0.238943,2.360086,0.026728,0.339288,-1.677059,0.904647,-0.706418,-0.121025,1.076073,0.571103,0.875914,1.431775,-0.139260,0.820682,0.073916,0.976462,-1.384354,-1.703028,0.011208,-0.181068,0.663638,-1.792905,0.087101,-0.517406,1.460615,0.081577,-0.272731,-0.340801,27.80,0,Tech Solutions Pty Ltd,Salary,Auto-renewal
37621,2.949078,1.292313,0.521426,1.211885,1.047401,-1.576366,0.694557,-0.439731,2.016071,0.526978,-1.007780,-0.513309,1.436717,-1.219531,0.672798,0.184579,0.495586,-1.335822,-1.611700,1.140804,0.005978,-0.631758,0.011757,0.061334,1.635770,-0.118514,0.864974,-0.691132,13.42,0,Shell,Travel,
37793,0.070492,0.475992,-0.520624,2.129515,0.397309,1.030455,-0.785043,-1.240202,-0.473944,0.280931,-0.036408,0.154334,-0.323647,-1.157399,0.626549,0.529393,1.560514,-0.529150,0.790464,0.245470,-1.605927,-0.667677,-0.885498,-0.058859,0.032714,-1.759815,-0.738557,0.127308,73.16,0,Grill'd,Food,
37986,0.493179,-1.426997,-0.305010,0.418090,0.321187,0.660080,-2.252823,0.770184,0.058842,0.389271,1.900595,0.989706,-0.406824,1.966351,-0.118440,0.298763,-0.284594,-1.452927,0.242499,-0.442658,2.147803,1.970170,0.430492,-1.074875,-0.682999,1.363784,0.581198,1.411152,8.62,0,Kmart,Other,
38176,0.899122,-0.087185,2.236922,1.466139,0.772251,0.886066,-1.098144,0.360001,0.111429,-0.493474,-0.756361,-0.528293,-1.903385,1.892161,0.041303,0.231044,-1.153872,1.064280,0.020601,-0.452680,0.299880,1.338323,-1.168566,1.095412,0.032162,0.053954,0.056769,0.886263,2.94,0,KFC,Food,
38457,0.873773,1.735932,-0.414201,-0.165561,-0.439201,1.363185,0.927807,-0.742345,-0.493807,-1.643992,0.146472,-2.570967,-1.992759,-1.288358,0.124606,-1.014629,1.731292,-1.731064,-0.537958,0.754538,1.157525,0.873262,-0.789460,-1.518264,-0.248214,0.270085,-2.300202,1.012251,41.59,0,Grill'd,Food,Direct debit
38509,0.800679,0.069347,-0.378197,0.090169,0.951343,0.686517,-1.347717,-1.498025,0.136962,0.520260,0.120252,2.193631,3.219601,-1.239956,-3.924461,2.013467,0.090695,-0.800358,0.228481,-0.850783,-0.598584,-1.715702,0.299558,0.813068,-0.577339,-0.372822,-0.732291,-2.955160,19.86,0,Aldi,Food,Membership fee
38669,-0.610217,1.288945,0.823236,-0.406075,-0.182348,-0.783120,0.494300,0.289357,-0.614445,0.373103,0.823375,2.145439,-0.629608,-2.044918,1.027231,1.951979,0.247500,1.147644,0.684351,-0.021792,-1.669366,0.204390,-0.491027,1.414973,0.720138,0.265365,0.497441,1.228898,11.23,0,Aldi,Food,
39094,1.182612,-0.514157,1.147861,0.757280,1.325895,-1.449309,0.207628,-1.038643,-0.546601,-1.958501,0.301247,0.712790,0.233212,-1.137665,-1.119521,-0.265629,0.280174,1.195933,-0.380940,0.684849,1.104833,0.553573,-1.750124,-0.036997,0.252867,0.149343,-1.852735,-0.115207,34.33,0,Ticketmaster,Entertainment,
39186,1.136832,-0.971650,1.654608,0.853296,0.742991,-0.330298,0.263358,-0.449375,0.634793,0.943985,-0.404873,0.365753,-1.253151,0.430286,0.526034,-0.163329,-0.753708,0.834979,1.489143,-1.048882,0.236893,1.676400,0.382059,-1.306328,-0.590235,-1.040662,1.068971,2.183847,4.78,0,McDonald's,Food,
39271,-0.182816,-0.097706,0.256188,-0.986391,-0.515217,1.516113,-1.407221,0.740557,-0.331041,-0.232436,-2.130186,0.285937,0.512364,0.183960,0.182504,1.388641,-0.789778,-1.910176,0.921074,0.017641,-0.807533,-1.243071,0.149286,-1.520346,0.549600,-0.174017,1.059268,0.512445,36.77,0,Guzman y Gomez,Food,POS terminal
39378,0.315557,-1.545485,1.949843,-1.355311,0.099637,1.032705,0.934747,-0.033428,-0.883005,0.255193,0.057883,-0.395613,1.440344,-1.295901,1.214714,-0.944082,0.204612,-0.744269,1.584545,-2.455776,0.101555,0.081681,-0.670265,1.092639,-0.360340,0.408979,-0.392205,-0.933421,15.72,0,Domino's Pizza,Food,Recurring subscription
39543,0.005122,0.439321,0.412985,-0.955341,-1.498366,-0.315577,-0.612264,-1.173863,0.775497,1.032684,-1.630969,2.168707,-0.070519,0.844407,-0.347826,-1.657853,-1.091356,1.064468,0.575767,0.706514,-0.254272,-0.870453,-0.985538,-0.333446,1.349596,-0.362251,-0.473529,1.316818,73.19,0,Amazon AU,Other,
40013,1.054568,-0.729199,-0.559936,0.078436,0.553115,-1.557999,0.319164,0.187888,-0.607969,-1.303886,1.571750,0.999086,0.940066,-0.016695,-1.919497,0.851779,0.152142,1.280226,-0.324343,0.916570,-0.584349,0.474187,-0.930212,-1.468786,0.968318,-0.333392,1.003041,-0.864014,35.87,0,Kmart,Other,
40230,0.003850,-0.546429,0.085871,0.006777,0.023107,1.778626,0.076475,0.115541,-0.570428,-0.421851,0.321207,1.451716,0.372910,1.115528,0.611890,1.606641,-2.023784,0.186540,0.289597,1.397041,-0.799848,-0.665509,-0.571885,-0.317643,-0.654608,0.974983,-0.714917,0.974155,37.48,0,Big W,Other,
40457,1.231056,2.207044,-1.972618,-0.406350,-0.674902,0.105802,-0.420219,-1.958845,0.159744,2.085755,-1.500797,-1.043803,-1.918246,0.927603,-0.119106,0.232392,0.795742,0.042097,1.386678,-1.563269,-0.417262,-0.328108,0.572404,-0.301725,0.216123,0.426497,-1.222257,-0.850778,59.91,0,GlobalSoft Ltd,Salary,
40513,-0.082194,0.881792,-1.261405,-0.382151,1.566251,-0.372724,-1.438795,-0.042686,1.120648,-0.772711,-0.686117,-0.332681,1.322108,2.706349,0.623317,2.473469,1.415020,1.382768,-1.221224,1.103641,-0.416143,0.832181,0.416653,0.393193,-0.630926,-1.003858,0.893671,0.170979,15.62,0,BP Service Station,Travel,
40754,-0.378573,-1.310819,-0.525204,2.122296,-3.616048,0.713811,-1.133080,1.321802,-0.507909,0.764187,-0.803516,-0.858807,1.375445,0.711562,0.831944,0.639835,1.445910,-1.735388,1.907529,1.908195,-0.795831,0.605978,0.662978,0.993483,-0.076146,0.004002,-0.735288,-0.310107,54.68,0,Sydney Trains,Travel,Membership fee
40835,-1.033582,1.519767,0.164212,0.573284,-0.303177,-1.317134,-0.044152,0.624166,-0.391788,1.165268,-0.640867,0.238865,-0.763755,0.200017,0.321074,-1.276079,0.344757,0.924487,-0.591931,2.674874,-1.742684,1.197388,0.024510,-0.132595,-1.115246,-0.090770,-0.793075,0.787657,9.53,0,Grill'd,Food,
41084,1.734689,0.615624,-1.111285,-0.016968,-0.238269,-0.619984,1.511422,2.146849,0.250817,-1.075489,0.469161,-0.409526,0.939436,-0.631336,1.573381,-1.170504,-0.873516,0.127933,0.746232,-2.009457,0.112021,1.149695,1.811835,-0.017765,-0.162331,1.373350,0.187575,-1.842795,111.55,0,Big W,Other,
41777,1.004765,-0.890715,0.837687,-0.072252,-0.363196,0.012552,0.424762,0.594757,-1.800638,1.425110,1.106447,-0.088194,-0.522266,0.153044,-0.019889,-0.132913,1.372035,-0.054022,1.434082,0.158017,0.654689,2.014334,0.099535,1.542047,-1.051566,0.078794,-1.051397,-1.253584,86.55,0,Netflix,Entertainment,
41786,-0.652088,0.894493,-1.913010,0.829362,-0.630020,0.392449,0.323275,0.622565,-0.474890,-1.128632,-0.030864,-0.169101,-1.230246,1.230473,-0.122713,0.753855,-0.818210,-1.677149,0.853588,0.895190,-0.108384,1.325580,-0.242016,-1.445448,0.412393,-0.284942,-1.905796,-0.218922,27.49,0,Coles,Food,Online purchase
41989,0.546806,-1.231171,-0.419587,0.779496,0.454710,-0.434353,0.886238,0.098164,-1.045414,-0.403674,-0.153713,-0.177581,0.956307,0.179050,0.317813,1.421731,1.633801,-0.998158,-0.735720,-0.837204,-0.036733,1.489233,-0.631928,0.436890,0.542980,-2.087223,-0.227411,-0.350291,4.52,0,KFC,Food,
42067,-0.817813,-0.216825,-1.055658,-0.474443,-0.519982,0.298635,0.485395,-0.431650,-0.012791,-0.114358,0.356207,0.235594,-0.257579,0.386065,-0.405718,-0.473008,-0.079141,-0.636860,0.549172,-1.581746,0.312707,-1.026227,-2.817207,-1.129732,1.143325,-0.403572,1.303142,0.156648,3.93,0,Origin Energy,Utilities,Card present
42112,-0.783830,-0.859275,1.747433,-0.696184,1.721641,-0.385764,1.723506,-1.953666,0.661426,-1.090501,1.064623,0.099701,-0.422903,-0.410314,1.391595,-0.306728,-0.287023,-1.797812,-1.369684,-0.274038,-0.124481,0.477557,-0.339449,0.893601,1.655774,-1.363795,0.221499,-0.092521,18.41,0,Sydney Trains,Travel,Membership fee
42264,0.049096,0.780957,-2.912288,0.423050,-0.160289,0.465058,-0.171713,-0.854524,-1.888566,0.703816,1.672447,0.144575,-1.462524,0.822137,0.877599,1.943408,0.589908,1.199014,1.345718,-0.061169,-1.424305,0.766726,-0.304306,0.883010,-0.246395,-0.259802,0.660700,-0.670768,70.08,0,Origin Energy,Utilities,POS terminal
42603,-0.750846,0.369371,0.038199,-2.548945,0.653664,2.696755,2.051376,0.974311,0.634277,1.802659,0.678079,-0.556135,1.269396,-0.540437,0.170128,0.481622,1.505081,0.332947,1.531052,-0.149868,0.723400,0.028550,1.114173,0.025298,0.035151,-0.336445,-0.599435,-1.114167,16.36,0,Aldi,Food,Tap to pay
42681,0.062023,0.073520,-1.031761,0.061772,-0.143699,2.366175,0.193631,-0.515069,-0.215734,-0.133772,0.414957,1.588862,1.087214,-0.189560,1.236960,-0.624383,-1.237332,-0.621480,-0.125457,-0.345086,-1.096596,-0.043356,0.335862,0.989336,0.120068,1.864050,1.851765,-1.022746,17.97,0,Booking.com,Travel,
43043,-0.202610,0.501228,0.054727,0.425968,-0.876513,-0.216498,-0.815786,-1.926136,1.936467,2.138680,0.792923,0.775620,-0.778965,-0.592904,0.316613,0.416562,0.324118,0.950183,1.228412,-0.712601,-0.405839,-1.016650,-0.315565,0.128741,-0.567297,0.987730,0.384417,2.018424,65.81,0,Domino's Pizza,Food,
43093,-0.600845,-0.020115,-0.345091,-0.024373,-1.302874,-0.919091,-0.503191,0.871397,0.690143,-1.458167,-1.004685,-0.681584,-0.498156,-0.228869,-1.297235,0.974921,2.138285,-3.351491,0.472086,1.140998,-0.668032,-0.797232,0.180781,-1.596119,0.335343,-0.292182,-0.583839,0.861552,8.89,0,Northwind Industries,Salary,
43094,0.737929,0.563532,-3.291562,-0.195047,0.787427,-0.248658,-0.002226,-1.242029,-0.442540,0.276624,-0.015402,-1.016820,0.042041,-0.724567,0.058054,0.906416,-1.089849,-0.071997,0.445374,-0.594408,0.826578,-0.687409,-0.464220,0.458738,0.634796,0.014170,1.044588,0.267734,21.19,0,Subway,Food,Recurring subscription
43224,-0.928627,0.405364,-0.754780,1.452198,-0.191229,-0.945849,-1.018146,-1.245263,0.210126,-1.026871,-0.257813,-0.436574,0.297547,-1.773246,0.445306,1.823103,0.649369,1.474286,-0.308904,-0.385526,1.272625,0.021708,0.195419,-0.633813,0.454699,-0.051019,1.608464,0.015963,9.28,0,Sydney Water,Utilities,POS terminal
43356,-0.286758,-0.038497,-0.571817,-0.248875,0.487219,0.710647,-1.387531,0.304831,0.914971,2.531048,0.247311,1.039423,-2.086369,-1.019117,0.321004,-0.313170,-0.985856,0.182092,0.229001,-0.562413,0.211504,-0.559015,1.554922,-0.679853,-0.421885,-0.055564,-0.372890,-1.198600,26.31,0,Virgin Australia,Travel,
43628,0.508031,0.030294,-0.516808,0.655391,-0.348722,1.048101,-1.176387,2.204371,-1.191120,-1.337510,0.495635,-0.471525,-0.493718,0.758389,-1.051009,0.799814,2.789381,0.759370,-0.542697,0.317931,0.764002,-0.562571,-0.836712,1.198991,-0.371345,-0.741189,2.462708,1.495511,23.32,0,Kmart,Other,
43762,0.213909,0.578899,-0.435952,-0.734733,-1.094073,0.704356,-0.213348,-0.514895,-2.171801,0.064270,-1.124150,-0.348069,0.029626,1.292323,-0.431734,0.524857,-0.618766,-0.626022,0.619847,-0.624995,-0.007898,0.325060,1.400934,-1.144232,2.979946,0.085603,-0.795406,0.827458,104.27,0,Kmart,Other,Online purchase
43812,0.120107,-0.474641,0.284593,-0.563838,-1.682365,0.239581,0.135004,0.467875,-1.011354,0.664944,-0.654479,-0.783618,-0.732196,-1.035847,0.868049,0.303399,-0.762306,-0.728200,-0.103194,-0.223228,-1.626424,0.813798,0.502252,1.165726,0.530571,1.233764,0.325391,0.916106,54.01,0,Uber,Travel,Card present
43856,0.738527,0.693466,0.759260,0.817609,-0.977139,-0.787735,0.587692,0.927763,-0.524098,0.185300,-0.337114,0.291882,-0.148771,-1.618471,0.963742,1.203386,-0.001153,-0.078082,-2.022758,0.143903,0.026602,-0.457090,-0.002246,0.037179,-0.602431,1.069863,1.363477,-1.468446,9.98,0,Tech Solutions Pty Ltd,Salary,POS terminal
43879,0.030745,-1.156273,1.941620,-0.471501,1.314280,-0.313646,0.403171,1.143718,1.011568,-1.590564,-0.703983,-0.761449,-0.406205,2.054852,-0.791265,0.605467,-2.425234,-1.199440,-1.485265,-1.749516,0.923560,-0.556019,-0.169570,-1.011087,-0.794747,-1.312120,0.339597,0.910320,274.15,0,7-Eleven Fuel,Travel,Card present
43946,1.653415,1.114342,-1.266215,-0.188475,0.017025,0.417112,-1.474103,0.431893,-1.011837,-0.763263,0.165318,0.342807,-1.001233,-1.145290,-1.125820,-1.013751,-0.719928,0.020284,-0.379436,0.285498,-0.526124,-0.980036,-1.063737,0.247632,0.591874,1.016277,0.046157,0.423438,20.65,0,McDonald's,Food,POS terminal
44215,0.190569,0.133581,0.754971,-0.113597,-0.791120,-2.049877,0.090339,-0.704763,0.796604,-1.003814,-1.429286,1.331416,-1.690652,-0.811634,0.494121,-0.447265,1.018209,-1.246347,-1.217566,-1.796405,-0.299821,0.282403,2.018631,-0.770055,-0.568738,0.887217,0.585132,0.565490,22.99,0,SelfWealth,Investment,Online purchase
44252,1.119443,-0.747445,1.407609,-1.456473,-1.982947,-0.033396,0.178842,-1.138688,-0.023587,0.268629,-0.632809,-0.969806,-1.230692,-0.313810,0.333157,-1.691454,1.258608,1.126804,0.464908,-0.075612,1.045577,0.066680,0.688830,0.269180,0.357421,2.863007,-0.178269,-0.013390,53.56,0,Domino's Pizza,Food,
44316,1.229638,-0.415515,2.099604,-0.793975,-0.505722,-0.108833,-0.100831,2.061230,-2.443482,0.390350,1.178320,0.227550,-0.097845,1.437481,0.032724,1.163077,-0.881412,-1.528268,0.947138,-2.287513,1.285342,-1.299703,-2.088263,0.821313,0.409010,-0.321798,-1.435703,-0.134747,66.23,0,NRMA Insurance,Insurance,
44410,0.107275,-0.267402,-1.037347,-2.951529,0.157620,-0.010439,0.148578,-0.048022,-0.470219,0.151216,0.339586,0.430510,-0.864012,0.197840,-0.464934,-0.413829,-0.696459,0.166106,-1.017767,1.847410,0.255249,1.078115,0.196966,0.572420,0.717887,-0.643005,-0.475678,-1.012501,21.06,0,Airbnb,Travel,POS terminal
44443,-1.443056,-1.269450,-0.011025,-1.121309,1.935828,0.060621,1.288907,-1.285555,-0.956556,-1.078499,0.836173,0.268225,-0.156422,-0.370697,2.840511,0.951274,0.276025,-0.003229,-0.020097,-0.942957,1.545224,-0.443588,1.581342,0.130234,-0.050982,-1.378921,-0.042262,0.308605,41.47,0,CommSec,Investment,
44511,0.531020,1.976335,-0.614705,0.286248,-1.754444,-0.812488,0.868364,-0.067298,0.852877,-0.224972,0.297198,0.709520,0.527577,0.165071,-0.255709,-0.270313,-0.686309,0.077534,-0.316521,-0.932005,0.851923,-0.939544,-1.618670,-0.312725,-0.501169,0.171625,0.568060,0.248353,39.64,0,Subway,Food,
44541,-0.190282,1.106707,-0.737741,-1.644888,1.236244,0.203552,-0.400035,-0.135579,1.996733,-1.910530,0.040626,-1.965055,0.872914,0.433975,-1.480095,-0.156627,0.279949,0.674994,-0.710880,-2.126632,1.054041,0.608344,1.471673,0.308390,0.930103,-1.419607,1.628244,1.767594,20.92,0,BP Service Station,Travel,
44598,-1.245826,0.230642,1.984074,1.650573,-0.520772,0.786083,-0.544727,-0.161415,0.270234,1.128931,0.916522,-0.495582,0.891309,0.354990,0.637467,-0.793417,0.152680,-2.122071,0.589756,-0.129580,-0.850644,1.156178,-0.070501,-1.007642,-1.475964,0.591890,0.400523,1.393945,68.87,0,Woolworths,Food,
44771,-0.690658,0.627003,0.947823,0.644657,0.213053,0.610973,-1.380469,-0.522909,0.358691,-0.962672,0.104828,-0.424506,-1.502753,-1.076098,0.670377,0.266703,-0.077539,-1.010981,0.458312,0.402722,-0.435066,0.614604,0.242547,1.947429,-0.593658,0.223266,0.644809,-0.532454,2.64,0,Netflix,Entertainment,Tap to pay
44875,-2.017212,1.278320,-1.906363,-3.166667,-1.180960,-1.214904,1.819210,2.371350,-1.005810,-6.470822,0.340545,-4.606888,2.391264,7.863611,1.787475,0.787697,5.885210,1.009741,-2.172249,-0.757084,-1.316637,-1.720113,0.271018,1.343297,-1.971444,-0.964225,2.466958,-1.048749,4.72,1,Wire Transfer Co,Other,High-risk merchant
44985,-0.540393,-0.127128,-0.654685,0.415654,-0.449569,0.516309,1.719542,1.439565,-0.309391,0.905713,-0.960367,0.038191,-0.553592,-0.393178,2.229216,-0.267200,-0.264361,-0.189769,0.813889,-0.164128,-0.923396,0.450322,-0.915112,1.580205,-0.477540,0.568723,0.686572,-1.194156,24.73,0,Apple TV+,Entertainment,
45340,0.624952,1.291840,1.264167,-0.797755,0.022125,-0.010459,0.831611,-0.137607,1.508809,-1.622341,0.192420,0.190193,0.583820,-0.267930,0.369589,-1.942031,-0.489341,2.073187,1.601420,0.101187,-0.780984,0.574471,-2.449687,-1.504442,-0.430244,-0.756980,-0.239223,-0.422814,31.14,0,Woolworths,Food,In-store payment
45384,0.532280,-1.301943,0.880430,-2.316127,0.468570,1.118413,-0.047270,-1.221364,-0.153001,0.485843,-0.501029,-0.773556,-0.593261,-0.048625,0.095768,-0.749090,-0.832591,0.726948,-0.092081,-1.396766,-0.191619,1.436572,-0.213230,1.590456,0.460268,0.560276,-0.042107,0.622819,4.38,0,Hungry Jack's,Food,Recurring subscription
45713,0.841804,0.520336,-0.450685,0.205625,-0.300326,1.733326,-0.834398,-1.455825,-1.839379,0.272328,0.365196,-0.933629,-1.895471,1.115056,1.227323,0.677949,0.950293,-0.703581,-1.289312,-0.307414,1.357192,-0.056172,-0.480451,0.321439,1.141288,0.933315,1.789312,-0.262934,14.45,0,Amazon AU,Other,
46050,-0.218957,1.198549,-1.279422,-1.559323,1.682723,-0.100141,0.238661,-0.413966,-0.418428,-0.510920,0.232927,-0.351691,1.021239,-0.425232,0.322189,-1.298477,-1.524960,-0.853110,-0.036800,-1.421039,1.805950,0.826038,-1.985517,1.114565,1.048223,-1.518320,-1.092276,-0.450761,23.50,0,Northwind Industries,Salary,
46267,-1.465282,-2.295615,-0.894500,1.061953,-0.650921,1.322251,-0.619985,0.978513,1.676620,1.502616,-0.513951,0.034214,0.677910,0.105624,-2.537248,1.100010,-0.998475,-0.099371,-0.714805,0.039314,-1.019118,-1.471700,-0.674059,0.664728,-1.022873,-0.582210,1.478262,-0.511832,3.61,0,Shell,Travel,
46549,0.363409,-2.351793,-1.408858,-0.520481,-0.013976,0.086959,0.746826,0.702175,-1.070024,-1.690097,0.730805,-1.064256,-0.472855,-0.312664,0.079892,0.570561,1.056076,-0.069063,-0.227145,-0.055359,0.964333,0.852539,0.447189,-0.945711,-0.414380,0.894117,-1.959542,0.779541,141.21,0,Uber,Travel,Card present
46989,0.129209,1.613681,-0.728741,0.117521,-0.275611,-0.185920,-0.767343,-1.566069,0.419803,-1.406542,0.082198,0.064172,1.553486,0.138131,-0.593540,-1.037616,-0.707708,-1.418400,-0.321944,-2.064437,1.315345,1.394491,-1.281261,0.431224,-0.620012,-0.962782,0.833156,0.449169,100.10,0,Optus,Utilities,Direct debit
47104,-0.372567,-0.468617,1.039826,-0.474282,0.032054,-0.756204,1.451177,1.307204,-0.197563,-0.222486,0.276697,1.188772,0.823426,-0.007899,0.194855,0.707216,1.306455,-1.335933,0.282536,-1.515290,-1.017358,0.314255,2.012982,-0.122940,0.156265,0.204072,0.503520,0.133968,2.76,0,Booking.com,Travel,
47166,0.679233,0.307971,-0.964941,1.181608,-0.944992,-2.308309,0.454215,1.687772,0.630079,2.386723,-0.604609,0.354650,-0.322639,0.918333,-0.892368,0.946203,0.791692,0.124973,0.090407,-0.315902,0.864504,-0.334970,0.114301,-0.093299,-0.355240,0.038035,0.144939,-0.536143,11.04,0,Hoyts,Entertainment,Auto-renewal
47256,-0.652970,0.470869,1.651803,-0.725323,-0.099822,-0.879527,2.528028,-0.701554,-0.937157,-0.280995,1.116516,0.629932,-1.156815,0.193528,-0.408000,-0.766926,-2.238454,0.140433,-0.394777,-0.169084,-0.095972,1.197454,-1.238900,0.794060,-1.361273,-0.391847,0.426300,0.353678,59.43,0,Hungry Jack's,Food,Direct debit
47280,-1.114549,-1.509708,-0.875716,0.183058,-0.949192,-0.066287,-0.883814,2.370347,-1.593447,0.098901,-0.496152,-1.103746,1.504427,0.880068,-0.035629,0.250239,1.099155,2.275913,0.170968,-0.362720,0.611914,0.374669,0.220308,-0.550866,-0.309374,-0.441210,-0.513048,-2.297249,10.80,0,Aldi,Food,
47479,1.409007,0.821802,-0.708515,3.213612,1.056813,0.058218,-1.055841,2.609295,0.978732,0.901931,0.967981,-0.502660,0.029257,-0.034606,2.064051,1.511753,-0.234768,0.358166,-1.684650,0.226613,-1.907218,-0.250679,-1.646826,0.010819,1.577349,0.747887,0.367423,0.729262,8.88,0,Netflix,Entertainment,
47664,1.066145,0.493350,0.476177,-1.141475,-0.374093,0.462071,-0.961322,0.572317,0.557506,-0.196363,-1.336578,-0.498208,0.051806,0.040311,-0.416124,0.009214,1.205097,1.193834,0.103590,0.532369,-1.344110,1.925828,0.406330,0.986972,-0.372824,-0.773893,-0.053201,-0.179888,31.37,0,BP Service Station,Travel,In-store payment
47679,-1.448231,-0.056252,0.486960,1.138874,0.343969,0.520497,-0.664192,-1.046469,0.155046,0.241244,-1.955529,0.876487,0.473590,-0.551523,0.377874,0.094879,-1.175705,-0.594768,-1.804903,0.204745,0.941952,-0.785807,0.531838,0.757694,1.189914,-0.194890,-0.113764,-1.687954,5.08,0,JB Hi-Fi,Other,
47702,1.397719,-0.703222,-1.083885,0.293815,0.276953,-0.092131,-0.937554,-1.386885,-0.874095,0.324798,0.148236,0.507164,-0.308509,-0.578205,-1.715144,-1.800381,0.219233,0.377966,1.996081,0.004310,-0.577882,0.043236,-0.375775,0.969315,-0.351246,-0.384403,0.203241,0.152955,5.75,0,Bunnings,Other,
47809,0.034590,0.438296,0.692449,1.205570,0.560875,-1.552095,0.795262,0.869943,-0.224616,-1.371320,0.794562,0.438383,0.285409,0.217715,-1.125486,0.132444,0.070514,-0.828753,0.085860,-0.176647,-0.310161,-0.909468,-0.027789,1.542243,-0.843438,1.247455,-0.462891,2.232936,21.14,0,Chemist Warehouse,Other,
47986,-0.333225,0.424613,0.900012,0.663789,-0.095674,-0.900080,-1.725913,-0.894776,0.191169,-0.536946,-0.214162,1.114323,0.947414,-0.149722,-1.538988,-2.021004,0.261655,-0.053363,-0.597161,-0.511253,-0.726458,0.757117,0.605585,-0.142212,-0.145425,-1.466040,1.334679,-0.198669,12.79,0,Grill'd,Food,
48098,0.987754,2.139427,0.545102,-1.290916,0.166811,-1.289252,0.493167,-0.588344,-0.316426,-0.842914,-0.205130,-0.332264,-2.071401,-1.207977,0.322528,0.589194,0.095723,-0.073117,0.945200,-0.478820,1.228667,0.796269,-0.743422,-0.144453,-0.482013,-0.127629,-0.134316,-0.533891,60.63,0,Guzman y Gomez,Food,
48897,-1.272652,-2.863753,0.059208,0.873201,-1.038566,-0.838523,0.650252,-0.313586,0.733141,0.416735,1.757335,0.656351,-0.374242,1.162008,-0.398279,1.798141,0.053368,0.240122,-0.355321,-1.849938,2.382462,2.552428,0.718076,-0.278382,1.122829,-0.480430,-0.313635,0.182990,15.95,0,Steam,Entertainment,
49203,0.770394,-0.593129,-1.266813,-0.336352,0.739162,-1.470898,1.978114,-0.933969,-0.903361,1.524905,0.838358,-1.040606,1.638037,0.722361,0.619155,-0.299383,0.054129,-0.701579,-0.344326,0.142010,1.367688,-0.490484,0.251795,0.610907,1.664119,-0.329590,0.591086,-0.654790,18.31,0,Domino's Pizza,Food,
49235,0.558296,-0.638933,-0.262916,2.161532,1.537585,-0.482934,0.613337,-0.544032,-0.163928,0.293985,-0.113357,-1.660482,1.045283,-0.190394,2.364116,-1.015464,1.787954,0.590552,-0.981442,0.438349,1.462084,-0.563927,-0.595806,-0.421246,1.129307,-1.176685,-0.767725,-1.115759,19.26,0,AGL Energy,Utilities,POS terminal
49779,-0.538001,-0.035238,-1.216392,1.596922,-0.158139,0.067880,-0.524833,1.797078,-1.192876,-0.279790,2.514003,1.640341,1.688339,-2.061756,-2.316506,0.557848,-1.929690,0.128080,-1.524623,0.084779,0.174628,-0.788702,0.419843,-0.806075,1.682451,-0.680436,0.686682,0.740929,8.32,0,Apple TV+,Entertainment,Direct debit
49916,-1.491121,1.180325,-1.460317,4.975582,-1.010813,-4.208381,2.045126,-2.722189,-0.231902,-3.191067,0.755865,3.810689,-0.170532,-7.337249,1.913480,-3.400214,-8.788279,-0.499704,2.126920,-2.382747,-1.003556,3.086849,1.795049,-2.602961,-2.620997,4.295139,1.010414,0.450581,2.21,1,Anonymous Vendor,Other,International wire
49952,-1.313673,-0.671677,-0.693079,-0.590448,-1.057212,-0.885148,-1.039500,0.558684,-0.399649,-0.847408,1.300340,-1.552050,0.446100,0.850957,1.132159,-0.511279,0.189885,0.715249,0.197893,-0.950031,0.276945,-0.730715,0.590734,0.008019,0.692003,0.522959,0.279571,-0.029273,93.42,0,Telstra,Utilities,
50289,-0.439059,0.975077,-0.497592,-1.272368,-0.487829,0.576626,-0.974737,0.611766,-0.282345,-0.753853,-0.434212,-0.088306,1.110031,-1.237043,-0.025016,-0.243692,0.988121,-1.042484,-0.703987,0.107970,-0.482328,0.632746,-0.919012,0.499202,-0.527244,-1.676021,-1.161230,-1.260401,162.65,0,Big W,Other,
50478,0.449672,1.492099,0.110036,-0.634541,1.077788,-0.327488,-0.009727,1.366419,-0.299095,0.476522,-1.682310,-0.630109,0.780518,0.045698,-0.969633,0.724830,0.760924,-0.057570,-0.860546,-0.532450,-1.085769,0.249975,-0.064315,-0.204861,-0.139147,-0.235098,0.364142,-0.031083,29.98,0,Translink,Travel,
50497,-0.444336,-0.045668,-0.200937,1.030446,2.002491,2.536222,-0.532156,-0.935241,-1.020037,0.671253,-0.633360,-0.474239,-2.029218,-1.592762,1.104656,0.821902,0.404470,0.173647,0.505699,1.435637,0.029768,1.169209,0.311664,0.713432,0.555276,-0.821817,0.616460,-2.697821,16.28,0,Suncorp,Insurance,
50525,1.109875,1.481102,0.614429,-0.670312,-0.476022,1.177724,-1.431921,0.658321,-0.239611,-0.002153,-0.053720,1.116026,-1.109016,-0.742948,0.581350,-0.133524,1.378180,0.591442,-0.578625,0.147524,-1.192960,-0.879688,-0.405697,-0.082139,1.482928,0.016899,-1.082792,1.875718,80.50,0,Tech Solutions Pty Ltd,Salary,
50558,0.879664,-0.340907,-0.605984,-1.460293,0.451195,0.791449,-0.236333,0.238245,-1.571003,0.436453,1.428803,2.343050,1.273749,1.148850,-1.441593,0.302038,-0.097324,1.827822,1.048704,-1.627659,-0.998217,1.014945,-1.130948,-1.952943,1.664278,-0.704577,0.588522,0.778251,14.93,0,IGA,Food,Tap to pay
50598,-0.206710,-1.065521,-1.189340,-0.251031,-0.790411,-0.264598,0.608234,-0.554700,-1.290562,-1.617674,0.739778,-2.027314,0.108372,-0.760810,-0.805156,-1.200705,-1.121290,0.435193,-0.233418,-0.764473,1.211601,1.296033,1.178661,-0.371192,0.156851,1.502850,-0.433913,0.369857,15.87,0,PlayStation Network,Entertainment,
50819,-0.910821,1.404956,-0.476470,-0.501831,0.168025,-0.213375,-1.512691,0.241799,0.550592,-1.491375,2.441876,1.083911,-2.302250,0.844377,-0.422208,0.994470,-1.017561,-0.596484,-0.422188,1.125908,-0.666846,0.727198,-2.369328,0.033549,-0.380863,0.408525,-0.679618,-0.471695,4.85,0,KFC,Food,
51337,-0.434760,-1.565509,-0.017673,-0.220928,0.942121,-0.742097,-1.103627,-0.320763,0.140560,0.762675,-0.051971,1.663623,2.232710,1.862134,-0.921374,0.574470,-1.179083,0.143980,-0.095177,0.551063,-0.654052,0.047773,0.253279,-0.032303,1.895321,-0.713100,1.143159,-0.949185,7.22,0,IGA,Food,
51732,0.330431,0.999672,-0.725449,0.694226,0.024836,1.112157,-0.751775,-0.278915,0.522071,0.676854,0.163711,-1.580815,-0.971308,1.280189,0.147636,1.214640,-0.629677,1.601875,0.327107,-0.340469,-1.126480,1.386621,-0.643942,0.324157,0.512124,0.265062,-0.283320,-0.398918,21.91,0,KFC,Food,Recurring subscription
51814,-0.023461,-0.319450,-1.253508,0.273867,0.842261,1.135383,1.166920,-1.838561,-0.894434,-0.456335,-1.471171,-0.465820,0.723398,0.024265,2.283322,1.141224,0.644553,-0.536039,0.793029,-0.525712,-0.032538,-0.109584,-0.813645,-0.092701,-1.246295,2.378951,0.405076,1.021971,7.44,0,Guzman y Gomez,Food,POS terminal
51949,0.001747,0.448654,-1.541217,0.992376,1.984130,-2.832792,1.719663,2.185596,0.408057,-3.146043,-1.151744,-3.777979,0.845407,6.061443,-0.781683,-1.178308,2.388304,-0.861930,1.979329,-0.192034,2.174722,-0.531573,0.718110,0.421781,-1.463172,0.348983,-2.294541,-0.475356,2.65,1,Card Verification Service,Other,Unverified buyer
51955,-0.851178,-1.282977,1.032659,0.503060,-0.345056,-1.628830,-0.393080,-0.695494,-1.626968,-0.475972,-0.674202,0.309870,-1.453971,1.070242,-0.086567,-0.233614,-2.096790,0.405026,-1.142969,-0.246715,1.433928,-0.412706,-2.077144,-0.813968,-1.240673,-0.349206,-0.002351,0.683587,9.33,0,Grill'd,Food,
52003,-0.619530,-1.439238,1.143193,0.581284,-0.990262,-1.515146,1.193725,1.933441,-0.484740,-1.304751,-1.643351,-1.768707,-0.164474,2.487604,0.951487,-1.577918,0.023915,1.220837,0.149348,-1.574301,0.307848,-1.269066,0.299476,-0.276274,-0.583587,1.792551,-0.117533,1.380870,6.43,0,Sydney Water,Utilities,Direct debit
52113,1.807019,-0.359129,-1.445388,1.349178,-1.030611,-0.573803,-1.582525,0.886390,0.381956,-0.348532,1.365934,0.120128,-1.856086,0.573755,-1.018179,0.060492,-0.840287,-0.342273,0.295946,-0.083838,-0.947263,-0.786149,-1.361917,-0.931643,-1.032629,-0.526353,-1.146188,1.005347,10.62,0,Steam,Entertainment,
52241,-0.449459,0.120594,1.479466,0.916185,-0.149285,-0.669556,-0.701319,-2.116401,-0.230262,0.581395,-0.000530,-0.263682,0.102145,-0.709308,0.354257,2.132186,0.067638,0.394816,0.657860,-0.415559,0.402121,0.137314,0.086842,-0.391148,1.765627,-1.528033,-1.739515,0.046807,23.39,0,IGA,Food,Auto-renewal
52370,0.324646,1.287337,1.215411,1.088385,0.780227,0.575960,1.169225,-0.138111,-0.762052,0.177694,1.685433,-0.332567,-0.544758,-0.357381,-0.575448,0.118722,1.344186,1.466230,-0.478093,2.193322,-0.668428,-0.425799,-0.759800,-0.115548,-1.951625,-0.434537,-0.753620,1.858949,25.11,0,KFC,Food,In-store payment
52631,-0.406955,-0.730705,1.202946,1.867757,-2.297591,-1.231507,-0.992396,-1.153121,0.490663,-0.543151,0.514028,0.246508,0.955420,0.660890,0.859688,-0.468582,0.282929,-0.758371,-0.408440,-0.987271,-0.606084,-1.404733,-0.053817,0.606595,1.895685,-0.079853,0.384600,0.057390,4.39,0,eBay AU,Other,
52715,-2.254753,-1.153728,-0.139434,-0.414307,1.003097,0.985427,1.728116,-0.519379,-0.394763,0.212586,-1.456927,-0.771872,1.225027,1.580437,-2.203548,0.764888,0.198427,2.070542,-0.663249,2.580191,2.070170,-1.020378,-1.061264,0.931156,-0.839712,0.773422,-0.410947,0.932671,24.74,0,Uber,Travel,
52955,-0.668510,-1.531433,-1.171163,0.135345,-0.878087,1.661335,1.097240,-0.628875,-0.505396,0.020397,2.500075,0.042617,-0.586089,2.043594,-0.676516,-1.069584,-0.047207,0.790928,-0.423573,0.419095,-0.777199,-1.010402,-3.253324,-1.399902,-0.823949,1.529955,-0.941638,1.036354,5.79,0,Hungry Jack's,Food,
52973,-0.189515,0.349718,0.939096,1.790032,-0.368095,1.275504,-1.013522,-0.496167,-1.100120,0.038998,2.003096,1.182519,-0.506442,1.170671,-1.995171,0.450725,-0.066912,-2.374226,-0.959374,1.294157,-0.834938,-1.298029,-0.267545,-1.212620,-0.326764,-0.551779,-0.420962,-0.117397,5.25,0,Shell,Travel,
52982,0.548177,-1.073065,0.544216,1.207339,-0.538691,-1.339030,-0.114804,-2.614222,0.517364,-0.326616,0.804087,1.005740,-0.121553,-0.364511,1.566595,0.945066,0.009410,0.821340,-0.976817,-0.977463,0.290940,0.674298,-2.321106,0.616764,-1.198270,0.841882,0.258956,0.516619,76.74,0,Priceline,Other,Card present
53219,-0.872249,-0.536208,0.114982,-0.200858,0.004476,-0.692712,-1.266695,2.027316,1.179352,0.499066,0.832959,-0.258142,1.432214,-0.280053,-1.385886,-0.270979,-1.695565,-2.270063,-0.915107,0.459353,1.593017,1.273857,1.160789,0.267773,0.174895,1.791072,-0.074618,-0.037509,90.93,0,Northwind Industries,Salary,
53277,0.470413,-0.044327,-0.069413,-0.162231,-1.216568,-0.406831,0.577975,0.293892,-0.469798,-0.776378,-2.826830,-0.392939,-0.120164,0.866589,0.159982,-1.074690,-1.717489,-1.700744,1.865991,1.791132,-0.136235,0.524981,1.442037,0.453977,1.424014,-0.077635,0.177667,-0.151882,37.96,0,Bunnings,Other,
53361,-0.970743,0.325121,-0.488115,1.024843,0.459004,0.792469,-0.660468,-1.003375,-0.782391,0.005499,-1.397019,1.565211,0.446577,0.426059,-0.417819,-1.339859,1.149012,0.916921,0.524136,-0.387061,0.664718,0.129175,-0.183914,-1.060882,0.747272,0.177152,0.349709,-1.841253,40.79,0,PlayStation Network,Entertainment,
53555,-1.926880,-0.695359,1.944024,-0.240926,-0.567728,1.057543,-0.159290,-0.099544,0.871201,-0.808665,0.243161,-0.031263,-0.863636,0.323253,-2.449402,0.172606,-0.345644,-1.341156,1.808147,-0.263583,0.604508,0.654035,0.207497,1.463954,1.674712,2.765724,0.970565,-0.054920,14.56,0,KFC,Food,Tap to pay
53569,0.335916,-0.270682,-0.550303,0.946070,-0.399105,0.935194,0.512930,0.500160,0.463112,-0.631111,-0.121187,1.105659,0.123839,-0.101533,-0.037974,-0.338343,-0.092832,0.970291,-0.740310,-0.259057,-0.481940,2.533752,-0.998028,0.982857,0.296013,1.459845,1.549971,-1.586330,7.36,0,Apple TV+,Entertainment,Recurring subscription
54041,-2.218214,0.776190,1.139914,-0.138892,0.421814,0.181728,-1.391519,0.933124,-0.473817,1.751743,-0.805915,0.215447,-1.703401,0.848017,-0.575571,1.360911,-1.981221,-0.265726,-0.568512,0.317135,-1.521428,-0.346750,0.569834,-0.378959,-0.030450,-2.147917,-0.136136,1.641989,19.63,0,Woolworths,Food,
54051,-0.237999,0.747148,-2.216569,-0.649368,-1.283205,-0.174684,1.102545,-1.372372,1.322992,0.206569,-0.489066,0.942805,1.793944,0.522912,-1.773801,0.355291,1.877457,-0.347751,0.599990,-0.652560,0.901780,-0.111800,0.973486,2.574877,-0.187574,-1.781680,-1.737745,0.178410,3.50,0,Domino's Pizza,Food,Card present
54143,0.283100,1.095907,-1.706593,-0.109912,-2.297960,0.629642,-0.565739,1.168820,-0.065025,0.037119,-0.998978,-0.389482,-0.582079,-1.016499,-0.445119,-0.270948,-1.501051,-0.085318,0.368092,1.445928,0.923918,-0.413393,0.038738,1.168232,0.394911,-0.470395,0.750224,-0.959223,3.74,0,Steam,Entertainment,Direct debit
54191,0.765344,0.730789,-0.125437,1.252765,0.490157,0.179668,-2.492254,-1.357458,0.756712,0.669796,0.201799,1.895036,0.709469,-1.856041,-0.520494,0.037976,-1.520023,0.999310,0.416682,0.635809,-0.147039,0.883564,-1.450142,0.220187,2.265645,-0.308871,0.885782,0.368790,46.85,0,McDonald's,Food,Recurring subscription
54346,-0.465663,0.461314,-0.373318,0.251973,0.778952,0.659108,-0.959727,-0.444223,0.410893,0.451941,0.791819,1.803823,-0.484019,0.824497,1.308261,-2.116665,-0.491627,0.612361,-0.940262,-0.287980,1.304039,1.918130,-0.634236,-0.820780,-0.020633,-3.112332,-1.718802,-0.009608,6.74,0,Tech Solutions Pty Ltd,Salary,
54536,-0.263068,-0.316704,-0.620208,0.353414,0.671012,0.542352,-1.681611,-2.594539,-0.753629,0.708598,0.135812,-1.336442,-0.463331,-0.567907,-0.235171,-2.069586,0.321540,-0.175010,1.124481,0.208449,-1.278324,-0.046983,0.934098,1.885179,0.817406,1.431324,-0.372915,-0.345724,12.20,0,Bunnings,Other,
54621,-0.328919,0.831779,2.171312,1.422052,-0.564426,-1.628631,-0.561493,0.507455,0.105095,-2.053569,0.302244,0.186247,0.800106,-0.816374,1.394042,2.008117,-0.601592,-0.354564,0.194827,1.003770,-0.642417,-1.417985,-0.608442,-0.477667,-1.107588,1.003037,0.119716,0.122799,38.34,0,Hungry Jack's,Food,
54679,0.270872,0.696391,0.941104,0.524188,-2.204048,-1.525956,-0.464450,-1.756485,-0.267539,0.256189,-1.176938,-0.761427,-0.350771,1.304357,0.691301,0.263100,0.360500,1.709876,1.958530,2.093467,-1.458941,0.289070,-0.791536,0.004090,-0.697725,-1.265887,0.640897,1.868903,87.59,0,KFC,Food,
55105,-0.892138,1.075553,0.369275,0.826758,-0.962932,-0.488506,-1.693510,-0.485989,-0.188993,-1.589002,0.706711,0.180561,-0.058798,0.944169,0.795177,-0.120083,-0.907346,-0.745752,0.468276,-1.628680,0.581573,0.733787,0.386731,-0.829282,-0.566238,-0.480710,-0.434379,-0.310937,10.03,0,Hoyts,Entertainment,
55618,1.751248,1.650215,-0.004989,0.395009,-0.714477,0.214576,-0.224928,1.097418,1.182307,1.477069,1.758876,-1.414523,1.211275,-1.663009,-0.333207,0.463586,-0.929091,0.437769,0.048791,-0.241512,-0.151556,-1.727596,0.281455,0.694529,0.121989,-1.160411,0.992096,0.439623,4.49,0,Grill'd,Food,
55867,-1.015429,-2.591442,-0.735089,-0.787194,0.923026,-0.393951,1.419418,0.832888,-0.367219,-0.433654,0.560837,-0.577216,0.750209,-0.137020,0.675274,0.908254,-0.441404,0.663370,1.337949,0.407091,0.933029,-0.870118,-1.129929,-1.056209,0.044812,-0.191631,-0.626463,-0.612485,34.76,0,McDonald's,Food,In-store payment
55937,0.263068,1.929280,-0.853856,-0.423709,1.264903,0.378172,0.365278,-0.649581,-0.323498,0.082804,0.620133,-0.078990,0.355435,1.340724,1.696465,-0.319073,0.490797,0.152421,-1.423226,0.307857,-0.412436,-0.372439,1.977349,-1.382459,0.651470,-0.830638,-0.442410,-2.388296,32.79,0,KFC,Food,In-store payment
56511,1.014597,-0.437459,0.280392,0.582154,-1.017578,-0.565575,1.604420,-0.450084,0.795919,-0.412364,-1.130115,0.000834,-0.274334,-0.152950,0.613698,0.686163,0.414769,0.990165,-0.285900,-0.375190,0.021760,-0.536422,-0.526486,-0.079780,-0.590387,1.134189,-0.038475,0.375665,13.61,0,Belle Property,Rent,
56650,0.409864,0.850371,-0.455644,0.478502,-0.259831,1.173193,0.177786,1.285492,0.903658,-0.303548,1.245637,-1.162611,-1.170469,0.964258,0.865788,0.931361,-0.156082,-1.621435,1.356103,-1.439565,-1.252425,1.070023,-0.602032,-0.545810,0.107084,-0.762994,-1.062625,-0.814486,66.26,0,Event Cinemas,Entertainment,
56694,-1.501607,-2.526911,1.158404,1.230668,-0.674284,1.826130,0.606363,-0.918223,-0.377772,0.076139,1.316660,0.087917,1.167195,-0.565072,-0.169083,2.299051,3.256529,0.541831,-1.317098,-2.546342,-1.140863,1.574973,0.581903,1.188529,-1.220552,-0.526589,1.059315,1.244978,25.49,0,Coles,Food,
56743,2.250380,-0.340080,-0.442916,-3.296347,1.998878,0.741852,-0.122762,-1.526278,-0.200499,-0.400671,-1.048565,0.788264,0.761420,1.108521,-1.162719,1.058503,1.559192,-2.006422,-1.915790,0.612854,1.368725,0.084114,-0.093018,0.995094,1.564402,0.032938,0.779821,1.953292,30.45,0,7-Eleven Fuel,Travel,
57254,1.233457,-1.709260,0.018415,0.053552,-0.620802,-1.781739,0.579847,0.394576,1.723211,0.569501,-0.715667,-1.158732,0.811435,-0.273167,0.873058,0.080640,0.003124,-0.886473,0.825679,0.191237,-0.612739,-0.503169,0.343724,-0.353110,1.025296,-1.358414,-1.015962,1.298773,12.68,0,Starbucks,Food,In-store payment
57289,0.488719,-0.367116,-1.535823,1.038783,-0.178938,-0.273536,0.668922,-0.010864,0.581317,-2.546614,-0.591419,0.974776,-0.003766,0.318453,-0.334724,0.030394,-1.129429,-1.821511,0.907501,0.339705,0.131565,0.360120,1.738190,0.564392,1.130292,1.230375,-0.552206,-0.547940,14.40,0,Hertz,Travel,
58050,1.349081,1.287411,-0.656926,-0.860177,0.140588,0.188616,-0.212337,0.840965,1.580312,0.798536,0.483387,1.831084,-0.931988,0.321834,-1.760720,-0.938861,-0.390205,-0.676923,-1.639486,0.229967,-0.085904,0.079858,-2.086825,0.113296,-1.733341,0.803867,-2.500807,0.879850,47.13,0,Big W,Other,
58271,0.119883,-0.788969,-0.550764,-0.846655,-1.451551,-0.012243,-0.194771,-1.842107,-0.848074,0.653643,-0.196923,1.176303,-0.947503,0.033601,0.340359,-0.326740,0.019968,-0.314776,-1.073268,1.537793,-1.904056,0.117067,0.572398,-0.129164,0.226635,-1.178080,-1.051214,-1.311481,20.01,0,eBay AU,Other,
58414,0.137135,0.129308,-1.478485,0.801725,-0.943944,-1.899217,-0.116937,1.728140,-1.430975,0.433293,0.674456,0.220783,-0.109223,0.669463,1.021997,1.182295,2.556842,0.879860,0.717486,1.188192,-0.810000,0.593672,-1.599592,-0.889534,0.541954,0.938903,0.832020,1.227415,21.64,0,Kmart,Other,
58491,1.164980,-0.260556,0.426005,0.583862,-1.365204,1.683357,2.199449,0.017006,-1.585815,-1.908456,1.033320,1.685604,-1.517086,-0.848349,0.816827,-1.064631,-1.428951,-1.400924,-1.953985,0.823187,0.671975,0.158911,-0.801406,0.524148,0.221282,0.167015,0.298259,-1.617251,76.08,0,Aldi,Food,
58657,1.101976,-0.296900,0.971861,-0.148501,-1.405716,-0.102857,-1.572441,-0.980797,-0.280225,-0.095598,0.382153,1.339764,-0.581969,-0.402087,1.467136,0.969181,0.928273,-1.155343,0.763489,0.376535,0.048817,-0.151523,1.079635,0.132134,0.451482,1.452196,1.160241,-0.890038,35.99,0,McDonald's,Food,
58834,-0.377420,0.385264,0.443772,-1.709069,-1.147050,0.550859,0.382221,-1.127435,-0.116007,-0.217113,2.296032,-0.241160,0.113640,0.358239,1.304992,-1.263941,0.179165,0.221548,-1.668385,0.780049,0.198101,-1.201420,0.313831,-2.096839,-0.285516,0.092003,-1.038386,-0.698815,9.44,0,Airbnb,Travel,
59002,-0.672420,1.052152,-1.936508,1.153616,0.206652,0.396371,1.218026,0.551594,0.911094,1.124532,0.435914,-0.879517,-0.140194,-0.212177,-0.237794,-0.376548,-1.352732,0.760569,1.347639,-0.170609,-0.330978,-1.165363,2.088456,0.450895,-1.431256,2.393410,-0.817519,0.027662,3.98,0,PlayStation Network,Entertainment,Recurring subscription
59022,-0.376261,-0.168325,-1.152847,1.494099,-1.808987,-1.402056,0.329873,0.802795,0.619515,0.209385,0.388769,0.178625,0.704297,0.333184,-0.147728,1.761605,1.120380,-2.639285,0.364322,-1.118101,-0.775527,-1.103246,1.360696,-0.541038,0.469412,0.103238,-1.001946,-1.069187,4.90,0,eBay AU,Other,
59067,-2.223698,-0.345434,0.008085,-1.792921,1.900256,-1.946886,-1.662476,1.453829,0.364243,-0.118104,0.360410,-0.432011,0.357097,0.252355,-0.452895,0.035884,-0.873769,0.038469,-0.534489,-0.942522,-1.419237,1.035243,0.494840,0.285237,0.348264,-0.147054,0.562202,0.877010,7.58,0,Hungry Jack's,Food,
59340,-1.951875,-1.596871,-0.374522,-0.714533,1.791774,-0.870372,-0.685043,-0.217160,1.730453,0.320487,0.147833,-0.895633,-0.953739,-0.091090,-0.692795,3.060749,1.083603,1.017319,-1.208554,1.299939,-0.775361,0.979688,-0.237501,-0.662879,-1.536404,-0.191859,1.078148,0.399803,8.41,0,KFC,Food,Membership fee
59566,1.347694,0.018309,0.244966,0.624786,0.375224,-0.457227,0.418575,-0.231763,0.818377,-0.103739,0.331176,0.289519,-0.975209,-1.184382,-1.019977,-0.481348,-0.138240,-0.245875,0.075634,-0.547563,-2.057430,0.087640,0.448046,-0.336162,-1.004208,-0.924502,-0.493966,-0.080950,136.23,0,Kmart,Other,Auto-renewal
59686,-2.808536,-2.740614,0.683500,0.187115,0.828440,-0.242740,-0.754376,-0.974719,-0.632862,0.383992,1.446634,0.131509,-1.007372,-2.782192,0.179816,-1.702027,2.502385,-1.441813,1.428227,-2.236410,0.350656,1.364087,-0.446219,2.563797,-0.336642,0.395582,0.544784,-0.970158,75.52,0,Vodafone,Utilities,Direct debit
59827,-0.420862,0.054929,0.079001,0.616407,1.120325,0.471454,-2.146136,0.437889,1.418802,-0.181352,-1.758118,0.975119,0.653921,-0.062592,0.532811,-0.348214,-1.436733,-1.012709,-2.758890,-0.701465,0.457952,1.212122,0.354907,-0.987428,-0.224171,0.435055,0.105303,0.481685,117.08,0,RentPay AU,Rent,
60233,-1.296904,-0.202941,-1.402244,1.526968,-0.161039,-2.163165,-1.305795,-0.352358,1.894221,0.077889,-0.426724,-0.018454,1.326809,0.624563,-1.171569,0.537076,0.521249,0.579768,-0.261892,0.917845,1.645902,-0.931292,-0.372892,0.803549,-0.029949,0.084647,0.127992,-0.068770,27.35,0,Aldi,Food,
60246,1.713088,1.657181,-0.603439,0.387579,-0.513567,0.598074,0.728125,-1.475555,-0.706622,-0.503535,0.825992,-1.540661,0.372968,0.098931,-0.246002,-2.954911,-1.411744,1.578507,0.685204,-2.157133,-1.030798,2.463133,-0.815968,0.372228,1.687457,-0.166168,-0.348580,1.453698,12.30,0,Coles,Food,
60304,-0.443913,-0.176372,-0.185006,0.018841,0.962792,0.997200,-1.317211,-1.115650,0.794378,0.677277,-0.073898,1.011241,-1.568249,1.387964,-0.449483,-0.372336,0.302894,-0.279959,0.277019,0.390880,0.055882,0.906149,-0.235908,-0.878845,-0.093313,-0.577751,1.051070,0.856430,17.35,0,Medibank,Insurance,Direct debit
60438,1.089399,1.792832,-0.982608,0.774099,0.056013,0.434206,-0.611942,1.062093,-0.868077,0.620875,-1.450542,-0.243510,-0.181060,-0.123680,-1.406893,-0.443074,0.695820,0.734697,0.763924,-0.619256,0.221988,-1.109194,-0.629689,-0.291276,0.396216,0.477954,-0.558174,-0.544110,17.80,0,Vodafone,Utilities,
60634,-0.433911,0.233821,0.613541,-0.390092,0.915915,0.595736,-0.352070,0.415872,0.444793,1.073999,-0.471547,0.248445,0.210320,0.991065,-1.532636,-0.031015,0.106686,0.164433,-0.515507,-0.173360,-0.432431,-1.203418,-0.085105,0.166586,-0.443200,-0.467359,0.254646,0.986543,41.92,0,Raiz,Investment,
61317,0.416378,0.047189,0.639131,-0.516701,-1.389389,-1.305484,-1.213771,0.708388,-0.510810,-0.911856,1.685527,-1.563018,0.096964,2.019764,0.147338,1.168797,-0.295850,-1.097177,0.198836,-0.751840,-0.645339,1.758955,-0.580877,0.590671,-0.079748,0.800049,1.542492,-0.456155,37.32,0,Telstra,Utilities,
61822,-1.121664,-0.321370,-0.067860,-0.979082,-1.402955,1.189726,0.648891,0.552909,1.604149,-0.642234,-1.336255,-0.552729,-0.762841,-0.142453,-2.433867,-1.067326,0.625592,1.795024,0.465530,0.425584,1.442798,2.327718,-1.253265,-2.299189,-0.233519,0.198755,-0.330127,0.399109,38.86,0,Starbucks,Food,
61869,-0.435314,0.494738,-0.301437,0.394998,-1.197636,-0.013396,0.490356,0.343066,1.929704,2.867024,0.380782,0.830172,0.510615,2.266541,0.560162,0.707804,0.826857,-1.646192,-0.876236,-0.778057,0.933055,0.060408,-1.180690,-1.228465,1.366026,0.614780,-0.878363,2.305750,27.35,0,Priceline,Other,
62060,-0.346939,-0.150196,-0.131061,-2.990094,0.756543,0.081835,2.156147,2.707395,2.053915,-3.775049,-0.279213,6.633737,1.969320,-5.659629,0.119483,-1.859923,-3.269048,1.082562,3.060459,-1.669494,-0.888154,-2.293850,1.859937,-0.837946,-0.664374,-1.600211,-1.536485,2.349576,1908.89,1,Steam,Entertainment,
62338,-0.204391,0.597353,-0.056492,1.143589,0.116446,-0.702127,-0.376184,0.638482,0.616656,0.517329,0.290617,-0.922974,0.067421,0.902909,-0.249405,0.320565,-2.612052,-1.948656,-0.855617,-0.781882,-2.071741,0.238664,0.267742,0.049838,1.257230,0.670393,0.563786,-0.925289,17.51,0,Airbnb,Travel,
62351,1.882751,-0.063333,-0.215031,0.499322,-0.293489,-0.154006,-2.100669,-0.901012,-1.222290,1.651544,0.019453,-0.431357,1.725755,1.828555,-0.292850,1.550687,-0.569729,-1.363166,1.102477,-1.840546,0.042374,-1.016895,-0.706666,0.622528,0.544313,1.957199,-0.751638,1.276231,29.60,0,LJ Hooker Rentals,Rent,
62532,-0.020288,1.167465,-1.172039,0.051266,-1.165060,-0.894163,0.006708,0.579670,1.923770,1.084690,-1.616036,-1.014068,1.267460,-1.325085,-0.470100,0.807221,0.370049,1.183671,-0.419088,1.897600,1.967659,-0.436728,-0.826624,-0.369461,0.830657,0.441941,-0.117250,0.290910,71.91,0,Sydney Trains,Travel,
62750,-0.162361,-0.111275,1.341622,1.187475,1.537624,-0.196845,0.910498,-0.055146,0.740730,-2.761751,0.941771,-0.328609,0.383069,-1.448184,-2.537959,0.915928,-0.088446,0.463588,-0.802776,0.773668,0.450151,0.883865,-1.608221,0.240846,-0.604215,1.260372,-0.822898,-2.020132,47.80,0,Kmart,Other,
62943,-0.065591,-0.250328,0.022631,0.282028,-0.332848,-2.086862,0.178049,0.840306,-0.541122,0.047201,1.046927,-0.014576,-2.351920,-1.027671,-1.455344,0.735378,0.237446,-0.203751,-0.107227,-0.415462,-0.028886,-0.755085,-0.343240,0.106597,0.064172,-1.396574,0.567247,-0.358262,218.54,0,Translink,Travel,
62949,0.676609,0.636993,-1.102561,0.248986,0.472530,1.094617,1.309254,0.273635,-0.379619,1.214575,1.676688,-0.633891,-0.104860,-0.219877,0.543477,-1.541719,-1.091232,1.601708,-0.098283,-0.962223,-0.842916,-0.841292,-1.355495,-0.677000,0.831933,-1.492779,0.897776,-0.282762,0.64,1,,,
63119,-0.536941,0.762156,0.527317,1.894375,1.483131,-0.213212,0.081748,1.403676,0.378268,0.073780,-0.050400,0.767794,0.306165,1.926227,0.668418,0.439469,0.196969,-0.615741,0.336365,1.894184,-1.221272,0.578762,0.294246,-0.175560,-0.368275,0.150711,-0.980520,1.740078,5.16,0,Woolworths,Food,
63158,1.344406,-1.113203,-0.211871,0.964587,0.502927,-0.564785,1.523969,1.553686,0.246292,0.597329,-0.114685,0.375611,0.742578,-0.001225,0.770521,0.741687,-1.412616,0.700964,0.390260,1.033430,-0.678790,0.741838,1.593389,-1.684795,-0.371905,0.157870,0.288822,1.088223,38.96,0,Apple TV+,Entertainment,Membership fee
63274,-0.109601,0.755935,0.512817,0.322881,0.874521,1.298559,-1.553254,0.205117,1.281630,-0.586613,0.453808,0.321109,0.946380,0.620096,0.395450,0.185067,1.561437,-0.612976,1.199195,0.092248,-0.508380,-1.116511,1.766930,1.996990,-0.615108,0.204430,0.687511,-0.704642,5.37,0,PlayStation Network,Entertainment,
64881,-0.528778,-0.631718,-0.681072,-1.358289,0.041952,0.225025,0.024749,-1.741330,-0.584347,1.692816,1.050982,0.287153,0.317204,-0.351101,-1.516448,-0.739689,-1.853711,0.409668,1.026430,-0.523638,-0.680744,0.243482,1.125047,-1.088971,-0.682270,0.593363,-0.555702,0.378825,16.89,0,KFC,Food,
64898,0.411592,1.392332,-2.750428,-0.470952,-1.305544,-1.779771,0.351913,1.367458,-0.675371,0.566642,-1.644801,-0.428067,-1.572546,0.748966,1.343988,0.585769,1.185048,0.283142,0.826823,0.398792,0.560396,1.547873,-0.473914,1.261164,0.163959,-0.343704,-2.123342,-0.087119,3.55,0,BP Service Station,Travel,Card present
65420,0.426028,-0.332546,-0.209223,1.367356,-0.166233,-0.301343,-0.060419,-0.995854,-1.142868,0.885397,-0.598734,-0.628893,0.025116,-1.489546,0.041980,0.104506,-0.285227,-0.877396,-0.965102,0.614347,0.572287,0.960621,-0.651476,0.440482,0.971101,1.724891,1.306802,-0.096954,68.24,0,Officeworks,Other,
65573,-1.536305,1.472686,-1.775132,-0.804666,-1.288720,-0.370087,-0.971914,0.528285,0.433991,1.456488,-0.193597,-0.641809,-0.399251,0.643240,0.335736,-1.427727,-0.923636,-1.132887,0.707783,0.361596,0.042585,0.905492,-0.001329,-1.587543,-0.787612,1.296755,0.218888,0.511429,9.14,0,Ray White Property,Rent,Auto-renewal
65967,0.915829,-1.256224,-0.521025,-0.584493,-0.723477,-1.145063,1.575674,1.348645,1.240435,-0.547566,0.620999,1.108701,0.117079,-2.683786,0.495932,0.278380,-1.022217,-0.250746,-0.641850,0.116503,-0.501905,0.906495,1.835716,0.505924,-1.095769,0.727917,-0.155822,0.380392,10.00,0,AAMI,Insurance,Recurring subscription
66832,-0.428191,0.571129,0.058923,0.050524,-1.665896,-0.788695,0.179798,-1.161776,0.061715,0.046430,-1.751179,0.777788,0.463245,-0.417914,0.460693,-0.804066,-1.281502,0.618968,-0.273191,-2.350216,-0.637107,-0.273358,0.244108,0.427033,0.958369,-1.973650,-0.379551,-0.276796,13.57,0,Qantas,Travel,
66861,0.044608,-1.199937,0.135907,0.768625,1.694812,-0.536839,-0.917210,-1.229397,-2.170792,-0.689156,-1.188701,0.652246,-0.074568,1.016159,0.801981,-0.573938,0.916620,0.320640,1.334218,-1.225171,-1.027284,-0.922942,1.233194,1.369819,0.462179,0.372361,0.425560,0.249145,99.04,0,Domino's Pizza,Food,
66869,-0.687308,-0.181231,-0.317728,-1.350736,0.512999,1.033567,-0.037330,-0.800405,0.025057,-1.891994,0.824347,1.330659,0.426521,-0.720986,0.837403,-2.236812,0.006122,1.537998,1.058518,-1.763561,-0.573262,1.428055,-0.010810,-1.038281,-2.149698,-2.018080,-0.357480,-0.745278,847.47,0,Belle Property,Rent,
67115,0.551361,-0.671426,-1.098678,1.398945,-0.031492,0.378919,-0.705041,-0.392802,-1.364644,-0.456077,-0.310974,-0.752647,-0.685228,-0.312285,0.643415,2.704324,0.294117,-0.107753,-0.824805,-0.877110,-1.149586,1.518229,-0.959594,-1.510079,0.385633,0.422336,-0.490027,-0.269045,6.92,0,McDonald's,Food,In-store payment
67297,0.632429,0.857885,0.109885,-0.957566,1.376393,-0.093297,-1.813447,0.475512,0.714094,-0.400681,-1.340392,-0.513150,0.311091,1.492242,-0.504819,0.196246,1.043882,-1.299725,0.788883,-1.081292,0.042333,0.336295,1.398651,-0.299605,0.508983,-1.761856,0.931068,0.289052,25.03,0,Kmart,Other,
67616,0.978590,-0.799929,-0.257213,0.482571,-0.262476,-0.717001,0.655415,0.271466,1.312688,-0.553255,-0.198205,-0.595468,0.330281,0.428957,1.558473,1.489672,-0.033920,0.298235,-0.497764,-0.739897,0.915816,0.121107,0.766456,0.458268,-0.263425,0.113230,-1.577247,-0.330975,153.48,0,Shell,Travel,Membership fee
67780,-0.931878,-0.535721,0.993645,-0.209031,-1.136470,1.199776,0.577898,-0.674001,0.965293,-0.714283,-1.146780,0.155704,0.946727,0.691248,-1.634512,1.338226,0.166646,-0.250623,0.838115,1.400007,1.750070,-0.115067,-0.811185,1.211084,-0.554645,-0.214587,-0.782647,-2.032447,6.33,0,Vanguard,Investment,Membership fee
68255,-0.389959,-0.444975,-1.285452,-1.229705,0.328574,-0.552614,-0.897221,-0.093527,0.074576,1.123208,-0.760412,-1.462555,1.360325,0.047006,-0.829066,1.290005,-0.493884,-1.331459,-0.116295,-1.037999,-1.316487,-0.270590,-0.278729,-0.619324,0.577533,0.364353,-0.798531,0.148711,67.84,0,Vodafone,Utilities,
68438,1.032843,1.056469,-1.396290,0.622804,0.548219,0.423389,-0.558366,1.622760,-1.472274,0.198116,-0.123616,0.802525,0.632477,0.017965,1.026930,-0.795347,-0.429868,-0.400425,0.739982,0.946484,-1.145079,0.651456,0.631807,0.031072,1.739177,0.804101,0.914208,-1.844474,17.36,0,Woolworths,Food,Membership fee
69144,1.587477,-0.611419,-1.992227,0.189331,1.073597,-0.530070,-0.750891,-0.807587,0.965720,0.608091,0.070845,-2.073460,-0.478796,1.914949,-3.585717,0.931156,0.045828,-0.811378,0.128802,0.419902,-0.595399,1.695141,-0.563063,0.212152,-1.847897,-1.199408,0.072324,-0.277587,94.01,0,NRMA Insurance,Insurance,POS terminal
69432,-2.118409,-0.143462,0.861420,-1.273664,0.790831,-0.868531,-0.603975,-0.819173,1.195489,-1.461881,-0.891139,0.346262,-0.412133,0.297221,0.403408,-0.392507,-1.207653,-0.073968,-1.063910,1.252973,0.167931,0.567982,0.254512,-0.701192,0.338902,-1.720637,0.655495,1.417736,462.15,0,Spotify,Entertainment,Card present
69615,1.260120,1.045070,-0.625412,-0.881401,-0.541055,0.687699,0.801542,0.449734,-0.945665,-0.525387,0.899422,1.617794,-0.811525,-0.689740,-1.503686,-0.869534,-2.133614,-2.079387,0.161165,0.115911,0.318857,-0.605292,0.466979,-0.109582,-0.875746,0.164849,1.827296,-1.289655,45.64,0,RentPay AU,Rent,
69804,-1.127367,-1.358277,1.355690,-1.401473,1.051928,-0.539315,-0.184000,-1.116662,0.868915,1.064996,-1.733282,0.890572,-0.553343,-0.822143,0.442863,-1.687379,-0.265139,-0.543018,1.748471,-0.397991,1.619066,0.159997,-0.787278,-0.381572,0.433547,-1.324092,0.005659,1.605035,11.05,0,JB Hi-Fi,Other,
69882,0.065688,-0.872899,1.545344,0.076498,-0.326771,-0.357810,1.251116,-0.518590,1.091643,-0.875967,-0.649550,-0.474917,-1.061463,0.730213,-1.540055,-0.981963,0.462380,0.617260,0.697685,0.768957,1.101564,0.101399,-0.253588,-0.548989,-0.119429,-1.408938,1.371234,-1.629222,5.62,0,Vanguard,Investment,
70176,-0.007409,-0.628334,-1.881484,-0.464891,2.108061,-1.154010,-0.011418,0.442454,-1.267997,0.116343,0.565718,0.991181,-1.083173,-3.161389,0.907934,0.860316,0.858198,1.207868,1.082112,-0.105879,0.583710,-0.810179,1.466314,1.018843,-1.123920,0.257813,-0.487502,-1.268131,10.49,0,Priceline,Other,
70601,-0.767575,-1.519392,0.719071,-0.120321,0.299168,-0.588673,-0.652106,-0.115467,-1.275554,-0.065148,0.631552,-0.176713,0.499900,0.027623,1.008092,0.331255,-0.222087,1.871955,1.010608,-0.455888,-1.142103,2.350888,-0.149615,-0.554227,0.568140,0.330274,0.863057,0.421259,11.10,0,Domino's Pizza,Food,
70737,0.253806,0.485185,-0.204395,1.314662,1.367326,-0.162853,2.321234,-0.716737,-0.671351,-1.280328,0.098040,-0.238457,-0.792839,0.303624,0.163120,-0.306857,1.160422,-1.382380,1.041640,-0.141338,1.380369,0.026849,0.058760,0.928424,0.587858,-0.027497,-0.461794,0.616990,24.27,0,Subway,Food,Membership fee
70869,-0.241390,0.478371,-1.061528,1.211367,0.911262,0.526479,-0.305877,-0.078765,-0.243957,-0.662265,-0.674869,0.188960,-1.297385,0.500919,-0.242098,-0.610425,0.829044,0.987496,-0.577367,-2.227526,-0.138787,-0.255190,-0.445849,0.103973,-0.509623,0.284225,-0.050292,-0.196198,20.77,0,Sydney Trains,Travel,
70991,-0.594123,0.653698,-0.514275,-1.229350,-0.860424,0.734595,0.653232,0.525842,-0.529938,0.540236,0.204406,-0.127269,0.674160,1.006263,-0.522273,0.213276,0.575356,-0.702054,-0.851138,0.509494,-1.349460,1.040829,0.735274,-1.681950,0.678661,-0.370990,-1.039074,-0.117324,17.32,0,Amazon AU,Other,
71026,0.443237,0.945673,1.064602,-1.343849,1.265096,-0.171370,-0.385989,-0.555538,0.796555,-0.216896,0.077829,1.258808,0.143682,-0.710810,-1.203032,-0.071284,-1.350527,-0.626616,0.063691,-0.787620,-0.094734,1.308714,0.459697,0.050062,-0.345071,-1.272803,-0.720747,-0.251382,7.50,0,Hertz,Travel,
71076,0.210365,1.192692,1.829909,-0.094923,0.893846,-0.540084,0.197574,1.832459,-1.277810,-1.044960,0.127066,0.958646,1.085404,0.131991,0.155362,1.956923,0.211506,0.616899,1.634106,1.091921,-0.308760,-0.282715,0.262719,0.443740,-0.990619,-1.492508,0.188130,0.924242,8.38,0,McDonald's,Food,Membership fee
71153,-1.876859,0.089363,-1.460581,1.587773,-0.497055,1.149986,-0.018813,1.173202,-0.081490,-0.112947,0.704255,-0.368361,0.355139,-0.407773,-0.876053,-1.014783,-0.720022,-2.273358,0.767143,1.059533,-1.307343,-1.520861,1.487565,-0.019226,-1.350013,1.526780,-0.520057,-0.580398,18.56,0,KFC,Food,Tap to pay
71995,0.328607,-0.651529,-0.053849,0.329109,-0.012021,0.289001,-1.292351,-0.389027,-0.606863,0.099452,-0.229911,1.105731,-0.952249,-0.750591,1.162558,1.396622,0.153339,1.233839,1.940289,-2.262017,1.272777,-0.106065,1.153174,-0.298706,-1.080125,1.387759,1.123716,-0.088231,77.28,0,KFC,Food,
72801,-0.410908,-0.840622,1.566951,0.326002,-2.247962,0.878944,1.229877,1.736651,-0.997614,-0.988080,-0.920539,-0.701506,0.781748,0.156620,-1.375542,0.562741,-0.404350,1.246406,-2.082492,0.142508,-1.721450,0.830626,-0.017959,0.306195,0.795873,0.181728,-0.672493,-0.479264,36.85,0,Spotify,Entertainment,
73619,-0.595223,1.095080,-0.330722,-0.311589,1.366459,0.811183,0.625004,0.694949,2.064550,0.549373,0.899820,-0.500045,0.236118,2.685545,-0.894674,-0.449007,-0.651241,-0.129243,0.412356,0.641158,-1.128636,2.653899,0.968557,-0.080365,-0.547549,0.801785,1.803453,1.349734,171.94,0,Origin Energy,Utilities,
73990,0.618361,0.382556,0.123180,-1.071121,0.038248,2.705601,0.092044,-0.461563,2.231121,-1.458223,-0.584079,-0.362716,0.481203,0.244740,0.161509,-0.915893,0.012920,1.241547,2.854516,0.165368,-0.304108,-0.942084,-0.160663,-0.699415,-0.722361,-0.362889,0.605802,2.098562,73.05,0,Priceline,Other,
76226,0.721108,-0.340913,-0.400534,0.141111,-0.106960,-1.527996,-1.009635,0.748422,0.084676,-1.503425,-0.620083,1.197559,0.152503,2.805949,0.263837,1.141356,-1.142935,-1.591958,2.306820,-1.050340,0.171688,0.579937,2.367941,-2.489993,0.356187,-1.077796,0.784781,0.572709,13.25,0,IGA,Food,
76291,-0.927492,-0.381847,0.077515,1.133729,-0.638415,0.089707,0.464103,0.830062,1.462911,-0.597871,0.122361,0.605457,1.802546,1.560203,0.367330,0.844647,-0.254848,0.168852,-0.229936,-0.535723,-0.352353,0.289158,0.723208,-0.776279,0.546978,-0.618582,-1.515941,-0.086544,6.92,0,Stake,Investment,Card present
76679,0.140225,0.327067,-0.252667,-1.280969,0.962332,0.071967,-0.829260,0.405956,0.196028,-0.556591,-0.723224,1.424138,0.146022,0.703623,1.403343,0.147461,1.479253,1.310250,0.321807,-1.328268,1.432383,-0.722805,-1.251921,0.350572,-0.302589,-0.776072,2.422941,0.975370,24.02,0,EnergyAustralia,Utilities,POS terminal
77043,0.252116,-0.337567,1.389433,0.834491,1.141759,-0.273861,-0.375316,0.763331,-1.867920,0.721920,0.400496,1.397767,-0.634185,-0.812901,-0.324999,-0.113640,-1.373233,0.703876,0.500884,0.609332,-1.726042,-0.872390,0.496897,2.155652,-2.112063,-0.025009,1.228325,1.201154,42.45,0,Chemist Warehouse,Other,
77079,0.222212,0.031018,-0.490270,0.619024,-1.213436,0.020559,1.814623,-1.144615,-0.011807,-0.906340,0.080978,-0.441201,1.231531,-0.514795,-0.663970,1.931806,1.329104,0.088524,-1.001058,-1.391689,1.363102,3.563846,0.249339,1.366342,-0.348136,0.258612,0.445599,1.559921,83.27,0,Kmart,Other,
77119,-0.539190,-0.209121,-0.699471,1.542984,-0.030916,0.401553,-1.077047,1.094367,0.923525,0.007858,-1.792056,0.957974,0.361191,-3.233765,0.329972,-0.262593,-0.019840,0.274564,-0.334709,-0.331742,-0.810452,1.798271,-1.722292,-0.748088,-0.014891,-0.989503,0.413091,-1.012037,160.30,0,Hoyts,Entertainment,
77943,-1.824013,-0.780015,-0.230607,1.035010,1.176306,0.537294,0.168886,-1.143723,0.617005,-0.607262,1.299799,1.395152,-0.557155,-1.885117,-0.967424,0.097337,-0.995729,-0.671627,0.785342,0.162456,2.013676,1.110223,0.037703,1.413150,-0.842053,1.466475,2.028931,1.752282,47.92,0,Officeworks,Other,Online purchase
78265,2.052599,0.996707,-0.435146,-1.412996,0.858419,-1.336479,-2.172466,0.335293,-2.607066,0.878171,-0.032807,0.541471,-0.062238,0.302843,-0.754356,-0.259380,0.183302,-0.673591,1.733939,-0.729364,-2.203810,-0.567840,-0.342213,1.746282,1.167476,-0.731776,-0.187795,2.434304,253.47,0,AAMI,Insurance,Auto-renewal
78320,-0.928934,-1.276317,-0.085305,0.151188,-0.652624,0.540385,0.388722,0.721823,-0.942650,1.104091,0.590857,1.370422,-0.185951,-1.352002,-0.989962,1.438582,0.103506,-0.575163,0.321468,0.328112,0.402459,0.284447,0.431303,0.930603,2.191767,1.423753,-1.106057,0.907761,60.76,0,IGA,Food,
78517,-0.040204,0.349644,0.145783,-0.917855,-1.084498,-0.853333,0.927818,0.003182,2.988134,1.451703,-1.140547,0.921764,-0.216929,-1.188877,0.887786,0.123943,0.374203,-0.207531,-0.565727,-0.172872,0.051981,-1.769281,-0.850916,0.708832,0.953717,0.520605,0.007572,2.499962,123.85,0,Hungry Jack's,Food,
79032,0.099383,-0.981648,1.011585,1.418160,-0.570743,0.547321,0.485883,-0.526429,-0.214333,-1.179773,1.828970,0.186151,1.279517,1.895743,0.455612,-0.339420,-0.475090,-1.665111,1.299034,-0.794738,0.896171,-0.245133,-1.039772,0.007048,0.136209,0.402749,0.294290,0.595697,4.74,0,AAMI,Insurance,
79337,0.095487,-2.327449,-0.447483,-0.026180,0.731109,-0.058583,-0.403006,-0.051690,0.225694,-0.529034,0.734007,-0.888488,0.933499,0.683986,0.232806,1.843174,0.004932,-2.106333,1.089671,-1.163405,-0.262328,-0.250126,-0.711211,1.543021,0.463196,0.875365,-0.667708,0.233209,6.13,0,Spotify,Entertainment,Membership fee
80037,0.627916,0.754032,0.121415,1.249789,0.018276,1.541648,2.307948,-0.456318,-0.997144,-0.864005,-0.372476,0.208402,-0.801585,-1.452819,1.380273,1.152973,-0.883660,0.677515,-0.119260,-2.447989,-0.514697,0.691844,0.277389,-0.206540,0.749563,0.368616,-0.469315,-0.240231,34.09,0,Virgin Australia,Travel,Card present
80311,-0.116286,0.745719,-1.454931,0.926768,0.594425,-1.117240,2.660332,-0.332466,0.178490,-0.091653,-0.215455,-0.549959,-1.089010,1.630147,0.101307,-1.829659,0.131950,0.688954,1.584741,-1.018934,0.007367,0.477874,-1.756307,0.768522,-0.705806,-0.753893,-0.176970,-1.273716,80.30,0,BP Service Station,Travel,
80489,0.779612,-1.090319,-0.089029,-0.447550,-1.132478,-0.122202,-0.028023,0.071480,-1.209488,-0.128474,0.079505,0.248200,0.235924,0.643166,0.631131,0.950779,0.842824,-0.321095,0.927662,-0.149854,-0.099554,0.847118,0.461624,0.155137,-0.723910,0.900716,0.264263,0.047606,3.20,0,SelfWealth,Investment,Direct debit
81498,0.554654,-1.038708,-4.262777,1.035159,2.158500,1.416251,-1.187904,0.376976,-0.049685,-3.243894,1.349510,7.008459,-0.621081,-9.920949,-0.292664,0.191040,-1.752662,-2.653325,-1.344297,3.088622,-3.262374,0.469758,-0.412383,-1.264978,0.368815,-0.850011,-2.368174,6.182713,1593.84,1,Anonymous Vendor,Other,Out-of-country payment
82256,-0.311658,0.642583,0.850839,-1.648473,0.820338,0.760758,1.426064,1.026956,0.546739,-0.054134,0.422116,-0.705969,-1.172120,1.219329,-1.531222,1.329720,-0.820180,-0.419463,-0.640927,-0.610782,-1.192148,-0.724044,0.918098,1.927902,0.375374,0.651506,0.886373,0.235858,12.72,0,KFC,Food,
82443,-0.188662,0.505640,-0.877515,-1.562447,1.002816,0.491221,1.409653,-0.774410,0.043320,0.687264,-0.690536,-1.108411,-1.549082,-1.375830,0.093789,-0.742447,-1.495592,0.095178,-2.499454,-1.012453,0.797969,0.974278,-0.685795,0.297523,0.791199,0.623097,0.786829,-1.796291,2.82,0,Hertz,Travel,
83079,-0.569080,-1.940412,1.302747,0.523530,-0.342144,-0.231561,-1.192077,0.070819,0.949347,0.657153,-1.908753,0.393640,-0.369393,-1.571305,0.551609,0.805673,-1.198716,0.693931,0.809365,0.534293,0.922897,-0.263328,0.814390,-0.379026,-1.887559,-2.781378,-0.890813,-0.310561,9.93,0,eBay AU,Other,Recurring subscription
83920,-0.902165,-0.393064,-0.192068,0.914339,1.003281,-0.990139,1.519285,-0.050809,-0.359303,0.350115,-0.719667,0.032256,0.096319,0.271839,-1.529445,-1.096023,-0.873998,-1.034500,-2.073431,0.709164,0.530615,-0.222646,1.429811,-0.610890,0.284531,0.277748,0.145812,0.152168,2.18,0,Officeworks,Other,
84371,0.909312,0.076540,-1.938788,0.694151,-1.071264,1.417636,-2.572970,2.592940,0.167196,-0.628844,-2.046704,-0.388714,-1.080670,-0.103419,-1.278824,-2.805140,-0.198211,-0.379002,-1.649721,-0.570999,0.572861,-0.123207,-0.837232,0.536080,-0.476387,0.420805,1.280130,-0.143797,4.00,0,JB Hi-Fi,Other,POS terminal
85071,1.472925,1.815186,1.531950,0.691621,-2.510217,0.908377,1.089356,-0.325350,0.107581,-0.902226,0.293558,2.008756,-0.595524,0.184889,-0.433100,0.671485,0.115094,0.315970,-0.252111,-1.085605,-0.281458,1.411816,-0.483716,0.392067,-0.133321,1.030634,1.114273,0.052006,1.05,0,Acme Corp Payroll,Salary,
86399,-0.403999,-0.952781,1.935062,0.828903,1.639664,-1.381208,1.140106,-0.364107,-1.377212,0.769791,1.021919,-1.710737,0.267133,0.886831,0.024223,0.742292,-0.773256,-0.711191,0.133699,1.667725,1.131454,0.512689,1.087043,-0.257532,-0.979337,0.499577,0.689444,-0.050149,8.02,0,Steam,Entertainment,
86399,-0.875650,-1.136636,-0.426568,-0.045656,-0.905747,-0.472993,1.013901,0.019179,-0.064616,1.209937,-0.155728,0.467942,0.703108,-0.190935,-1.999678,0.678856,1.925099,-0.363612,0.057250,0.132017,-0.960143,1.214662,0.561947,0.166458,0.591651,-0.059076,0.791665,0.472205,3.62,0,Optus,Utilities,POS terminal
86399,1.197926,-0.399622,1.404047,0.548462,0.098802,-0.733507,1.286775,-0.671067,1.127645,1.247956,-0.501873,-1.665067,1.044872,0.362417,-1.280054,-2.351619,0.254474,0.420592,-1.303579,0.206696,2.228706,-0.476925,1.376858,-1.149118,-0.072417,-0.704314,1.199178,1.251844,19.14,0,AGL Energy,Utilities,
86399,-2.063614,-1.869475,0.586050,-0.067841,0.837051,0.361750,1.831416,-0.617792,-2.986008,-0.233986,0.700517,0.856383,-0.640646,1.509630,-0.113388,-0.139364,0.251297,0.280934,1.024932,0.333976,0.451120,0.072211,1.307284,1.183006,-1.974474,0.034957,0.896992,1.263000,78.58,0,BP Service Station,Travel,POS terminal
86739,-0.035048,-1.176461,-0.179972,-1.251425,-0.499049,-2.298752,0.124729,-0.157103,0.113374,1.381369,-0.835917,-1.078759,0.871030,1.387264,-0.518120,-1.113233,-0.696018,1.093059,0.955554,-0.358200,1.500146,0.109571,-0.001075,-1.173905,0.458779,-0.076291,0.307429,0.792455,22.34,0,GlobalSoft Ltd,Salary,Membership fee
87331,0.642206,1.613871,0.341185,0.953937,-0.468520,-1.228081,-0.160602,1.359789,1.006829,1.265993,-1.468488,0.275253,1.372692,1.212760,1.925366,-0.803989,-0.978647,1.245439,0.601254,0.111154,1.089046,0.108262,-0.493816,0.839340,-0.367424,-1.347314,-0.191428,-1.163252,21.93,0,Airbnb,Travel,
87547,-0.444772,-0.513182,-0.845485,0.883265,-1.172193,-0.644534,-0.035980,0.447418,-0.155425,-0.360132,0.566550,-0.610898,2.068237,-0.066165,-0.597092,0.651765,1.579611,2.834993,0.407881,-0.172305,-0.424421,1.025332,0.036819,-1.222262,-1.958001,0.487984,-0.334705,0.528229,56.22,0,JB Hi-Fi,Other,
88072,-1.190675,-1.322411,-0.828794,0.786377,0.465277,0.230656,0.387773,0.013869,0.664788,-1.126386,0.210703,-0.902150,-0.700870,0.476204,0.991492,1.381789,-0.822010,1.588900,-0.824404,2.136262,0.456021,-1.301017,-0.531528,-0.789495,-0.230202,0.133647,0.237370,-0.062509,27.17,0,BP Service Station,Travel,Direct debit
88139,0.873060,-0.322294,1.404750,0.817652,1.040240,-2.144001,1.223240,0.155890,-0.238532,-1.065128,-0.514578,0.154131,-0.530582,-1.344524,1.390881,1.298870,-0.774643,0.666531,-0.292114,1.253012,-0.607765,-0.318991,-2.077218,0.470051,1.061840,-1.290799,-0.213889,0.400814,37.74,0,Optus,Utilities,Direct debit
89002,0.089308,0.553242,1.048111,0.511258,0.788359,1.677303,-0.266643,0.128478,2.081451,0.342034,1.572245,-0.358489,0.366747,-1.781592,0.861197,-0.221832,1.005892,-2.494796,-0.172636,0.393530,1.176543,0.194261,0.245917,-0.753255,0.872999,0.015271,-1.054794,-0.651963,142.82,0,Qantas,Travel,
90888,0.290132,-0.664283,1.767467,0.739222,-0.895151,-0.426582,-0.740704,0.484123,0.212235,0.816746,-1.373539,1.151451,1.020858,-0.259685,-0.976640,0.206991,0.623614,-0.137693,0.154896,0.048807,1.145905,0.981929,0.628008,-1.430657,0.984302,0.891210,-0.194078,-0.675399,4.76,0,Chemist Warehouse,Other,
91836,0.632310,-0.680337,0.715383,-1.753379,1.450140,-2.255906,1.547455,-0.047563,0.387115,-0.793226,0.953954,-0.739590,-1.162066,-0.609701,1.033145,-0.370484,-1.256473,-1.644596,-0.848919,0.590243,-0.643541,-0.332917,-0.068931,0.562320,0.595973,-0.792039,1.500037,0.928013,75.95,0,Priceline,Other,Tap to pay
92377,1.015270,-0.012329,-1.094911,-1.016228,-0.024240,0.146122,-1.769050,0.167340,-1.616279,-0.472655,0.016371,-1.265165,-0.429400,0.785147,0.748659,-2.458382,0.999066,-1.095339,-0.582335,-0.397048,-0.095348,-0.233391,0.852778,-1.326807,-0.883998,-0.489564,-0.988489,-0.775528,18.22,0,Vodafone,Utilities,Tap to pay
92430,1.919544,0.767625,-0.076001,-0.980818,-1.633321,0.981292,0.239281,0.293381,0.936800,-0.892895,1.857747,-0.653693,-1.384801,-0.184796,0.251569,-1.571707,0.261113,0.212217,-0.127240,0.073290,1.204609,-0.757794,2.060390,-0.040027,-0.282510,0.033848,1.204075,0.070406,7.98,0,KFC,Food,
93779,-0.832532,-0.386360,-0.570102,-0.940468,2.065520,-0.353531,0.819709,-1.416363,-0.837720,0.398727,1.428190,-0.956913,-0.048980,-0.398583,1.242618,-1.407641,0.833448,-0.188616,-0.432398,-0.586223,-0.437633,0.245967,2.282709,-0.678486,0.599425,0.889488,-2.464922,-0.293302,17.80,0,Grill'd,Food,In-store payment
94150,1.375646,0.979390,0.258404,2.258162,0.324902,-0.839645,0.986895,0.144789,-1.202255,-1.228118,-0.678889,-0.841578,0.326600,-0.882951,0.323873,-0.754498,-1.323978,-0.470064,-1.176600,1.048315,1.209594,0.545790,-0.053260,-1.197136,-1.339100,-0.798440,1.590254,-0.348814,4.98,0,Starbucks,Food,Auto-renewal
94713,-0.997317,-1.095758,0.814255,0.740266,-0.765920,-0.892693,0.299522,0.463349,1.326681,-0.599230,2.451162,1.757168,-1.038753,0.679579,0.249834,0.775058,1.387058,0.554695,-0.015904,-0.664114,0.296732,0.984071,-0.039901,0.667849,-2.271079,0.889282,-0.083614,0.145307,34.38,0,Woolworths,Food,
95674,0.099311,1.010312,-1.486543,1.412972,-1.186887,-1.523026,-0.563484,1.876594,0.293312,1.148597,-1.648823,-0.819611,-0.751030,-0.443279,-0.169848,0.859762,0.223382,-0.012167,1.507307,-0.277073,-0.240722,0.673106,-0.793808,-1.482422,-0.849833,0.217732,-0.095564,-0.415456,36.91,0,Suncorp,Insurance,Auto-renewal
96032,-1.007461,-0.593503,-1.181797,2.349474,0.962358,0.778837,-0.496294,1.216306,0.753970,1.537893,-0.236016,-1.500522,0.292895,0.307318,-0.269267,-0.428774,0.207683,0.798163,-1.608355,0.843764,0.230348,1.736572,1.107697,-0.367049,-0.077162,-2.313150,0.182325,-0.853954,0.67,0,Priceline,Other,
96144,0.565812,0.909271,0.374557,-1.096772,1.634223,-0.550683,1.146916,-0.830182,1.386050,2.048322,1.572090,1.585157,-0.884763,0.781056,-1.385653,0.160030,0.301189,-1.765835,-1.100709,-1.635728,-0.846522,0.713176,0.441464,-1.189937,-0.706781,-0.104419,0.492983,1.264226,1.68,0,Bunnings,Other,
96665,0.319104,-0.808469,-0.143381,1.073303,0.037770,-0.777607,-0.872091,-0.431601,0.896131,-0.363732,-0.367980,3.015530,0.818811,-1.612791,-1.398871,-0.284824,0.738674,-1.013175,1.090955,1.514779,-0.792233,0.634053,0.915209,-0.093567,-0.381462,-0.161969,0.817938,2.708571,1.26,0,GlobalSoft Ltd,Salary,
96854,0.274398,0.194199,-0.163009,0.801771,0.147533,0.948885,0.045662,1.755281,0.639559,-1.243258,0.823857,-0.890295,-0.959325,2.012131,0.184127,-0.226313,0.740639,1.053222,-1.456701,0.186699,1.465091,0.234661,-0.774185,2.126841,-0.756603,1.514832,0.443060,0.438433,10.85,0,Vanguard,Investment,Card present
97867,1.039425,-0.022696,1.290390,0.551196,-1.231319,0.079024,1.417528,-0.869376,1.699359,1.295794,-0.894241,-0.206453,-0.287355,-0.915462,-0.413399,-1.409292,0.018066,-1.007911,0.434950,1.502047,-1.079959,-0.538672,1.314350,-0.164117,-1.767599,0.627526,-1.268099,1.819920,6.98,0,KFC,Food,
99621,0.560273,0.951017,-0.659040,0.808779,1.310926,-1.328005,-0.594634,0.892053,0.003794,0.857602,0.186486,0.303699,0.876186,-0.050904,-0.360404,0.470272,0.146893,-0.354142,-1.025855,1.135296,-1.293832,0.935879,-0.462212,0.120637,-0.034406,0.791162,-0.600733,-0.380823,10.83,0,Aldi,Food,
99629,-1.331046,-0.077468,-0.835109,1.177991,-0.677543,-1.077073,0.905245,-1.287513,2.033210,-1.172802,0.607780,-0.316235,-0.608489,1.218855,0.695612,0.122693,-0.101188,-0.806991,-0.973510,0.049360,0.413120,-1.905478,0.146805,-0.791736,-0.839776,0.109300,0.291507,0.571399,10.18,0,Domino's Pizza,Food,Online purchase
101139,0.026248,0.041659,-1.051184,0.083878,1.752351,-1.014905,1.035463,-0.014913,-0.675147,0.284921,-0.507962,0.458433,0.448806,0.359669,0.548081,2.570544,0.352394,0.898296,2.973602,0.103541,1.432517,0.156312,-1.040369,-1.190800,-0.175514,-0.721512,-1.560105,0.650279,193.23,0,Chemist Warehouse,Other,Recurring subscription
101581,-0.338299,-0.515474,-1.337086,-0.741134,-0.896214,-1.837255,0.172346,-0.641966,-1.422527,-0.084316,1.910251,-0.445619,-0.778051,0.650425,-0.347550,-0.059339,-0.513193,-0.520951,-0.627278,-0.626552,-2.104123,0.817798,0.265783,-0.613637,-1.048148,-0.213945,0.675310,1.235724,11.75,0,BP Service Station,Travel,
101866,0.301667,-0.428320,-0.153296,-0.800338,1.391434,-0.751772,1.264783,-2.128030,-1.353988,-0.016600,1.325695,-0.399901,-1.570403,-1.483811,0.593777,-1.236024,-0.342857,-0.870682,-0.268213,-0.899091,2.761237,0.569390,-0.845148,0.480330,0.826231,-0.891530,1.613912,1.240095,11.76,0,Netflix,Entertainment,
102891,-0.021292,0.499009,0.745281,-1.246727,-0.310498,-1.527933,-3.140102,1.651584,-1.490523,-0.779219,2.189070,1.343619,-0.514693,-0.457680,0.229616,-0.619569,-0.864934,-0.056011,-0.045112,-0.243431,1.267286,-1.843951,0.009301,1.503483,-0.243369,-0.420412,-0.668240,1.139385,47.30,0,Sydney Water,Utilities,In-store payment
103188,0.287081,0.466797,2.576698,0.429619,-0.312787,-0.623834,0.950241,1.277108,-1.280551,-0.294308,0.504781,0.241351,1.753678,0.419122,1.935125,0.796201,0.204496,-1.325350,-0.629353,-1.889413,1.262903,0.549658,0.412641,0.413893,1.447358,-0.432869,0.848566,-1.040329,1.60,0,PlayStation Network,Entertainment,
104348,-1.640240,0.865158,0.115994,0.918287,-1.472492,1.133806,0.522104,0.039228,-0.973279,-0.259490,-0.861246,-0.851868,-0.574825,0.567438,-0.640793,-0.200981,-1.398065,0.793240,-0.040624,-0.854594,0.543088,-1.795364,-0.953224,-1.971722,-1.432327,0.933224,0.575198,-0.081569,7.79,0,Hertz,Travel,In-store payment
105623,-0.049635,1.995222,0.639629,-0.571398,-0.072290,0.165646,0.236853,0.764472,-0.874507,-2.180650,0.761742,0.262124,-1.243500,0.914531,-0.630665,-0.233426,0.971035,2.056624,0.072042,0.252919,-0.583527,-0.400669,0.526606,-0.699488,2.178748,1.230313,0.020132,0.994290,4.54,1,Online Store,Other,Foreign currency
105797,-1.197289,-0.853216,-0.979001,-0.644122,0.707975,0.545066,1.808592,0.353129,0.612344,0.570981,0.552892,0.280711,-0.442626,0.370935,-0.139703,1.199101,-0.306230,0.582288,0.654335,-1.797301,0.713791,-2.250681,-0.807178,-0.005932,1.198848,-0.825733,-1.453299,1.301840,65.86,0,IGA,Food,
105896,0.652616,-1.104617,-0.897282,-0.027910,0.112727,-1.009372,-1.147923,-1.377466,-0.930070,0.357056,0.123856,-1.746041,-2.043061,2.290215,-0.245416,-0.398666,-0.561258,-0.353906,0.900989,1.672273,-1.376175,0.217236,-0.661364,0.868047,1.094080,0.530303,-0.733966,1.244540,24.89,0,EnergyAustralia,Utilities,
106207,-0.199241,0.140300,0.017675,-1.336647,0.921118,1.202326,-0.407111,-0.464290,-2.086610,-1.560703,0.668138,-1.510110,-1.296741,0.921193,2.317860,0.516115,-1.010809,0.259649,0.515169,-1.585644,-0.125767,-0.226992,0.602069,1.863600,0.468530,1.269833,1.463505,-1.221855,1.27,0,Kmart,Other,Online purchase
106450,-0.687998,-0.722885,-0.879330,2.522795,-1.026599,2.143553,1.892097,1.059448,0.277961,-1.323179,-0.867979,-0.744672,0.567456,0.264453,0.591288,-1.935674,-0.588424,-0.686925,-0.552281,0.973368,1.066318,0.453620,0.277156,-0.520467,-0.704537,-0.659560,1.164490,-1.173209,10.52,0,Bunnings,Other,
106696,-0.030157,-1.118509,0.443118,-0.155187,-0.248395,-1.935101,-1.164100,-1.694975,1.238118,-0.119228,1.967505,-2.166692,0.166463,0.599087,0.567131,-0.932256,3.137108,-1.022102,-0.394774,0.031963,1.595597,-0.530074,-0.841734,-1.723277,-0.061183,-0.367077,0.790206,0.183877,17.43,0,BP Service Station,Travel,
106808,0.248541,1.024265,-1.231210,-1.732557,-1.951767,-0.462847,1.349039,-0.724043,-0.277597,0.384361,-0.118556,-1.880063,2.476955,-0.605369,0.346216,0.008271,0.457564,-0.560140,0.754779,0.263177,-0.292536,0.772300,0.676021,0.410258,1.816745,-0.652868,-0.749035,0.602716,9.44,0,Northwind Industries,Salary,Tap to pay
106871,0.639029,0.289965,-0.743935,0.385130,0.755079,1.626076,-1.061717,1.029241,0.508108,1.639527,1.176309,-0.336989,-1.320563,-1.763472,0.939286,1.703400,-0.435120,-0.898307,-0.562641,-0.223797,-2.518873,-0.136223,1.939430,-0.361219,-0.344344,1.558467,-0.967187,-0.334621,1.65,0,Qantas,Travel,
107375,-0.294686,-1.375927,-0.004145,-1.098482,1.420307,-0.039240,-0.606878,-0.363895,1.423987,0.505936,-1.042576,-1.032452,-0.737408,-1.371434,1.275443,2.173126,0.730705,-1.103044,1.155995,-1.323328,-1.567293,-0.858455,-1.568664,-0.309530,-1.820301,0.615634,-0.453395,0.881706,11.72,0,Subway,Food,
107667,-1.083057,-0.285319,1.720405,-0.631805,0.153067,1.632873,0.364958,-1.375849,1.220657,-0.644675,1.465037,-0.279823,-0.611713,-0.891196,0.373856,-0.141475,0.775148,1.291528,-1.891412,-1.211126,-0.754507,0.449766,-2.009601,0.738570,-0.189744,-0.444421,-1.502748,-0.790094,14.10,0,Coles,Food,In-store payment
107704,1.126025,1.508291,1.154467,-0.773364,1.992738,0.280921,-0.862109,1.526642,-0.643277,-0.981128,-1.206808,0.610967,-0.051038,-1.342913,-0.084538,1.015754,0.827522,-0.726844,-1.362108,0.738110,0.931687,-0.551593,0.195044,0.580610,-1.041387,0.275594,-0.293371,1.423003,9.19,0,Vodafone,Utilities,
109162,-0.426279,0.196677,-1.070513,0.892617,-0.491945,-1.992204,-0.202608,-0.687182,-0.171605,-0.040334,-0.827159,0.710515,1.499754,-1.352623,-0.448481,0.346537,-1.026496,-0.865462,0.142004,-1.035670,-0.315087,-0.348919,1.219240,0.555068,0.203030,0.964643,-0.514346,-1.481083,5.87,0,KFC,Food,Recurring subscription
109650,-1.212935,-1.341542,0.775427,1.196508,-0.884983,-1.373578,-2.032304,1.311679,-0.974698,-0.063676,-0.631965,-1.333444,-0.802655,-0.795548,-2.221971,-1.386409,-0.870910,0.311169,1.482018,0.290236,0.781741,1.531520,0.626617,0.995849,0.803177,-0.056454,1.036019,1.362480,39.91,0,IGA,Food,
110325,-1.040805,-0.334225,0.826934,0.798974,-0.963630,-0.092595,-0.272163,-1.291699,-0.092028,1.268277,0.925853,0.367021,-0.655736,-2.283377,0.650075,-1.807080,-1.004173,1.475040,-0.944123,-0.504108,-0.102707,-0.794212,0.472234,1.650690,-1.555202,-0.395157,-0.500452,0.010438,3.78,0,Bunnings,Other,
110470,0.499270,-0.302827,-1.665117,0.591044,0.599832,-0.685867,0.768649,-1.420235,-0.854302,0.944504,0.311950,-1.095109,1.559503,0.015497,1.830362,0.857131,-0.481600,-0.551971,0.910279,-0.325335,1.285067,-0.195706,0.311851,-0.434943,1.773407,0.225460,1.373466,1.360052,152.56,0,Stake,Investment,
110682,-0.775306,-1.792852,0.107198,0.993272,-0.689290,-1.040946,-3.097603,1.312085,-0.140477,0.259226,-0.391538,-1.000280,1.744329,0.731736,0.545538,0.621184,-0.796491,-1.115021,-0.032825,0.997494,-0.040909,0.814473,1.168289,0.269928,0.382585,-0.987597,-0.779921,0.737212,242.05,0,Starbucks,Food,Membership fee
111163,1.053327,0.672697,-0.145335,-0.358285,-0.870670,0.315695,-1.421318,-0.637862,0.106868,0.444881,-1.771966,0.828843,1.318615,1.953039,-1.795706,0.836248,-0.753523,-1.941383,0.106632,-1.398908,1.941650,0.259421,-2.164563,0.580439,-0.856298,0.876057,-0.592826,0.169352,4.71,0,Netflix,Entertainment,
112201,-0.068386,-0.848788,0.011938,-1.221505,0.541904,0.452999,0.035780,-0.229859,0.084206,1.147795,0.095250,-1.009307,-0.421095,1.456148,1.828578,-0.017465,-0.176325,-0.138420,0.572083,-1.111947,1.358745,-0.311668,1.208654,0.451916,-0.225923,0.679812,0.239012,-1.645768,13.33,0,Vanguard,Investment,
112868,-0.387215,-0.673925,1.438089,-0.481118,-1.486802,-0.779270,-0.575539,2.102206,-0.113762,-3.154582,-1.727858,1.872819,-0.426071,-6.271429,0.780287,-0.227308,-1.553774,-0.620239,0.103121,1.934796,0.634967,1.340290,0.918393,-0.409045,-2.160982,0.373268,0.473644,2.809262,3.22,1,Web Payment Inc,Other,
113479,0.698580,0.100256,0.310961,0.756856,-0.964335,-0.928854,1.870106,-1.275304,-0.130051,-0.281360,-0.495949,0.427877,-0.133098,1.273966,-0.090941,-0.456731,0.318622,0.168374,1.574460,1.856053,-0.501894,0.428795,-1.318789,0.408034,1.472672,-0.452460,0.540759,-0.687348,8.98,0,eBay AU,Other,
114319,0.424100,1.628559,0.038290,-2.322946,1.499182,-0.992051,0.048482,0.285235,0.661675,-0.041664,0.117976,-1.501440,0.505080,-1.850091,0.245299,0.702043,-0.536005,0.043060,0.257468,0.739882,0.277477,0.515499,0.428407,-0.754099,1.287031,0.180945,0.214932,2.341056,7.75,0,RentPay AU,Rent,
115493,1.312408,0.406632,0.708967,0.356501,-0.269017,0.067913,1.267416,0.473698,-1.255866,0.655108,0.307552,0.620324,-0.700872,-0.956540,-0.898399,2.234572,-0.206591,0.113455,-0.415545,0.153561,1.382827,0.982324,1.714575,0.357280,-0.284790,0.065654,-0.618669,-1.256645,43.69,0,Coles,Food,Recurring subscription
116297,-0.285320,-0.547230,0.480472,-0.161228,-0.062149,-0.004426,-2.406156,-0.294630,-1.312850,-0.623339,1.246391,-1.813048,-0.178463,-1.580625,-0.099320,-0.796788,-1.106503,-0.560701,1.019196,-0.968129,1.698709,-0.704294,0.775538,-0.428358,-1.543615,0.292947,-1.022416,1.643853,142.58,0,Domino's Pizza,Food,
116356,1.158497,-1.113476,-0.092496,0.899516,-0.179690,-0.409156,1.079773,-1.107339,0.888497,1.841916,-1.054149,0.096773,-2.085763,0.490360,0.106124,1.043295,-1.461683,0.262377,-1.658738,-2.655364,1.860745,1.442231,-1.381708,-0.876996,-1.725343,0.888718,-1.631121,0.430550,99.37,0,Kmart,Other,
116792,0.380084,0.046926,0.370618,0.895512,-0.326609,-0.056914,0.426782,-0.330071,-1.281877,-0.329071,0.401227,0.795013,-1.248703,-2.297156,0.331379,0.503644,-0.000174,0.333797,-0.255775,0.798816,1.331458,1.089678,-0.168171,1.750399,1.226193,0.802928,-1.644297,1.467048,27.07,0,Sydney Water,Utilities,
116954,0.362693,0.145277,-1.616890,1.493435,-1.000066,1.016728,-1.227217,0.720943,-0.363277,-0.617100,-0.170781,0.001393,-1.213387,0.696369,0.062854,0.311744,0.803586,-0.414709,0.350131,-0.382283,0.549902,-0.441664,-0.402902,0.600495,-0.235549,-0.402910,0.289503,0.821964,16.70,0,Booking.com,Travel,
117075,0.717273,2.210329,-0.567226,-1.924331,-1.277651,-0.032340,1.997934,0.328742,-0.754383,0.840198,-2.267977,0.592703,0.918684,0.541495,-0.146994,1.053158,1.381651,0.737315,-0.533846,0.347149,-0.000110,0.318294,-0.146239,0.115552,-1.018624,-0.571286,-1.942239,0.158358,19.65,0,Uber,Travel,In-store payment
117185,1.475985,0.702059,0.271740,0.796317,-0.769769,0.111829,-0.727679,0.393328,-0.833694,-0.927239,-0.269413,2.358622,0.242698,0.130914,0.374250,-0.986424,-0.194075,-0.801413,0.638526,0.108792,-0.011533,0.398398,-1.281369,-0.428051,-2.049761,0.296333,-1.146688,-1.788053,49.25,0,Priceline,Other,
117213,-0.614901,0.755198,-0.988265,-0.088602,-0.742068,0.581582,1.384759,0.307742,-1.775995,0.703087,-0.288307,0.159894,-0.536147,2.006326,1.349602,-1.680806,-0.081784,0.954712,0.845660,0.425924,-0.328605,-1.802750,0.717737,-0.271985,0.436379,0.410889,0.422954,0.647990,19.53,0,Grill'd,Food,
118365,-0.922365,1.389776,0.986057,-0.323722,1.570703,-0.892253,0.164178,-1.714785,-1.038792,-1.928420,-0.013839,0.653111,1.415269,1.168231,-0.764580,1.058369,-0.666595,-0.359770,0.157633,-1.104003,1.165270,1.912243,-0.494442,0.690408,-0.029442,-0.485377,0.742274,0.186775,608.28,0,Coles,Food,Card present
119042,-0.673884,1.036438,1.573851,-0.018104,0.246577,-0.673259,-0.934640,0.224801,-0.037444,0.611129,0.172205,-1.754427,-0.291465,-0.350324,1.227495,-0.251380,-0.388140,-1.154243,0.152062,-0.467724,-0.088156,0.430251,-0.265696,0.041198,0.622109,-1.973801,-0.431245,0.360191,3.63,0,Guzman y Gomez,Food,Membership fee
119183,0.822363,1.091981,-0.362548,-0.455620,0.643047,-0.515444,1.169082,-0.689639,0.382860,-0.638713,1.208618,-0.444151,1.233801,0.089788,0.440769,-0.019158,-2.312792,0.480326,1.407581,-0.860066,0.731567,0.044735,-1.629184,0.002303,-1.117760,0.246661,0.479322,0.047788,6.84,0,IGA,Food,In-store payment
119605,-0.058659,0.335859,-0.345416,-0.864878,-0.436418,-0.428087,-0.330839,1.235016,-2.832845,-1.419942,-1.240740,0.869360,2.518421,1.205348,-1.410280,-0.211531,0.177947,-1.217017,-0.850537,-1.315286,0.017685,0.583114,-1.150621,1.967176,1.201008,1.646781,0.725626,0.953495,11.71,0,Hoyts,Entertainment,Direct debit
119633,0.237375,-0.360562,0.625616,-0.052083,0.630611,0.000881,0.095817,-0.926349,-1.964888,0.841271,0.312552,0.743534,-1.419679,0.112001,-0.662234,-0.254729,0.182394,-1.670701,-0.122586,-0.600930,1.634749,-0.047800,-0.463884,0.037905,-1.111563,1.013662,2.558449,1.259038,45.13,0,Acme Corp Payroll,Salary,
120032,-0.578523,1.308098,-0.548898,-1.090736,-1.233056,-0.100268,-1.187717,-0.196525,0.339295,-0.855600,0.290219,-0.133465,-0.653564,0.363711,-0.782717,-1.440848,-0.288601,-1.116896,-0.003594,0.737454,0.604421,0.545644,-1.017081,-0.733899,0.924550,-1.192029,1.569072,-0.049830,308.01,0,Aldi,Food,
120047,-0.178551,-0.263377,0.993979,-1.370987,0.327193,0.238645,-0.512462,0.716995,-0.516977,-0.363735,1.102889,-0.992888,-0.866513,1.210476,1.869409,0.650401,0.114897,-0.462294,2.133396,-0.664685,1.098368,0.290691,0.142607,-0.240668,-0.453553,-0.893449,-1.153594,0.911836,32.86,0,JB Hi-Fi,Other,
120973,-0.785225,1.594535,0.883407,-0.871989,0.993674,-0.345728,-1.353541,-0.564716,-2.437365,-0.036520,-0.874834,-1.079472,0.260137,0.314390,0.750285,1.827694,1.524190,-0.346624,0.742005,0.758136,0.925775,0.989191,0.131510,-0.350494,0.413588,0.291998,-1.295359,1.491237,59.56,0,Guzman y Gomez,Food,
121005,-1.322471,-1.495959,-0.440662,-0.875660,-0.358040,-0.488547,1.090680,-0.217293,-1.117976,-0.718566,-0.469591,-0.797682,-0.471293,0.750645,-0.233562,-0.743891,0.575479,-1.306871,-0.407025,-0.885064,1.145416,0.438355,-0.991049,-0.023822,0.257448,0.417657,-0.367508,1.239433,5.48,0,PlayStation Network,Entertainment,Card present
121747,-0.513101,-2.152096,-0.318661,-0.727807,1.509977,0.793994,2.116779,-1.235059,0.167558,-0.032244,-0.406945,-0.423014,0.166809,1.859940,-0.479462,0.680716,-1.514175,-0.448090,-0.600515,0.370285,1.452199,0.967675,-1.216356,-0.136466,-1.410910,-0.888249,-0.554884,0.023453,35.50,0,Guzman y Gomez,Food,
121780,1.753418,0.461540,0.552536,2.030135,-1.023646,1.225627,1.232985,0.868344,-1.211376,0.329033,-0.518738,-0.165557,-0.172863,1.184520,0.384992,0.466469,-0.773695,-1.387804,0.847990,0.499967,0.601537,0.056316,-0.629500,-0.538942,0.533283,1.934505,0.892778,-0.797233,28.19,0,AGL Energy,Utilities,
121977,-1.234870,2.268863,0.021617,-0.323007,0.857510,-0.052670,-0.817842,-0.974834,1.825468,-0.051891,-0.525613,-0.818381,0.766702,1.071022,-0.387993,-1.429541,1.830505,0.250650,0.576650,0.506964,-1.041217,1.208826,-0.048750,-0.880801,-0.781567,0.360998,-1.074204,-0.904688,14.30,0,Chemist Warehouse,Other,Online purchase
122336,0.894878,1.643533,0.062182,0.451895,0.509896,0.292839,0.042287,-1.782429,0.410986,-1.082402,1.567930,-0.543962,-0.897589,1.011779,0.740142,0.827403,0.379652,1.164625,0.226556,2.013854,-0.045282,1.351668,-1.056020,-1.322745,-0.932045,0.507841,0.066655,0.752704,2.79,0,Vodafone,Utilities,
122564,0.983728,-1.080157,0.780512,0.179874,-0.385864,1.195963,-0.478997,-0.940650,-0.347194,0.418768,-1.625753,2.548045,0.288102,1.675199,-1.578571,-0.306717,1.140898,-0.964364,-0.941976,0.092090,-0.969688,-0.190754,-3.197772,0.460481,1.170659,-1.432010,-2.521872,-1.246858,14.14,0,Allianz,Insurance,In-store payment
123338,0.093005,-0.299425,0.298062,1.937465,-0.864745,-0.936453,-0.397168,0.968726,0.138362,0.937526,0.196328,-1.192375,1.101948,2.096321,0.329813,-0.953639,0.614912,0.682391,-1.296336,0.916157,-0.811037,1.376467,-0.251829,-2.184062,-0.450970,-0.086003,0.259209,-0.911981,76.56,0,Kmart,Other,
123367,0.292044,0.288668,-0.735668,-1.807578,1.511601,0.161751,0.121812,0.902913,-1.531100,-0.994619,0.605502,0.690350,1.995892,-1.539814,-1.706412,0.516774,-0.372697,0.489011,1.876256,1.068424,-0.340245,0.547660,0.624410,-0.546718,0.024151,-2.105601,0.250520,1.277320,43.60,0,Hungry Jack's,Food,Membership fee
123404,-0.309846,-1.198232,-0.259606,-1.104653,0.230533,2.074404,0.238275,-0.855259,-1.001239,2.166170,-0.778352,-0.695566,1.313461,-2.692782,-2.916329,-1.071671,1.363992,0.210876,1.086958,0.969345,1.257618,1.295039,0.834664,1.345084,-1.180275,-0.716690,-0.526062,0.472893,65.65,0,Vanguard,Investment,
123444,0.910710,0.568347,0.695855,-1.231071,1.046161,0.402575,-0.007116,-0.586243,0.323749,-1.053658,-2.369704,-0.170854,0.356672,0.336766,0.812895,0.828564,1.512187,-1.675271,0.062763,0.038598,2.514653,0.027828,-0.928990,1.705592,-0.814611,-0.087100,-0.585265,-0.381699,21.37,0,Big W,Other,Online purchase
123926,0.613169,-0.150649,0.467322,-1.818137,-0.237507,0.334731,0.582658,-0.490503,-0.215484,0.790467,-1.765619,-1.212428,-0.054663,-0.062507,-0.026924,-0.534474,0.185097,-1.332800,0.504181,0.387063,-0.646167,-1.121719,1.303848,0.046413,0.668272,-0.057890,1.630221,0.951029,37.35,0,Virgin Australia,Travel,
124293,0.035584,-0.212823,0.499178,0.080541,-1.488896,0.208542,-2.155352,-0.665413,0.098302,-0.312325,0.361639,0.268843,0.156647,-1.449542,-0.849774,0.854630,-0.464029,0.021196,-0.340758,0.002739,-0.022453,-0.256988,0.892804,0.882187,2.192238,-0.185815,-0.712515,-3.046772,102.82,0,Vodafone,Utilities,
124478,1.361312,0.788334,0.675567,2.125033,0.726828,-0.246781,0.159914,1.168124,-1.012244,0.043966,2.309229,-0.790715,-0.220148,0.643705,0.164600,1.069662,2.094360,0.726798,0.216105,2.201285,-0.339384,0.298477,0.731280,1.589158,-0.572613,0.598894,0.881994,0.638016,52.46,0,7-Eleven Fuel,Travel,
124726,-0.672471,-0.611535,-1.734276,0.085182,0.888796,0.709593,-0.349313,-1.167140,-0.462687,0.438477,-0.651051,1.816994,2.152871,-0.024839,-0.405503,-0.682573,0.072175,-1.400097,2.109916,-2.503141,-1.572992,0.718598,-0.786980,-0.507607,-0.697962,0.584201,-1.255674,0.541845,1.47,0,Aldi,Food,Auto-renewal
124735,1.093726,-0.194706,-0.771607,2.373073,0.627725,-0.057795,0.040987,0.891773,0.493670,0.234271,0.941140,-0.687906,0.167918,0.198439,-1.219567,1.831207,-1.064684,0.792368,-0.822117,0.724596,-1.340529,-0.076207,-0.314350,-0.465758,-0.500258,-0.367632,-0.889159,0.738197,8.77,0,BP Service Station,Travel,Card present
124877,1.349777,-0.351552,1.169905,-0.036302,-2.429556,1.288423,1.452974,1.381991,0.080805,-1.624184,-0.659912,0.516061,0.559023,-0.357163,-0.437547,-0.723035,-1.931326,0.036414,0.751317,-0.219721,-0.832822,-0.770383,-1.297445,1.775315,-0.031739,-0.134530,-0.277051,-0.392597,4.01,0,NRMA Insurance,Insurance,
124878,0.911830,-0.232004,-0.064136,0.291349,-1.032780,-0.651057,0.125664,-0.152007,0.791439,-0.081967,-0.351686,-0.397705,-0.774594,-1.444885,1.453862,-1.078223,0.157678,0.956998,-0.264086,0.689896,0.014453,-0.014255,-0.009219,0.904881,-1.527348,-0.329817,-0.961586,0.708484,1.26,0,NRMA Insurance,Insurance,
124893,0.048987,-1.554021,0.572496,-0.887434,-0.595933,0.489354,-0.610276,-0.210775,-0.822151,-0.824161,-1.317226,0.001177,1.152056,0.967704,-1.865627,-0.329875,-1.174831,1.244803,-0.666149,-0.664386,-0.349919,-1.461336,0.413158,0.160823,0.612607,-1.307184,-0.783605,0.017406,38.47,0,GlobalSoft Ltd,Salary,Direct debit
124918,-0.289723,1.446685,-2.700789,1.729743,-1.052767,0.220457,-0.762219,-0.754298,0.365842,-0.368987,0.440436,-0.896286,0.098623,0.900036,1.005670,0.513257,-1.001777,1.098781,0.714297,-0.264138,-0.515654,1.449260,0.543468,-0.350764,-1.926482,1.125733,1.389121,-0.469595,43.01,0,Big W,Other,In-store payment
124924,1.283597,1.095049,0.324519,-0.412653,0.541633,-1.407642,-0.763762,-1.099357,-0.633869,1.487293,-0.175420,-1.552030,1.420190,0.379984,-0.110994,0.696864,-0.093994,0.088289,-0.006871,0.374061,-1.583853,-0.811694,-0.355059,-1.148120,0.046163,-1.203859,0.201757,-1.326259,6.56,0,eBay AU,Other,POS terminal
125010,0.666965,1.074755,0.189451,-0.868060,-1.145397,-0.703371,0.635362,1.078553,1.169477,-0.531325,0.498370,-0.349484,-0.596402,-0.874399,0.397292,-0.990609,0.198938,-0.430509,-0.187866,-1.057250,1.168685,-1.142196,0.355706,-1.904662,1.118946,0.258716,0.314417,0.742291,69.46,0,Woolworths,Food,Card present
125601,-0.050452,-0.708944,1.412380,1.853654,0.278102,0.758311,-2.163181,-0.153236,-0.297517,0.618522,0.719259,-0.019212,-0.348807,-2.716428,-0.761975,0.313506,-1.945130,0.173320,-0.364217,0.669398,-0.140604,1.093362,-0.766179,1.254644,1.411205,0.563042,1.188382,0.282954,16.24,0,Hoyts,Entertainment,
125745,0.325276,2.288652,0.338711,0.285451,0.061477,-1.488048,0.988196,0.096081,0.296512,-0.439924,0.231050,1.182576,0.598155,-1.441380,-0.587459,-0.878643,0.965680,0.439072,-1.031229,-0.558384,0.727256,-1.824658,-0.755343,-0.068784,-1.589498,-1.938341,2.144401,0.785535,146.08,0,Spotify,Entertainment,Recurring subscription
125747,1.563873,2.065898,1.656846,-0.027888,-0.802382,-0.329301,-0.030755,-0.106485,0.378603,1.172481,1.347575,1.060794,0.211783,1.691471,0.857773,1.215315,-0.369162,-0.395536,-0.797764,0.593065,1.639974,0.608779,-1.002971,-0.003724,0.228774,0.997626,-0.768493,-1.771024,120.33,0,CommSec,Investment,Recurring subscription
125879,-0.795275,-0.420861,0.517906,0.175929,0.418468,-0.630806,-0.719798,1.558111,-1.582471,-0.603825,-0.533602,0.548571,0.011327,0.216875,-0.928636,1.422225,-1.020414,0.745400,0.376320,0.411263,0.215526,-0.363560,0.896844,-1.161126,1.979296,-2.017266,-0.284482,0.184792,26.23,0,Starbucks,Food,
125971,1.377796,-0.008288,2.563624,0.944591,0.436752,0.027692,1.003965,0.443162,-0.501763,1.361467,0.343881,-1.150625,-0.783774,0.416458,-0.747532,0.619321,-0.440686,1.458108,-0.642691,0.131149,0.228156,0.196254,0.598944,0.193311,-0.681584,-0.635087,-1.289857,-0.835597,49.23,0,Ticketmaster,Entertainment,
126020,0.149038,1.231365,0.691662,0.813183,1.232465,2.068812,-0.072395,-1.192824,1.581146,-0.053023,-1.143015,-1.262396,1.895069,0.682509,1.924744,-1.023960,-0.178338,-0.033040,-1.488546,-0.723643,0.590266,0.553609,0.811905,-2.364451,-0.802659,0.867256,1.351384,0.786484,11.60,0,Starbucks,Food,
126354,-1.198352,-1.515788,0.158702,1.446300,1.381480,0.324760,-0.827247,-0.518810,-0.016788,-1.455383,-0.545966,0.309822,-0.467778,-0.709517,1.132040,0.583555,-0.020838,-0.890748,-2.620485,-0.661917,0.542828,-0.506581,-0.281990,0.377496,0.210652,-2.305391,-1.358544,1.144394,24.93,0,Grill'd,Food,
126419,-0.060428,-1.252140,0.479158,-1.424894,-0.217282,-1.187936,-1.089301,0.376787,-0.047185,-0.788812,-0.446257,1.053421,0.520373,1.136070,0.022439,-0.110295,-0.198105,0.377031,-0.889083,-0.022522,-2.182537,2.570737,1.177719,-0.978255,1.224159,-0.802529,0.579026,1.427753,12.08,0,IGA,Food,Card present
126547,0.678629,1.684568,-1.214027,0.057866,-0.211634,0.545990,1.409648,0.841374,0.594464,-0.599579,0.042050,0.222146,-0.665306,0.291879,1.161874,0.730231,-0.564266,0.571525,1.242859,-0.544110,1.232723,1.100210,-0.554565,-0.722882,0.903084,1.134573,0.650921,0.019976,23.26,0,KFC,Food,
126728,-0.876417,-1.800192,-0.106262,-0.353688,-0.082232,-0.327060,-0.118500,-0.885705,2.526672,-0.672929,0.017886,0.406084,-0.656677,-0.706471,0.830309,1.102218,0.716032,-0.088386,0.135656,-1.913812,-2.210528,-0.676271,0.479918,1.152047,-1.542326,1.128835,1.419383,1.528557,11.35,0,Aldi,Food,Card present
126969,-0.558985,-0.606537,1.381730,1.174096,-0.141029,-0.437822,-0.119799,1.632660,0.276017,0.068993,-0.805997,-0.733202,1.121797,-0.878334,0.789992,-0.620976,-0.200044,-0.879287,0.998231,-0.742845,0.028370,0.208070,1.726829,-0.394743,-0.340462,0.109376,-1.881094,1.816309,4.26,0,7-Eleven Fuel,Travel,
127130,0.925385,0.079507,-0.656331,0.110652,1.093880,-1.007276,2.023241,-0.081845,-1.269914,0.776239,-0.713340,1.484750,0.125388,0.954602,0.069058,0.279860,-1.256477,-0.059997,-1.576221,0.369202,1.563045,-0.468797,1.251281,0.395106,1.407107,-0.559939,-0.784130,1.944761,5.01,0,Steam,Entertainment,
127173,0.932861,-0.281324,-0.403968,1.527835,0.323234,-0.363950,0.300294,-0.524110,0.657117,0.429960,-1.075492,1.280821,0.507698,1.380809,0.990615,-0.865462,0.451244,1.944417,-0.339427,-0.323745,-0.580735,0.026188,-0.902508,1.091365,0.646513,1.959664,-0.518230,1.127938,19.22,0,Translink,Travel,Direct debit
127210,-1.214980,-0.482954,0.321675,-1.159681,0.463240,-1.564971,-1.517879,1.852403,0.210432,-1.195274,0.122027,1.748242,0.246196,-0.116279,-0.026908,0.330115,1.456514,0.099343,0.274881,1.760982,-0.781868,-0.397141,0.855244,-0.044053,0.983069,0.791130,1.245238,-1.051346,19.21,0,Booking.com,Travel,Recurring subscription
127228,-1.665026,-1.941909,-0.113313,1.218340,1.031971,0.941140,-0.677259,0.066485,-0.454571,0.301718,1.840747,-0.232960,-0.192134,0.261453,1.405236,-1.461081,1.305722,1.234996,0.103819,0.035500,0.255883,1.618156,0.649424,-0.858789,0.384301,-0.314837,1.742129,1.031910,8.45,0,Optus,Utilities,Membership fee
127694,1.562850,-0.154311,-0.993494,-0.377759,0.353858,0.038586,-1.003785,0.728856,0.335104,-2.192633,0.530446,-1.202962,0.740461,-0.342391,-0.595055,-0.020413,0.414448,-0.398689,-0.783675,-0.420889,1.410016,-0.627215,-1.113926,0.837397,0.152309,-0.008520,1.156033,-1.491131,14.86,0,KFC,Food,Direct debit
127992,0.075950,1.173403,-0.816784,-0.318915,-0.480931,-0.485882,-1.816157,1.293425,-0.679509,-0.880844,-1.893702,0.428608,0.039611,-2.201142,-0.569672,1.300374,1.298687,1.384239,0.545848,0.489849,-0.021284,0.714119,2.478109,0.319142,-1.307559,-0.903511,-0.095010,1.839684,62.32,0,Telstra,Utilities,
128042,-0.008866,1.264116,0.257450,-1.829716,-0.356052,-2.164988,-0.791480,0.699685,1.697151,-0.368981,-1.708694,-0.481920,-0.635403,-0.346161,-0.135654,0.201185,0.149257,0.580513,0.001375,0.103080,1.297262,-0.454124,1.088016,-0.030822,0.388987,-1.638908,-0.042778,0.808188,23.97,0,Grill'd,Food,
128175,0.265389,0.448948,0.653581,-0.739051,0.054671,-0.341787,-0.015543,-0.172828,1.084885,0.554092,0.340014,-0.937352,1.027486,-0.110506,2.063232,1.909719,-2.302000,-2.095476,-1.937791,2.639142,1.290025,1.804915,1.763639,-0.288526,-1.347131,-0.642745,-1.476590,0.516493,55.42,0,Woolworths,Food,
128227,-1.727763,0.374826,1.196547,0.730038,1.645228,0.240566,-0.969974,0.150404,-1.359126,0.731187,0.758246,0.260647,-1.233025,-0.248017,-0.058377,0.180018,1.108130,-0.157420,0.102146,-0.254583,-0.008274,-0.126156,-0.652120,-0.690677,-0.358421,-1.954875,0.119850,1.132460,22.82,0,Starbucks,Food,Card present
128294,0.747570,-0.729502,-0.003536,-0.983436,0.430112,-1.247516,-0.199837,-0.195367,-0.699816,-0.314820,-0.916544,-0.134853,-0.657125,-0.237165,-1.370319,-0.312918,0.419041,-0.403282,0.659971,1.121974,-0.166002,-0.308689,0.115856,0.241327,-0.512562,-0.402015,0.557751,1.443327,78.17,0,Woolworths,Food,
128344,-1.036735,0.533348,-0.438647,0.113614,0.477314,0.713285,0.726397,-0.349736,0.109866,1.723352,-0.592954,-0.621530,-0.152334,-0.517940,0.035235,-0.895341,1.013934,0.476340,-1.179942,-1.129269,-1.555031,0.248389,0.065536,-0.501455,0.228814,-1.051299,-0.665727,-1.069488,18.48,0,Apple TV+,Entertainment,Tap to pay
128360,-0.342674,-2.404437,-0.260015,0.765023,-1.248072,-0.395076,-0.431639,-1.441897,1.564351,-0.236688,0.809131,-0.618990,-1.292969,0.142475,-0.708499,-0.222737,-0.727416,-0.120806,-0.367608,0.654150,0.204662,-0.035907,0.636171,-0.142837,-0.628804,-1.411789,-0.327759,0.642210,10.33,0,Starbucks,Food,Direct debit
128361,-0.223101,-0.013079,0.908124,0.027991,-0.312854,0.847206,-1.138526,-0.567601,-0.736752,0.850546,0.687601,0.599651,-0.301836,1.628885,-1.650759,1.674623,0.077124,-1.927020,1.046398,0.574912,-0.878242,0.659009,-0.259154,-0.503613,1.406931,-0.912234,-0.710334,-0.039626,35.24,0,Sydney Water,Utilities,POS terminal
128576,0.133143,1.792196,-0.647021,0.111408,-0.848077,0.034081,-0.850892,-0.038419,-0.300766,1.367810,-1.016600,-0.781438,-1.801259,-0.673248,-1.435441,-1.198045,-0.414414,-2.940754,0.665942,0.758646,0.911485,1.798921,1.659525,0.953150,-0.473038,-1.480571,-0.001108,0.673343,1359.16,1,Crypto Exchange XYZ,Other,
128699,0.298095,0.109108,-0.581369,-0.561225,1.329351,0.530405,-0.935135,0.348012,-1.167886,0.969499,-0.008339,1.457243,1.441996,0.145741,1.182952,-2.139459,-1.014982,-0.335677,-0.950953,-0.138363,-0.371921,1.603529,0.112398,-0.640796,0.410853,0.225631,0.633756,2.323248,10.16,0,Spotify,Entertainment,
128724,-0.890205,-1.131733,1.021543,-0.975129,-0.628412,-0.558465,-0.326836,-0.297283,-2.275259,1.270375,0.808509,-0.719460,-0.663780,-0.881259,-0.225244,-1.011526,0.497381,-1.154075,-1.090005,-0.018479,-0.272658,0.018317,-1.326860,0.231499,-0.674587,0.262420,0.069786,1.064345,128.49,0,BP Service Station,Travel,Card present
128743,0.471874,0.578528,0.700719,0.371576,0.091860,0.386313,1.375213,-1.680407,1.088861,0.132592,-0.338936,0.679790,1.508629,-0.624264,-1.895992,0.913758,1.673377,0.363238,-0.116950,-0.283034,2.252534,0.075139,-0.341282,-0.685436,-0.806300,-1.028425,-0.680257,-1.586741,47.18,0,Shell,Travel,
128818,0.889317,-0.080096,-0.178170,0.330594,0.906089,0.629549,-1.477341,0.340531,-0.569209,0.756244,1.565163,1.514363,-0.509231,0.599620,-1.186942,0.163572,-0.683842,-1.223434,3.198446,-0.993000,0.558368,0.229452,2.330930,1.464296,-1.082610,0.744599,0.403785,0.192386,21.08,0,Bunnings,Other,In-store payment
128886,-1.299068,-0.237438,-1.391416,-1.490879,-1.315656,-0.643512,-0.114921,1.424349,-1.118635,0.301519,-0.739594,2.129339,0.504364,-0.497609,-0.102284,0.026950,-1.202120,-1.132172,-1.611502,0.037085,1.013742,-1.102693,0.764145,0.011559,0.568923,1.649542,-0.865349,0.910559,117.89,0,Spaceship Voyager,Investment,
128919,1.500225,0.895860,0.201468,1.195756,1.944669,1.034843,1.283822,1.496097,-2.219990,0.076816,0.824483,0.595869,-1.759960,-0.435057,1.330465,1.132729,1.056654,1.731679,-1.383177,1.049866,-0.613900,0.475630,2.243932,0.430316,0.350904,0.541659,-2.226460,-0.179391,54.42,0,Guzman y Gomez,Food,
129123,-0.868619,-0.488287,-0.740069,1.640558,2.336137,-1.693513,-0.662641,-0.066534,1.878787,0.816518,-0.106485,-1.050520,0.875075,-0.155725,-0.147422,0.640033,-0.558566,-0.966471,0.618409,-0.451490,-1.051553,1.340937,1.271729,0.297715,-0.071198,-0.437907,-0.751817,-1.833996,14.32,0,Disney+,Entertainment,
129283,-0.556516,-0.147598,1.363011,-0.172317,1.499533,0.586232,-0.809071,-0.223609,0.677910,-0.069431,0.422705,-1.258575,0.345395,-0.624076,0.674805,0.083279,0.736828,0.030268,1.398355,0.669100,0.320904,0.449262,0.398723,-1.821738,0.503289,0.866853,-1.231362,2.048339,3.76,0,PlayStation Network,Entertainment,Direct debit
129638,-0.724094,-1.032705,0.382872,0.662235,0.128008,-1.152163,-0.946435,-1.562735,-0.713528,0.555173,-0.897842,0.162153,-0.559515,0.557383,-0.506423,0.065012,-0.430760,1.290186,-0.540551,-0.117299,-0.708802,0.716380,-0.110149,-0.011132,0.143576,0.519729,0.811196,0.505628,13.71,0,Coles,Food,Direct debit
129678,-1.519449,-1.196789,1.061438,1.884478,-0.506121,-0.673985,1.645218,-0.898675,-0.373861,-0.600880,-1.083121,1.001563,-1.149791,-0.440716,-1.295018,1.564085,1.763130,-0.672076,-1.054730,-0.607691,-0.389920,0.426318,-0.385424,1.485058,-1.462067,-1.535110,-0.870036,-1.508915,10.03,0,Airbnb,Travel,Tap to pay
129714,0.245656,-0.125402,-1.641304,-0.023953,0.362829,-0.338129,-0.172093,0.372610,-1.261903,0.536136,1.511500,1.000541,-0.163027,1.280420,-1.176948,-1.178371,-1.587450,-0.461721,0.369908,-0.472556,-0.915403,-0.365613,-0.632253,0.297181,0.693917,2.473341,0.150564,-0.145535,145.39,0,Starbucks,Food,
129743,-1.601171,0.876342,-0.194006,1.375439,0.515764,-0.341664,0.709745,1.599079,-0.675799,-0.399973,-0.050027,-1.871834,-0.463585,-1.272579,-1.231204,-0.579737,0.554856,0.386978,0.698103,-0.700160,-1.897829,-0.243579,-0.419240,0.233034,0.526947,0.052164,1.525367,-1.874279,4.06,0,Airbnb,Travel,POS terminal
129771,-0.198288,1.099283,-1.630419,0.276882,-2.035557,1.103212,-0.380877,-0.546286,1.225984,0.483265,0.522113,0.852604,-1.415122,-1.113508,0.231340,0.169974,-1.560031,-1.401666,-2.168675,-0.301375,0.489140,-0.730150,0.451634,0.128061,0.377031,0.395093,-0.524257,1.347072,15.91,0,McDonald's,Food,
129904,0.658574,-0.091808,-0.013223,-2.355080,2.284352,-1.421880,-0.107414,0.378879,-1.587371,0.103928,-0.402505,-0.794237,0.079127,0.494433,1.365461,-0.371069,0.929003,-0.943729,-0.847756,-1.298728,0.273193,-0.654723,-0.589633,-0.961018,-0.087067,-1.225998,0.424627,-1.283648,204.53,0,Booking.com,Travel,Recurring subscription
130033,0.140776,1.024848,-1.046357,-0.599757,0.084800,0.395677,-1.078766,0.267564,0.276938,-0.624854,0.404932,1.245994,-0.513324,0.952054,-0.746094,0.273081,1.332736,0.156152,-1.617112,0.076592,-1.175179,1.038580,-0.914314,-1.378633,-0.406332,-0.025343,0.885819,-1.740426,11.34,0,Translink,Travel,Direct debit
130370,0.248668,-0.573727,-0.980908,1.161531,-1.096343,-0.408209,1.558223,-1.085281,-0.532221,0.306236,0.696389,0.920347,-0.166443,0.126041,1.050736,-1.385728,-0.219221,0.298675,0.690089,0.313427,0.820234,-1.953724,-0.075024,1.204731,0.008739,1.473332,1.657765,0.536431,24.17,0,Ray White Property,Rent,Membership fee
130488,-0.962771,-1.313025,-0.578012,-0.752968,1.345455,-1.530473,0.657011,-0.203469,0.097702,1.751630,-2.013336,0.440203,0.768038,-1.593462,0.965203,-0.087680,0.137120,0.283469,-1.514573,0.792933,-0.177236,0.462627,1.578003,0.834129,2.195230,0.775951,-0.156005,-0.664963,9.04,0,Priceline,Other,
130580,0.349116,-0.341931,0.443890,1.383510,0.693596,-0.089824,-0.502480,0.313435,0.657930,-1.655300,1.619890,-0.103626,0.671663,1.965933,-2.557124,0.292463,0.126106,-1.741446,-1.667510,-0.865748,0.041988,-0.727781,0.809030,-0.353071,-1.842348,0.138507,-1.145749,0.430208,27.66,0,Raiz,Investment,
130776,0.946818,0.092339,0.498742,0.250356,-0.393731,1.051180,-1.077930,0.071555,-0.232432,-0.022220,-1.727726,-1.077856,-0.648694,1.929146,-1.906165,-0.430461,2.383670,-2.054437,1.721299,0.833327,0.237808,-0.324376,-2.184424,-0.903431,1.442905,-0.987250,0.949697,1.486935,13.27,0,Disney+,Entertainment,
130803,-2.129252,-0.157473,-0.691558,-0.545486,0.203367,0.875333,-1.439896,1.318180,0.347434,-1.744661,0.491552,-0.242156,-0.648926,1.754224,0.029119,-0.538830,-0.040684,-0.321963,0.156293,0.503418,0.550529,0.632685,0.148790,-0.064549,-0.877607,-1.010053,0.816149,1.263213,915.69,1,McDonald's,Food,
131070,-1.424847,0.707404,2.033686,0.001012,0.447734,0.374111,0.058527,0.202589,-0.040237,-0.232963,0.542357,-0.379476,1.266121,0.768709,1.781731,0.279415,-1.060580,-0.228821,1.517641,1.653776,-0.789958,-0.280155,0.998576,-1.385324,-2.265753,-0.266632,-1.815466,-0.713799,9.20,0,Translink,Travel,Direct debit
131323,2.365803,0.510345,0.242380,2.414941,-0.210443,-1.377699,-1.208990,0.302551,-1.760015,0.410528,0.317589,-0.816058,-0.110162,-0.724759,-0.409760,-0.880679,1.631077,0.773167,-0.777125,1.295204,0.030769,0.592311,0.252236,0.354217,0.280114,0.860400,-0.169669,-0.120336,191.06,0,Sydney Trains,Travel,
131530,1.161192,-1.429980,-0.156706,1.046571,-2.515292,-0.571398,0.290827,2.277004,-0.693894,0.544916,-1.396727,0.864243,-1.386867,-2.140580,-1.530484,-0.754059,0.229256,0.029221,1.669056,-0.484948,-0.182411,-0.266812,-1.103224,-1.019288,-0.208618,-0.457595,-0.467005,-0.251592,3.96,0,EnergyAustralia,Utilities,Membership fee
131716,0.197361,1.073218,-0.238788,-0.961329,-0.391691,0.522387,-0.522487,1.181641,0.471221,1.344419,-0.920590,-0.424329,-0.462552,-0.444841,0.177818,0.338371,0.639113,1.426528,-0.216469,-0.533368,-1.446508,-2.040271,0.132459,-1.208155,-0.998670,-1.138436,0.409236,0.063466,48.95,0,Stake,Investment,
131826,0.765671,0.664772,-0.445448,2.259540,-0.943601,0.760721,-0.971636,1.185992,-0.139713,-0.055012,-0.694623,0.119854,-0.665990,-0.242718,-0.048997,-1.261703,-0.824531,0.274181,-0.147658,-0.537849,0.439963,0.461578,-0.559360,1.187856,-0.753548,-0.156467,-0.080307,-0.774077,10.82,0,Sydney Trains,Travel,
131889,-0.425393,1.168337,0.523893,0.755033,-0.695379,1.322740,0.703903,-0.781891,-2.411986,1.990813,-2.796188,1.672343,-0.497040,0.096849,-0.395734,-0.610611,0.548764,-0.087903,-0.050739,-2.896292,-0.403023,-0.181240,0.051538,-0.532557,-1.524462,-1.473968,-0.355742,0.017738,16.69,0,eBay AU,Other,
131939,0.359425,0.521351,1.780799,-0.879741,-0.379283,0.386206,0.104734,-0.604812,-1.875395,-0.783469,2.143819,1.766460,-0.910938,-0.920703,-0.683318,0.170107,-0.145371,-0.889224,-0.893017,-0.015946,-0.782642,0.901627,1.219164,0.106215,1.033153,1.038037,0.619158,-0.261634,94.20,0,Ticketmaster,Entertainment,
131957,1.088220,0.828363,0.669453,-0.220017,-0.747842,-0.252965,-0.319985,0.137826,1.979245,-0.592911,-0.124717,-1.437604,0.548019,-1.665330,-0.338175,0.052691,0.221589,0.758769,0.500633,1.033080,0.077438,2.216311,-0.364241,1.035208,-0.049584,1.357647,0.140755,-0.126530,13.41,0,McDonald's,Food,Recurring subscription
131960,-0.334084,2.811977,-0.366994,-0.782753,1.027531,1.235077,0.320023,1.382801,-0.965275,0.974589,0.618998,-0.130773,-0.383274,-1.194804,-0.667971,-0.666612,-1.046957,0.634039,0.056584,0.441761,-1.517375,-1.465892,0.491683,-0.697643,0.437701,-0.418885,-2.446515,0.702665,45.52,0,Grill'd,Food,POS terminal
132485,-0.172883,0.044390,0.425528,1.577582,-0.091731,-0.428245,0.879870,-0.451565,0.208158,1.004928,1.416222,0.881916,0.267421,0.495002,-0.293263,0.582069,0.726291,1.610897,-0.351548,1.170221,-0.016740,1.826654,-1.569273,0.355336,1.398038,0.195759,-1.570857,0.125455,23.41,0,Coles,Food,
132574,0.319243,-1.291845,1.268507,1.080168,-0.490049,1.000548,0.083781,-0.775755,0.515388,0.669692,0.332120,-2.639954,0.176817,-0.649492,-0.663063,0.960129,0.224245,0.349159,-1.020429,-0.516833,-0.501005,-0.778042,0.360048,-0.810026,-0.610545,-0.024546,0.671920,1.366586,17.97,0,Optus,Utilities,
132898,-0.044507,-0.191216,1.148509,-0.092773,-0.857760,1.615250,0.195082,1.301258,0.407588,-0.298049,-1.498736,-0.806532,-0.461039,-0.087026,0.295452,0.545175,0.359152,-0.043143,-0.739402,1.118358,0.128461,-1.543256,1.109721,0.491498,-0.810295,0.098691,-0.264298,0.352036,4.18,0,Vodafone,Utilities,
132978,0.682834,1.594450,0.134801,0.735769,0.513378,0.289098,0.485455,-0.743472,-1.295292,1.577618,-0.644572,0.157034,-0.532753,-0.534394,0.307482,0.686840,0.665975,-0.427982,1.531990,1.543318,1.118974,0.137008,-0.429427,0.341294,-0.422967,1.363824,0.571746,-1.802686,127.46,0,EnergyAustralia,Utilities,In-store payment
133145,1.651149,1.033353,0.485950,-1.122047,1.116133,-0.614624,0.533841,-2.401830,0.421514,1.569495,0.993624,1.535782,-1.314959,0.267266,-0.285628,0.986170,-0.302663,-0.017650,-0.509143,-1.751719,0.285937,-0.924842,-1.488498,-0.453047,0.073024,-1.043571,-0.258179,1.031434,6.03,0,Hertz,Travel,POS terminal
133291,-2.125813,-1.243611,-0.203340,-1.143458,0.221629,-0.127813,-1.609168,1.105007,-1.279798,0.135273,-0.019971,0.735492,-0.807936,-2.055617,0.012993,-0.671086,0.274636,-2.092489,0.784297,1.390498,0.039394,-2.161242,0.173791,-0.623446,-0.095684,0.312224,0.316018,-1.347403,31.57,0,Steam,Entertainment,
133690,-1.308762,0.735953,-0.099214,2.029077,-0.074361,1.002406,0.110934,-0.500492,-0.004394,-1.356393,0.069440,-1.321791,0.864881,-0.018695,1.289646,0.101616,-1.631323,-0.085058,0.770411,0.720972,1.110433,0.983429,0.461943,-0.282469,-0.422447,-0.268141,0.771674,0.062067,47.76,0,Event Cinemas,Entertainment,
134102,-0.243452,1.089738,1.607015,0.704601,-0.799013,0.924591,0.174524,0.451203,-2.193243,0.216538,0.500123,0.482128,-0.393858,0.315492,1.577740,-1.888927,-2.339180,-0.617103,-1.298195,0.474717,0.760384,-0.455420,-1.323856,-0.189701,-0.619692,0.668277,-1.097548,0.191644,3.09,1,Card Verification Service,Other,Foreign currency
134202,0.536583,-0.169036,-0.831936,-0.323111,0.055457,1.337193,-0.250288,0.299163,-0.653636,0.421447,-0.154148,1.489695,1.041213,0.834517,2.524042,0.288360,-0.606527,0.096130,0.128896,-0.549743,-1.058285,-1.334592,1.845467,1.890756,-1.514911,0.438999,0.615977,0.707500,4.99,0,Spaceship Voyager,Investment,Auto-renewal
134519,-0.203639,1.109573,0.765385,0.285511,1.185149,-0.395290,1.745743,-0.861803,1.058312,-0.460179,-1.195918,0.003287,0.351830,-0.522923,1.828821,0.160730,0.128025,0.805593,-0.228039,1.558345,-0.627053,0.471472,-0.901694,-0.590479,-1.511392,-0.777670,-0.362732,-2.658320,3.13,1,Online Store,Other,
134601,-1.816978,-0.599929,-0.741870,0.989493,-0.094626,0.217033,-0.133355,-0.487767,2.925712,-0.027424,0.780678,-1.571193,-0.657230,-0.566436,0.673682,1.789201,-0.518094,1.417437,-1.647722,0.947364,-0.717834,-1.166788,-1.460099,2.018842,0.425032,0.877007,0.186120,-0.958065,494.38,0,Vanguard,Investment,
134988,-0.691459,0.907690,-1.178320,0.156122,-0.849734,-0.241668,0.662664,-1.012643,-1.072268,0.313994,-0.031118,-0.154148,0.800728,-0.645604,0.756504,-0.222227,-0.558900,0.225672,0.126685,-0.754468,0.440433,-0.447338,-1.134214,-0.959667,-0.363517,0.507021,0.329300,-1.005461,22.03,0,Amazon AU,Other,In-store payment
135232,2.195664,-0.345371,1.817751,-0.085291,-1.450919,1.422857,-0.180725,-0.288689,0.182699,-0.164229,0.563812,1.564831,1.453251,0.413688,0.079315,1.153268,-1.336840,-0.147922,-0.617297,0.078253,-0.900064,-0.645501,0.051132,1.068290,1.153267,-1.069498,-1.521268,0.537913,28.03,0,Big W,Other,
135275,-1.759783,0.193200,-0.066791,-0.265542,-0.178589,0.214095,0.133306,-0.408523,1.116342,-0.242856,0.040225,-0.685948,-1.886172,-1.332244,0.731216,-0.163183,-1.744223,1.501188,0.419762,-0.885030,-0.134920,-1.404216,0.469750,0.357938,-0.534027,-1.248073,0.555659,-0.436530,18.30,0,McDonald's,Food,Membership fee
135316,-0.449317,-0.903560,0.933353,1.401928,-0.989066,0.246113,0.758092,-1.155296,1.399418,0.160980,1.157330,-0.907430,-1.815975,1.195499,0.741309,0.203193,0.989092,1.408611,0.032885,-0.647616,-0.523133,-0.067095,-0.205082,-0.484365,-1.051070,-0.482431,-0.567855,-0.313988,16.08,0,Airbnb,Travel,Direct debit
135413,-0.293436,-2.076863,0.222320,-0.555551,2.211032,-1.738934,-1.218906,0.835253,-0.404421,-0.661843,0.499444,0.412853,-1.560951,-0.892391,-0.776469,-0.760746,-0.166676,-0.570704,0.697494,-0.013204,0.621741,-0.849257,1.218843,-0.666275,0.433027,0.903012,-0.266422,-0.572172,2.45,0,Subway,Food,
135651,-0.182649,0.324343,0.421799,-0.585187,-1.846772,-0.009064,-1.261454,0.212642,1.616636,-1.008942,-0.794971,-1.233393,1.179437,1.471824,0.295153,0.390733,-1.116863,-1.170526,0.668505,0.130096,-1.224243,1.865860,2.912720,0.766342,0.705932,0.781668,-0.813335,-0.669300,29.08,0,Officeworks,Other,
135967,-0.401036,1.048977,0.880623,-1.558992,1.284721,0.250981,0.029342,-0.292171,-0.653223,-0.116496,0.483937,0.157016,0.284679,-0.860554,-0.027030,-0.316761,1.313480,0.306599,0.152985,-1.137588,-0.850624,0.040062,0.069131,-0.259511,-0.949642,-1.013701,0.072288,0.814718,21.27,0,Domino's Pizza,Food,
136372,-1.140928,-1.406953,0.313015,0.018230,-0.385361,-0.945137,0.688251,-0.792978,-1.227583,0.152106,0.496953,-2.622978,0.506589,0.588608,-1.237072,-1.032649,1.763333,-0.886436,-0.610442,1.113800,0.536606,-1.310393,-1.002069,-0.795311,1.381191,1.439896,-0.638320,0.280313,30.02,0,Vodafone,Utilities,
136449,0.644647,0.944964,0.268295,-1.050824,-1.154899,0.245224,0.274992,-0.820337,-0.082539,-0.081217,1.716341,1.777960,0.076028,-0.897526,-1.130038,-0.247591,0.103089,1.024598,1.711387,0.960320,0.185796,0.164449,1.535266,0.456762,1.161837,-1.529198,-0.845475,0.683531,14.32,0,Booking.com,Travel,Auto-renewal
136637,0.081828,0.539395,0.246098,0.405646,0.328168,1.107623,-0.195499,1.677729,-0.474444,1.183825,-0.650539,-0.471389,0.792093,0.396979,-0.063775,1.048202,-1.102677,0.804278,0.782098,1.056361,0.123632,-0.422395,-0.063174,0.312166,-1.211432,1.858548,-1.319503,-0.052479,165.13,0,Capstone Inc,Salary,
136720,1.221918,2.203481,-1.249201,1.289616,-0.750641,0.287678,-1.013572,1.149391,1.114543,-1.023883,-2.271364,-1.532710,-0.511208,-1.053481,-0.949423,-0.529947,0.755466,1.407605,-2.151893,-1.481345,-0.775386,-0.666126,0.906744,0.727640,1.559424,1.572556,-1.858159,-0.231453,3.06,0,Grill'd,Food,Tap to pay
136862,-1.771063,-2.201620,0.071967,-0.642623,-0.452535,-0.699410,-1.313705,-0.181555,0.180063,-0.430662,-0.824780,0.822987,-0.962715,-0.656692,1.054126,-0.967984,-0.604942,-0.248741,-0.040899,-0.116574,0.824559,0.220075,0.297219,1.039230,-0.440046,0.380906,-0.774670,0.123972,109.66,0,JB Hi-Fi,Other,Tap to pay
136904,0.067485,0.429309,-0.480197,1.083844,0.172841,1.168104,0.119528,-0.648093,0.165882,-1.865711,0.076259,-0.253188,0.752105,0.789534,0.092134,-2.257269,-2.115304,0.763563,-0.377698,1.453365,0.483899,0.861349,0.211880,-1.697279,-0.427274,0.364187,0.091735,-0.645464,22.15,0,Amazon AU,Other,
137027,1.964892,0.566578,-0.376622,-0.394360,0.261592,-0.640980,0.654742,-0.291567,0.084183,0.882384,-0.184174,1.798412,0.459016,2.284774,-2.023522,0.521240,0.014562,1.497302,0.490071,0.529270,-0.082406,0.259693,-0.276525,0.392982,0.294599,-0.654739,0.527600,2.315155,41.62,0,Booking.com,Travel,
137131,1.312810,2.496244,-3.102867,0.581062,1.743897,-2.333835,1.014822,1.467199,-2.975373,-0.932736,2.781792,3.699913,-0.364226,-9.543656,0.446145,3.509947,-5.012525,-0.064813,3.436536,2.596736,3.365113,-2.751389,2.062806,0.622275,-1.074415,-5.015482,1.986532,2.914154,605.33,1,Global Tech LLC,Other,High-risk merchant
137307,1.088750,1.204460,0.545888,-1.253494,0.141189,0.892477,-0.045385,0.509413,-0.233616,0.513387,0.765602,0.087533,-0.377714,-1.723089,0.865202,-0.035194,-2.451909,0.093775,-0.810901,-1.014946,-0.067613,-0.969780,0.049142,-0.294082,-0.721820,-0.468688,-0.901180,-0.658221,41.76,0,Vodafone,Utilities,
137349,-1.538169,-0.206564,0.884231,0.941015,0.116147,-0.506976,1.070433,0.481661,-0.374003,1.456893,-0.796539,-0.642906,-0.296733,-0.189913,-1.242555,0.371664,-0.534167,2.462106,-0.490544,1.921129,-1.494470,0.810962,-0.757039,-1.035042,-0.260758,0.976594,0.724488,0.437320,2.49,0,Aldi,Food,
137425,-0.342841,-0.954342,0.778500,0.917885,0.199682,1.532848,0.118672,-1.652752,-1.058495,-0.040293,0.746883,-1.308644,0.829061,-0.234570,-0.571669,2.199451,-0.382954,0.933798,-0.770818,0.215383,-1.565324,-0.038119,0.809997,-0.122818,0.274948,0.268759,-0.199866,0.822510,34.69,0,Starbucks,Food,Online purchase
137809,-0.844766,-0.084301,-0.358500,-0.058489,-1.184733,1.040142,0.434995,-0.445843,0.120720,0.877293,-1.115788,-1.976351,-0.570618,0.823234,-0.285102,-0.468900,0.340723,1.107017,-0.416366,0.266807,-2.005873,0.096562,-1.354890,-1.199217,0.590409,1.009055,-0.101655,-0.866759,24.91,0,Grill'd,Food,Card present
138281,0.490850,-0.616834,1.592481,-0.582234,0.541296,-0.151043,1.407776,0.225223,0.465762,1.139567,-2.339105,1.233880,0.529788,1.797518,-0.952423,-2.370590,-0.899786,-1.886222,-0.282165,-0.389607,0.934669,0.988205,-0.085437,-0.034744,0.074922,1.051686,-0.578993,1.173378,4.68,0,Ticketmaster,Entertainment,Direct debit
138371,-0.755392,1.226201,1.396963,-0.490712,1.917596,0.500550,0.049133,1.232321,-1.378272,-1.233531,0.980399,1.573431,-0.137073,-0.739423,1.305573,0.923172,-0.786551,-0.631391,0.399951,0.557901,-0.994596,-1.408293,-0.506873,0.130224,0.106346,-0.134699,-0.685757,-1.320628,13.09,0,Coles,Food,
138825,-1.420778,-1.092666,-0.632664,0.012383,-0.325404,-0.406020,-2.293750,1.575769,0.487272,-0.657689,2.197370,1.927868,-0.480346,-0.311134,-0.520462,-0.335050,0.652745,-0.983195,0.720808,-0.931969,1.806672,0.167214,-0.080372,-1.180338,1.000529,-0.200573,-0.227566,0.374154,4.50,0,Officeworks,Other,
138958,-0.558217,-0.605182,0.415685,-0.278374,-1.044308,1.229399,-2.189826,1.006330,1.118826,0.572541,-0.220000,-0.836483,1.471628,0.212623,-2.180821,-0.155971,1.370792,-0.105892,-0.028189,2.290071,2.111353,0.528756,-0.366753,1.347490,1.266021,-0.861655,-0.947381,0.745889,12.74,0,Aldi,Food,
138976,2.791147,0.308078,-0.009617,-2.432543,1.088707,0.326441,-0.843641,1.089504,-1.082199,-0.235089,-0.389958,0.929911,0.579690,0.038209,-0.698172,-1.135434,-2.014495,1.147198,1.499120,-0.692036,0.189748,-0.090386,-1.445121,0.920990,0.960840,-0.657607,-0.115866,0.674806,8.52,0,KFC,Food,Membership fee
139186,0.562303,1.697170,-0.422254,0.838181,-1.314064,-0.133343,-1.597318,0.006704,-0.793326,0.013545,-0.111720,-1.447941,-0.244164,-1.096797,0.427850,1.756136,-1.277449,2.002636,-1.001932,0.222451,0.107205,0.206014,0.117767,0.349587,0.160742,0.759366,-1.543480,0.107806,19.68,0,AAMI,Insurance,Online purchase
140232,0.990006,1.484724,1.581618,-1.655657,2.051247,0.467356,-0.096525,-0.114782,-0.812663,-0.504083,-0.535743,1.381601,1.196548,-1.590143,-0.256588,0.702309,-0.198313,-1.314960,-0.880827,0.089946,-0.998807,0.048280,0.874259,0.455441,-0.521444,-1.416352,-0.283772,-0.129133,11.21,0,Bunnings,Other,
140433,-0.315684,1.374361,-1.423516,-0.409938,0.402063,1.608084,-0.842264,-0.216942,0.207429,-0.188330,0.223488,-1.071390,1.079603,-2.132858,0.078665,-0.731039,0.806544,0.602726,-1.165914,0.323205,1.473416,-0.413892,-0.628364,1.612999,2.609792,-0.077182,1.646633,-1.668811,61.07,0,Bunnings,Other,
140443,0.044962,-1.071205,1.502877,-0.391824,1.033173,0.614649,-0.060459,-1.988945,0.709705,-0.165062,-0.220141,1.007866,-0.313060,-1.201876,0.343958,0.761222,-1.062275,-0.823330,-0.270442,2.695720,-1.474619,-0.020647,0.477235,0.295663,-0.243568,-0.612974,0.731405,0.122057,18.25,0,Kmart,Other,
140623,0.601589,-0.143676,-0.068361,-1.525966,1.151784,0.504751,0.840655,-0.784728,2.421158,-0.314461,0.117855,0.848652,-0.039003,1.293812,-0.606713,-0.894266,0.795812,0.580280,-0.726490,1.010923,0.162632,-0.519719,0.504257,-0.778054,0.060389,-0.820165,-1.924464,0.282251,88.16,0,Virgin Australia,Travel,
140694,2.800694,0.471741,-1.717004,3.508613,-4.945537,-0.391439,-0.938121,0.392384,-0.330120,-5.034457,-1.385671,5.240463,-3.298952,-11.998155,1.431887,-0.255478,-5.190772,-1.042728,0.533757,0.846720,0.043875,2.897942,-3.898805,1.052019,-0.188013,-1.067376,1.120908,2.572973,1129.17,1,Ticketmaster,Entertainment,
140750,-0.082572,0.536592,0.573096,0.066654,-0.194294,0.367397,-0.345650,1.181455,-1.582313,0.871844,0.462656,-1.049927,-0.320448,-0.327933,1.814265,-0.353975,0.657942,-0.017110,-0.006678,-0.053049,0.004404,-0.183288,-0.007892,1.199437,-0.230844,0.251993,-1.839105,0.715513,51.64,0,KFC,Food,
141035,-0.084513,-0.017619,-0.025604,-0.792759,0.663698,-0.092904,0.122276,-1.827850,-1.279048,0.166839,-0.142273,0.246137,0.291560,-0.714185,-1.110438,0.218646,0.484297,2.220589,0.557747,0.541926,-0.608327,-0.865269,1.432060,-1.637780,-0.829655,-1.769680,0.784855,-0.911154,58.69,0,JB Hi-Fi,Other,
141109,-3.483220,-1.088321,-0.911198,0.110742,0.978153,0.217777,1.095755,-2.042792,-0.078158,0.129380,-0.102045,0.167298,-0.113490,0.632869,-0.830365,0.309565,-0.478103,1.939777,-0.061520,-0.445268,0.693858,-0.107363,0.221396,-0.497063,-0.505169,0.107891,-0.340251,1.906886,2.34,0,GlobalSoft Ltd,Salary,Card present
141133,0.896606,1.165609,-0.584558,0.074748,0.928232,-0.780187,0.161411,-1.513571,0.006984,0.438714,-1.048261,1.117494,-1.783160,0.304043,0.911406,-2.457843,-0.215883,-1.584804,0.159281,1.419085,-0.573961,0.438225,1.393164,0.324420,0.862939,-0.465201,-0.058062,1.052673,83.34,0,Booking.com,Travel,
141435,-0.976196,0.244123,1.459148,1.510330,0.292221,0.524985,2.485557,-1.484515,-0.580675,0.169141,-0.969339,1.180703,1.312370,1.262811,-0.467477,0.840723,-0.425037,-1.286966,-0.600204,-0.595114,1.310394,0.645080,-0.994544,0.176148,-0.660683,0.926969,-0.958283,0.614110,6.50,0,Domino's Pizza,Food,Direct debit
141911,-0.591493,-1.029171,-1.217794,-0.085851,0.437652,-1.836062,-1.416502,-0.932646,-0.931483,-0.074039,0.492416,-0.399288,0.403237,-0.491308,0.764165,-1.140357,0.126305,0.664609,1.695501,0.411225,-1.876340,0.117714,0.318785,-0.079264,-1.125521,1.325812,0.341642,1.002631,15.23,0,Qantas,Travel,
142480,1.269409,-0.148267,-0.229790,-0.926633,1.314286,-0.138909,1.441398,1.627653,0.001293,0.133174,2.073217,-1.042954,0.412193,-0.256360,0.943887,-0.181764,-0.743502,-0.587942,2.608928,-0.269131,-0.264422,-1.991083,0.254037,-1.054757,0.646662,-0.518354,-0.125677,-2.125520,10.36,0,Bunnings,Other,Tap to pay
142504,0.031745,-0.043150,-0.331558,0.194031,-1.549049,-1.110839,0.631404,-0.286105,-0.612428,-0.650359,-1.040494,2.045111,-0.780355,-0.104938,-2.592401,-1.187785,0.395864,-1.034779,0.766069,1.371134,-0.283780,-0.827927,0.031023,1.849337,1.069363,-0.877351,-0.720046,-0.206197,11.83,0,SelfWealth,Investment,
142612,0.214109,-1.291251,-0.130091,1.125424,0.064940,0.422916,0.910158,1.324672,-0.074287,-1.123581,0.269103,0.439145,0.221507,0.291364,-0.891057,0.161526,0.416888,-1.036780,0.704063,-0.763725,-0.037831,-0.314387,-1.001925,0.300565,1.441657,-0.653832,-1.344563,0.731079,11.22,0,Capstone Inc,Salary,
142769,1.001428,0.365956,-0.579680,0.457463,0.968538,1.583293,1.578277,1.311913,1.318376,-1.653799,0.606523,0.034101,-0.012150,1.050706,-0.657295,-0.753366,1.187135,0.011661,-0.683152,-0.173420,-1.228030,0.076763,-1.826749,0.203985,0.694267,-2.468233,-0.525405,0.671462,10.92,0,Officeworks,Other,
143266,-0.124459,0.334945,0.395980,0.662472,-1.027864,0.311200,-2.356452,0.227725,-0.378086,-0.231722,0.000952,0.836341,-0.488605,1.083282,0.756341,-0.646287,-0.354827,1.868615,0.722199,1.770444,-0.356014,-1.423101,0.726196,0.282821,0.811109,1.584442,-0.261355,1.473748,72.62,0,Officeworks,Other,Online purchase
143411,0.231928,1.064508,0.183954,-0.123987,1.298795,-0.535021,-0.776626,0.739811,0.792408,1.127343,-1.667830,0.334125,0.081629,0.880252,1.406460,-0.135453,0.954260,0.797775,1.042336,-0.086966,0.529604,1.718102,-0.132829,0.644206,-1.015953,0.969758,0.838233,-0.255604,11.32,0,KFC,Food,Direct debit
143523,-0.676385,-1.252158,-0.746162,0.199773,0.060799,0.681148,-0.279952,-3.432784,-0.466201,-1.436154,1.687418,0.761785,0.354059,0.630388,0.279418,1.860429,-0.620234,1.660369,-0.082742,-0.802915,-0.604279,0.095213,-0.385400,0.160505,-0.682524,0.355912,1.123107,-0.266559,6.74,0,Grill'd,Food,Tap to pay
143581,0.808624,0.516623,-0.976295,-1.742255,-0.062973,0.573155,-1.011677,0.381116,-0.261503,-2.262584,0.954417,1.621015,-0.604473,-0.465513,-0.745783,0.688225,-0.617585,-1.064182,-0.748171,-0.522925,0.759893,0.678242,-0.769979,0.325520,-0.011446,0.626869,0.084505,-0.224566,25.40,0,AGL Energy,Utilities,
143616,-0.785176,0.912655,-1.148607,0.374446,0.679332,0.181891,2.099226,-1.260849,1.415374,1.211496,-0.085038,1.896440,-0.281570,-1.471708,-0.371240,-0.604798,1.571755,0.872430,-0.015111,-0.492401,-1.230517,-1.044414,0.167490,-0.512946,0.634322,0.117726,-1.112902,2.051095,5.76,0,Subway,Food,
143748,0.297539,-1.369163,1.553406,-0.044621,0.210424,-1.389618,0.816195,1.064691,-1.301714,-1.706250,-1.438572,1.054661,0.232576,0.723126,-1.256941,-1.021135,1.598919,-0.114152,-0.225876,0.461799,-0.033358,0.868632,-0.454782,-1.151783,-0.680758,2.533794,1.611008,1.414393,8.46,0,PlayStation Network,Entertainment,Online purchase
143897,0.942729,0.542654,-2.345287,-0.073964,0.600170,-0.458929,-0.147895,0.741758,1.996818,-1.476437,-0.318296,0.967421,-0.773850,-0.188042,-1.555889,-0.054920,1.639781,0.424751,-0.200993,-0.472037,-1.432549,0.294017,0.651385,0.410892,-1.150650,0.784042,1.862258,-0.627473,3.84,0,Telstra,Utilities,In-store payment
143948,-1.152351,0.742089,-0.742763,-0.384866,1.165417,-0.035394,0.135720,0.339398,1.855257,0.733262,0.471415,-0.062959,2.122367,1.655752,-1.001018,-0.505524,2.032498,-0.166178,0.775241,1.534771,0.416444,0.173325,-0.559162,0.991287,1.040792,0.034695,-0.887418,0.089108,93.50,0,Origin Energy,Utilities,
144085,-1.508708,0.667372,-0.541048,0.705295,-0.825663,1.183681,-0.591767,-0.355493,0.127647,-0.171205,-0.595272,0.484252,0.078141,-0.140644,-1.111501,-1.041233,0.682564,-0.087031,1.263267,-0.449144,0.491350,-1.536205,2.451546,-0.832182,-1.049285,1.783150,0.780724,-0.826702,2.70,0,Starbucks,Food,
144282,-0.252465,0.434410,-0.473478,-0.684025,2.954476,-0.420604,-1.172876,-0.491284,-1.403567,-0.003580,-1.337279,0.591068,-0.127337,1.431079,0.974267,-0.769597,-0.423358,1.534158,0.046738,-0.455463,0.777620,2.075704,-0.327172,0.791073,1.193336,1.002176,0.134836,-0.978128,16.22,0,Woolworths,Food,
144398,0.709513,0.021202,0.664544,-0.127890,-0.513333,-0.752023,-3.229332,-0.427152,0.258572,1.207459,-0.821914,-0.724712,-0.196828,0.908328,0.734998,-0.474835,-0.732742,-0.117795,-0.984816,1.996832,1.947655,-0.081925,-0.246340,-0.262875,-0.284460,0.145088,-1.194305,-0.203709,8.20,0,Telstra,Utilities,
144725,1.944368,0.877424,0.097056,0.712782,1.404797,1.797591,-0.114824,-0.837499,-0.179217,-0.908558,0.411675,0.638549,-0.535412,-1.501013,0.244885,1.496540,-0.180320,-0.031060,1.143236,0.708910,-0.250027,-1.174062,-0.633988,-0.793106,1.116722,-1.363727,-0.650301,0.944864,37.31,0,Steam,Entertainment,Online purchase
144770,-0.428785,1.486065,-1.187453,0.121233,-1.691470,-0.041125,-2.519691,-1.061543,-0.291715,-2.002179,-0.637935,-0.044040,0.683812,-1.032046,-2.496892,2.212381,-0.418013,-1.982827,0.383444,0.443481,-0.389132,-0.142215,1.956931,0.351364,-2.067195,0.173551,-1.481307,0.749329,32.12,0,BP Service Station,Travel,
144837,1.446754,0.809007,-0.135360,-0.009600,0.233559,1.672216,-0.560274,-1.206426,0.705222,-0.212377,0.078366,0.994202,0.029143,-0.364661,0.358259,-1.035795,1.162918,-0.925800,-0.413250,-1.642421,1.018108,0.540029,0.152871,1.216355,-0.106011,-1.413052,0.904429,-0.558897,5.31,0,GlobalSoft Ltd,Salary,POS terminal
145150,1.771447,1.421007,0.415475,-0.875960,0.119303,-0.486267,0.102763,0.120459,0.310900,-1.181779,-0.141243,0.045321,1.453816,-1.035228,-0.175151,1.637507,1.432809,-0.327701,2.013093,-1.126214,-0.638744,-1.189160,-0.045541,-0.156808,0.648667,0.588598,0.204126,0.385420,5.18,0,Uber,Travel,Card present
145327,1.409710,0.219697,0.675923,0.518275,1.157362,0.657197,0.754913,0.645938,-1.003316,-0.148404,0.669294,0.772057,1.168239,0.815839,-2.406794,-1.730559,0.813969,2.525213,-0.804478,1.034335,-0.226840,1.078451,1.403221,-0.000595,1.857140,-0.312208,-0.077719,0.786869,7.90,0,Spaceship Voyager,Investment,
145386,-1.053774,1.630740,-0.847258,-0.979730,0.582430,-0.373572,0.570296,1.941611,1.473421,0.297668,-0.250360,-0.355121,0.563636,-0.603025,-0.653686,0.960228,0.324478,-1.952338,-0.689137,0.503024,1.242685,-1.430963,-0.102492,0.565236,2.583693,1.530731,-0.948462,-0.168160,25.77,0,AGL Energy,Utilities,
145471,-1.080117,-1.338462,-0.424167,0.845739,1.844205,-0.488207,-0.006941,0.905105,0.295152,-0.889905,-0.712910,1.837995,0.215455,0.038600,-0.464487,0.477344,0.667895,0.072694,-0.108271,1.057026,-0.077090,0.355666,-0.873736,-0.409694,-1.341289,-0.382668,1.253001,1.222310,93.45,0,IGA,Food,
145576,0.413010,-1.397761,-0.654542,-1.490845,0.935167,-1.094321,0.745534,-0.434149,-1.241142,-0.169433,-0.593367,0.232382,0.403529,0.279411,1.271447,0.978639,0.137182,0.176718,0.840383,-1.946187,-1.264694,-0.467002,-0.324930,-0.329499,0.255032,0.958240,0.089328,0.258233,30.73,0,McDonald's,Food,
145619,1.338843,1.246742,0.132626,1.437730,-0.187628,2.077823,0.612419,-0.778485,0.644673,1.111095,-1.234081,0.547259,-0.290611,-0.360243,-0.185840,0.468130,0.712947,-0.822919,-0.368600,0.512634,0.279072,-0.256679,1.738391,1.034802,-1.018921,-0.561947,0.238660,0.389242,15.11,0,Woolworths,Food,Direct debit
145678,-0.195083,-0.513785,0.553833,-0.556009,-0.465461,0.663351,-0.452133,-0.787020,1.030001,0.822526,1.363724,1.411142,1.222788,0.254681,-1.020661,1.058554,1.258266,-0.348904,-0.037949,0.890214,0.101694,-1.860248,0.976018,0.329785,0.199219,-0.010182,-0.549890,-0.127745,2.34,0,Priceline,Other,
145954,-0.750023,1.310818,-0.330237,-0.397739,-0.586437,-0.501264,0.220314,-0.056186,-0.717568,-0.726805,0.030055,0.022821,-0.055258,-0.578695,-0.807026,1.366662,1.494639,0.635336,-0.510634,0.531497,-2.395636,-0.172521,0.893864,0.017716,0.521177,0.290910,0.379956,0.227807,32.07,0,Airbnb,Travel,
146415,-1.005470,-1.010476,1.297087,-1.118381,0.471221,0.564718,-0.971823,-1.216620,-0.093644,-0.730330,0.950617,0.980456,-1.372887,1.292959,-0.119697,-0.560293,1.853382,-0.329847,0.416915,-0.077842,-0.379159,1.227298,-0.512418,0.823300,-0.310644,1.814569,1.794815,-1.114350,2.17,0,Virgin Australia,Travel,
146618,-0.607292,-1.422688,-0.044103,-0.427553,0.109273,1.235146,-0.901848,-0.907141,0.941920,1.848838,-0.026116,0.488636,0.275989,0.981357,-0.362886,-0.010959,0.786233,0.599632,0.360822,-1.090054,-1.277758,0.766451,0.762852,1.056864,1.206825,-0.956382,0.030604,0.400432,0.96,0,Vanguard,Investment,
146677,-0.902360,0.403972,-0.679630,1.070145,-0.893737,-0.754641,-0.650522,0.362731,-0.842652,0.243394,0.532477,-0.458271,1.089287,-0.473438,0.054275,-0.366579,-0.486990,0.005337,-1.496807,-0.040339,-0.009353,0.387926,0.432945,0.085509,-1.099959,-0.834313,0.479840,-1.207599,70.16,0,Hungry Jack's,Food,Membership fee
146712,-0.577096,0.397862,0.758323,-0.432158,1.700231,-1.402899,-1.646688,1.333987,-0.112434,0.311611,1.602713,-0.358202,-1.022583,-0.388027,-0.225895,-0.552771,0.849245,-0.491455,1.297892,1.176988,-0.343087,0.542148,-0.195913,-0.743092,-0.398213,-0.508280,0.204313,2.215530,76.47,0,Shell,Travel,
146783,-1.181638,0.092539,0.516129,-0.407753,-1.265654,0.265148,-2.646361,-0.301546,-1.460955,0.373707,0.947572,1.232076,0.180570,-0.489645,-0.246671,0.227727,0.893454,0.412429,0.152751,-0.036234,0.300912,0.782113,-0.567789,-0.737657,1.290421,1.182482,0.467477,1.742773,22.53,0,Qantas,Travel,Online purchase
146796,0.249416,0.568879,-0.764443,-0.615299,1.065975,0.513458,0.717137,-0.831034,-0.170344,0.994054,-0.681504,0.477552,1.064809,0.083208,0.212785,-0.751150,0.244591,1.154705,-1.087867,-1.264083,0.392056,-1.964591,-0.617997,0.197096,-2.172389,-0.561190,1.171455,-0.179181,57.47,0,Kmart,Other,
146910,-0.968085,-0.611699,1.245998,-1.304116,-0.431903,0.427416,0.322837,1.021028,0.008977,1.706934,-0.457015,-0.967401,0.675548,-0.705416,0.400293,0.287127,-0.299265,0.423180,-0.436798,0.923342,-0.143695,-0.251865,-0.613544,-1.334935,1.884696,-1.237830,0.915164,0.180192,7.11,0,Subway,Food,
147213,0.059779,1.039866,0.400409,0.571606,0.684632,-0.550036,-1.498664,1.531526,0.018483,-0.756070,-1.870683,-0.356709,1.487072,-1.802041,1.185747,0.888189,0.941048,-1.099759,0.576967,-0.012913,1.020842,2.450013,0.211833,-2.279726,1.427320,-0.651507,-1.467412,-0.248676,44.56,0,Hertz,Travel,
147407,0.286490,1.075820,0.273117,0.874375,-0.364633,2.097767,-0.038332,0.253089,-0.887772,1.247674,-0.080887,1.887600,-0.350153,-1.599520,-0.962449,-0.830648,-1.113682,-0.523500,-0.469932,0.235748,0.069877,0.055869,-0.024458,-1.013566,1.704029,-0.686089,-0.352721,-1.269067,56.47,0,Ray White Property,Rent,
147509,0.727876,1.589837,-0.741387,2.340779,0.430628,1.260144,1.478028,0.581045,-1.636933,-0.110987,0.728614,-0.729039,-0.500265,1.157361,0.404282,0.651618,0.392085,-0.542261,-0.885938,0.266619,0.213008,0.697861,-1.569056,1.239054,-0.182890,0.077105,-0.272902,-0.066031,63.70,0,Disney+,Entertainment,Card present
147584,0.808030,0.621228,-1.214766,2.293875,-0.501332,0.463297,0.279817,-0.218780,0.982402,-0.659482,-0.032386,-2.086598,-0.125326,-0.373921,-0.681841,0.682768,0.295101,-0.342139,-0.208275,-0.161634,-0.929293,1.838285,-0.109491,-0.205077,-0.444539,0.618252,-0.234192,-1.935535,23.26,0,Shell,Travel,Tap to pay
147699,1.225775,0.900851,-1.632816,1.039113,0.009075,0.155951,-1.525658,-0.478171,-1.334677,1.028097,-1.876965,0.043390,-0.767042,-1.215324,-1.292376,0.714292,0.780289,0.412938,1.891219,-1.863673,1.464127,0.321525,1.408331,-0.291222,0.153957,0.428705,1.492115,1.880237,14.92,0,Starbucks,Food,
148357,-1.261496,-1.672336,1.040373,-0.839985,-2.784544,0.332057,1.234181,-0.883988,-1.849615,1.047949,0.603697,0.244664,-0.966167,-0.116482,-1.679882,-0.426440,-2.355304,-0.949577,-1.112430,-1.650696,-0.309869,-0.015506,-1.290017,0.609196,-0.504023,0.307153,0.537206,0.028237,7.75,0,Sydney Water,Utilities,
148436,-1.255117,-0.489288,2.290469,-2.500927,0.132236,0.020621,0.265282,-0.704185,0.237946,-0.258070,0.849566,0.242164,-0.566910,-0.358348,-1.564690,-0.796120,0.044444,-1.992261,-0.582219,-0.715584,-1.637763,-1.894525,1.146691,-1.508463,1.877555,1.834484,1.221631,-1.994043,6.65,0,Vanguard,Investment,
148465,-0.208664,-0.261966,0.352489,0.672023,1.048117,-1.498260,0.023998,-0.215063,-0.111795,0.565653,-1.470635,0.299349,0.153719,0.594568,-0.425938,-1.700722,-1.675671,0.826609,0.111839,-1.373436,0.403306,1.249723,1.255472,1.350890,0.140169,1.690021,1.003282,0.409826,55.84,0,Origin Energy,Utilities,
148634,-0.933178,-0.000998,-0.058537,0.512058,0.623144,0.347783,-0.642950,-0.272799,-0.100254,-0.485927,-1.473804,-1.027723,0.175379,0.750572,1.315232,1.307878,-0.810665,0.740957,-1.024997,0.183041,1.571509,-0.303936,-0.494565,-0.409067,-0.057126,-1.335406,-1.651732,0.707731,20.41,0,AGL Energy,Utilities,In-store payment
148642,-0.900637,1.817450,-1.586551,1.044193,-0.549445,-0.034818,-0.593753,-1.443317,1.083313,1.394518,0.486327,0.020951,-0.249833,1.398392,-1.002786,-0.729842,0.169338,1.315233,1.215179,0.173504,-0.167223,0.238185,1.209773,-2.366728,1.613670,-1.075997,-1.139398,-0.150552,10.02,0,Qantas,Travel,
149444,-0.842053,0.124773,-2.825897,-0.104671,2.173512,0.205981,-0.669263,-0.159611,-0.081881,-1.185607,-0.901374,-1.788775,-0.365869,-1.105235,1.188621,-1.440450,1.704954,-0.397677,-1.689745,0.620454,0.134223,-0.419578,-1.337954,-1.197138,-1.722738,0.661500,1.200272,0.811275,226.78,0,Priceline,Other,Direct debit
149448,0.556850,0.718274,0.361008,0.280990,-0.528321,-0.030900,1.299804,-0.325525,1.095744,-0.424685,1.052367,-0.025349,-0.547713,1.319281,-0.618977,-1.910064,-0.297688,2.081625,0.478051,0.411771,0.498592,-0.825148,-0.066967,0.311391,0.439090,0.451847,1.448815,0.122229,48.60,0,Spotify,Entertainment,Recurring subscription
149544,-0.573946,0.249793,-0.512259,-1.439090,0.007796,0.720315,1.702599,-0.796424,-0.467656,-0.701256,-1.030791,1.089430,0.353597,0.367080,-0.872054,-1.422217,0.026438,0.769722,0.236325,0.472026,-0.696591,0.892192,-0.010228,-0.627391,1.827484,0.428738,1.391405,0.829802,38.94,0,Ticketmaster,Entertainment,Direct debit
149591,2.293367,1.770486,-0.204123,-1.845690,0.265574,0.034180,-1.313673,0.139568,-1.963021,-0.565908,2.463502,-0.662318,0.446951,-0.761188,-2.242312,0.884181,0.724653,-0.136939,0.951893,1.404710,-0.390875,-0.683472,-1.270156,-1.033758,-0.360203,-0.680333,0.173255,-1.032388,33.57,0,Vodafone,Utilities,Direct debit
149814,0.429546,-1.801638,-0.838056,-1.308943,-0.332727,-0.946098,1.293959,-0.120373,0.998783,-2.016872,-1.733469,-0.975233,-0.549387,-1.545429,1.527105,1.466801,0.837278,-1.518001,-0.145324,0.592421,-0.092503,0.219486,-2.043960,-0.691360,0.927975,-0.058780,1.393135,-1.309583,52.21,0,McDonald's,Food,Direct debit
149877,-0.943738,-0.370591,-0.482208,0.552425,-1.602763,-0.090844,-2.006413,-0.778537,1.381158,-1.078025,-1.242979,0.897912,1.702560,-0.592534,1.008537,1.634418,0.326636,-0.514588,0.940673,-1.718124,0.938602,-0.998593,1.275551,0.441139,0.919939,-1.305385,0.430539,0.186641,67.38,0,McDonald's,Food,
150614,-1.012887,0.907138,-0.944650,0.590419,-0.196105,-0.191147,0.029620,0.186919,0.871158,-1.393124,-1.748122,0.362750,0.590660,-0.213544,-0.569699,-0.697382,-0.749036,-0.404376,0.924947,1.328259,1.242263,1.127981,2.441930,0.006739,1.597304,-0.978129,-0.727024,-0.243848,8.07,0,Suncorp,Insurance,
151366,0.867376,0.589322,0.053234,-0.806142,-0.475835,-1.051288,-1.288535,-0.890498,-0.851336,-1.481668,0.616458,0.891252,-1.191861,-0.271588,-1.632933,2.191785,-0.934707,0.885096,0.138707,-0.403951,-0.117755,-1.831619,-1.215944,-2.565392,1.353427,0.117032,-0.460340,-0.543693,74.36,0,Bunnings,Other,
151542,-0.193753,1.122600,-1.117867,0.908464,-1.801734,-1.101687,0.075581,0.393346,-0.316308,-1.411999,0.405870,-0.473715,-0.371991,0.656432,1.472509,-1.867116,-0.694029,0.684767,-0.013381,-1.860831,-1.488220,0.781700,-0.248969,-0.753321,0.101135,1.058681,-0.501383,0.384940,5.07,0,Grill'd,Food,Membership fee
151551,0.408140,0.683213,-0.611579,-0.774725,0.481146,-0.149567,1.353979,0.168485,-0.757633,1.348127,-0.425642,0.963453,1.203495,-0.208027,0.762343,-0.979897,-0.538336,-0.278608,0.853473,1.350611,0.580325,-0.928750,-0.418884,-0.412375,1.652707,-0.576186,-0.593510,0.181618,73.93,0,AGL Energy,Utilities,
151765,-0.793893,-0.281858,-0.538724,-1.406948,1.630525,0.515906,-0.872487,1.225049,-0.997653,-0.783066,0.415952,0.025694,-0.621511,-0.124116,1.514495,-0.637840,-0.700456,1.551317,0.215482,-0.725513,-1.336580,-0.413317,-1.373479,1.007213,-1.222110,1.239416,0.538847,-0.282489,15.21,0,eBay AU,Other,
151900,-1.286743,1.798643,0.096624,0.144108,0.344278,-0.442865,1.905573,-0.041400,-0.677477,0.378215,-1.053464,-1.088281,-0.140181,0.816247,-1.555142,2.507176,1.069190,-0.415887,1.528747,0.237903,1.181543,-0.035057,-1.348608,1.227495,1.131331,1.069848,0.303951,0.049722,77.77,0,Domino's Pizza,Food,Tap to pay
151920,-0.012542,0.338737,0.243751,-1.381372,2.008397,1.839767,0.229990,-0.949686,-1.191710,0.841920,-1.192501,-1.151576,-0.321949,0.117932,1.395787,-0.731442,-0.447054,-0.975779,-0.839935,-0.571542,0.428379,-0.265144,-0.574111,0.671053,1.113252,0.848983,0.301987,-0.837772,13.90,0,Chemist Warehouse,Other,
152174,-0.394231,0.581249,0.892699,0.893281,1.166183,1.779091,-0.098189,-0.193252,-0.088003,0.997801,1.311391,-0.269914,0.849875,-1.441820,0.443604,0.114661,0.789260,-0.176647,-1.135570,-0.271949,-0.571763,1.033226,0.723218,0.539453,0.194491,-0.975203,0.109228,2.479510,60.76,0,Capstone Inc,Salary,
152845,-0.332906,-0.313647,-0.980269,-0.970083,-0.552640,-0.674180,0.591496,-1.093222,-2.293990,-1.165762,0.018189,-0.211462,-0.231226,-1.223382,1.077226,0.102724,-1.078154,0.538223,-0.870577,-1.120208,0.692578,-0.273110,-2.816672,-0.378298,-1.170701,0.681130,-1.665292,0.126022,29.97,0,EnergyAustralia,Utilities,
153592,-0.368825,-0.976748,-1.222017,0.264348,0.123050,1.332413,0.748929,1.510586,0.815587,-0.902215,1.014440,0.543510,0.620537,0.133936,-2.623070,1.357361,0.356436,-1.406448,0.205812,1.590494,-0.059992,-0.253292,0.469992,0.254779,-1.333259,-0.076515,-1.925988,1.348355,32.33,0,Guzman y Gomez,Food,
153674,-0.732380,0.681120,-1.055579,0.167099,-1.094659,-0.106155,-2.733805,0.692435,0.974013,0.213746,-0.895966,1.080398,-0.023032,-0.418747,-0.440831,-1.183637,-0.675928,1.681875,0.236153,0.668045,-0.116885,1.439612,0.598574,-1.011254,0.279520,-1.453510,1.358661,0.652127,6.89,0,Woolworths,Food,
153948,0.213785,0.602428,1.069207,-1.783563,-0.988437,-1.069647,0.596886,0.504904,0.509932,0.296219,-0.185505,0.643878,0.299340,0.364290,-0.434314,0.306101,0.512849,-0.715393,-0.535010,0.179144,1.031389,0.699676,0.753048,0.389987,-0.407089,-0.460996,-0.579175,-0.469447,16.71,0,Vodafone,Utilities,Card present
154143,-0.003234,0.710305,-2.183446,2.179746,-1.161613,-1.165408,-1.275510,0.065346,1.714531,-0.809393,0.298123,0.174514,0.603294,0.072169,-0.389810,1.863997,0.081738,2.152332,-0.524006,-0.961771,-1.640915,-0.671686,-0.620979,-0.693016,-0.738186,0.467638,0.316185,2.025565,28.15,0,Subway,Food,
154317,1.308148,-0.947237,-1.324192,-0.550991,-0.117534,-0.326725,-0.940995,-1.710847,-0.132837,0.696483,0.426161,1.130304,0.594384,1.296728,1.655536,1.160491,1.834553,-1.592792,1.239392,-1.812963,-1.531545,-0.584865,-0.285609,-0.109503,-0.362769,-0.946132,0.952598,-0.862262,11.27,0,JB Hi-Fi,Other,
154492,1.154927,1.029092,-0.377933,-1.226885,1.171243,-0.179125,-0.387771,-0.190317,-0.061903,-1.613973,0.048192,2.580124,-0.600617,2.621982,-0.346095,0.751468,0.661974,-0.981628,-0.804842,-0.098817,0.695607,0.431246,0.403015,-0.396716,0.734505,0.331990,-0.789377,2.596848,8.48,0,IGA,Food,
154701,-0.663197,-1.223920,0.476828,-0.768896,0.307368,-0.509765,1.034509,1.703222,-0.663413,1.073330,-1.964942,-1.670755,-0.469426,2.374596,1.892555,-0.212496,-2.407129,0.002675,0.114223,0.233430,0.858820,-1.124650,0.922523,0.898860,1.435597,1.281280,-1.305453,-0.397213,148.19,0,SelfWealth,Investment,
154923,-0.202263,0.787407,-0.834692,0.140667,1.561946,0.273555,1.005190,-0.712985,-0.437750,0.476507,-0.713227,1.118521,-0.498616,1.583717,-0.498699,1.109692,0.554221,-0.194958,-2.256379,-0.548100,0.698876,0.050083,0.931895,1.510445,-0.444797,1.669453,1.790485,1.488210,121.28,0,BP Service Station,Travel,
155239,-1.623093,1.027303,-0.804852,-2.347389,-0.148951,-0.473794,0.731054,1.333545,0.127188,-0.263049,0.979450,-0.035324,-0.001956,0.462649,0.199274,-0.501962,-1.282096,0.396182,0.109470,-0.423104,-0.295657,-0.113415,1.642613,1.376479,-0.647037,-1.237677,-0.734415,1.502331,22.84,0,Spotify,Entertainment,
156354,-1.120496,-0.182443,0.325254,0.918440,0.492286,-0.378128,-0.173514,0.451843,1.276637,1.195335,0.769783,-0.022348,2.636694,0.355297,0.428178,0.134801,-0.327693,-1.219093,-1.158205,1.157686,-1.774097,-0.322169,-0.440961,-0.131810,-0.576241,-1.665068,-1.359519,-0.343146,105.08,0,Starbucks,Food,
157107,0.448016,0.190934,-0.180635,-0.486094,-1.010308,1.455175,-1.349931,-0.141136,-1.202842,-0.423203,-2.061927,0.606547,0.098369,2.380661,-0.039589,-0.230702,0.126336,-0.290808,-0.343156,0.924850,-0.276204,-1.082713,-1.357072,-0.269664,-0.650937,0.337688,-0.884865,-0.883218,63.44,0,Spotify,Entertainment,
157135,-0.950934,1.020371,-0.813270,2.344517,1.078102,0.467388,0.435206,1.289457,-0.321575,-0.974986,0.649559,0.025096,0.073232,-1.052960,-1.209004,1.034823,2.222126,0.150611,-0.173862,1.584371,-0.030153,-1.255249,-0.468131,1.314865,-0.431315,0.422568,0.374534,-0.289892,145.73,0,Big W,Other,
157323,-1.469067,-1.352439,-0.214766,0.584932,-0.838494,-0.328720,-0.177762,-0.944618,-0.036402,-0.299883,1.406285,-0.514792,-1.066170,-0.633868,-0.386415,0.358809,0.625530,-1.524174,0.307140,-0.591615,0.838323,1.141173,0.720242,-0.953866,2.264039,0.488784,-0.389121,-0.386735,39.95,0,Capstone Inc,Salary,
158405,1.265170,0.213663,0.029380,-1.730141,1.946348,0.963153,-0.405005,-0.971658,0.111006,1.217075,-0.595994,0.667808,0.756504,-0.809679,0.158617,-0.377621,0.483749,1.378764,-0.208241,-0.278541,0.790311,0.406706,0.528979,-0.040389,-1.196688,0.416824,-2.537306,-0.579971,542.02,0,EnergyAustralia,Utilities,
158428,0.511852,-1.965110,-0.260770,0.716128,0.350592,0.991729,-1.364432,0.763009,0.673588,0.496644,0.967036,0.645851,-0.538070,0.887613,-0.658342,-0.131005,-0.843772,-0.588476,0.360428,0.932516,-0.122997,2.181442,0.933275,-0.777230,-0.820802,0.692171,0.137130,0.460806,14.84,0,Chemist Warehouse,Other,
158512,0.977302,-0.652224,0.474293,-0.400996,0.296144,-1.019295,0.578287,-1.311873,1.189508,1.014242,0.147300,-0.428809,-1.946912,-0.447987,0.347026,-0.373323,-0.841999,1.550139,1.300196,-0.781718,-0.638519,0.269048,-0.147253,-1.099494,1.716725,-1.447460,-0.562481,-0.154639,95.09,0,Netflix,Entertainment,Card present
159359,-0.108888,-1.155697,0.077486,-0.263670,-1.072124,-1.370685,-0.987695,1.541074,1.540791,0.629121,-0.010750,1.641951,-0.601376,-0.627100,-1.227923,0.205269,0.517713,0.546689,-1.905540,-0.828905,0.040102,1.031860,-0.694379,0.342741,-0.043992,-1.458305,-0.915208,0.818220,15.37,0,Telstra,Utilities,Card present
159707,0.822524,-0.425053,0.701449,-1.467749,0.790595,-1.092077,-2.421138,0.902139,-1.037585,-1.281379,0.405416,-1.399609,-0.437150,-2.122085,-2.306858,-0.471717,-0.099391,-1.020078,-0.116133,-0.312026,-0.581877,-0.644430,0.140365,1.948392,0.367778,-0.376617,-0.003254,-0.895189,231.92,0,Woolworths,Food,
161005,-0.010869,2.159430,0.549359,0.718085,0.489465,-1.558589,0.949856,1.236823,-0.439072,-0.191219,0.698559,-0.655273,1.285517,-1.552559,1.894548,0.966246,0.267596,1.148517,0.722057,0.920264,0.978587,-0.848907,-0.828152,2.083739,-0.222280,0.552644,0.756791,-0.585214,9.61,0,Event Cinemas,Entertainment,Online purchase
161040,-1.037728,-0.628607,1.126719,0.137846,2.072046,0.056130,-2.200893,2.152620,-1.979462,1.495152,-0.397507,0.304727,0.884115,-0.161075,-1.438660,-0.201199,0.725400,0.353654,0.263103,-1.591755,0.202513,-0.310349,0.523726,0.320139,2.228308,0.272327,-0.038816,0.383839,3.93,0,Steam,Entertainment,
163456,-0.618336,-0.351557,-0.604250,-0.233072,0.784782,0.008636,0.223478,0.556621,-0.835225,0.955092,0.714364,-1.588839,-1.831535,0.966835,0.436504,-0.439748,-0.433386,1.032079,0.451453,0.738593,0.076220,-0.460758,0.283146,-1.768664,0.862060,-0.233294,0.835210,1.694024,26.26,0,Domino's Pizza,Food,
163818,0.588666,-1.852806,0.119590,0.349745,0.488005,0.123542,-2.357394,1.488372,0.147844,-0.499056,-0.766673,0.001140,-0.051432,1.388139,2.050672,0.476133,2.242769,-0.471904,-0.414233,-0.751273,-0.087016,1.188560,-0.691004,-0.151399,-0.518243,0.840734,1.609935,0.055566,24.02,0,Grill'd,Food,
165240,1.125166,1.776222,2.167131,0.546567,0.775299,2.265748,0.805421,0.803758,-1.909876,0.808152,0.616219,0.605526,1.754738,-0.134824,-0.781835,0.110153,-0.586320,-1.140410,0.115816,-0.672267,2.877756,0.151879,-0.367471,0.465783,1.291268,-0.800220,-0.742602,-1.609817,2.58,0,CommSec,Investment,In-store payment
168606,0.097705,0.475172,-0.159267,-2.366563,1.341366,-0.337559,0.617715,0.352583,1.724385,-0.509521,1.051043,1.733092,-0.231112,-0.170106,-1.160435,-0.418563,2.194537,0.296485,0.311743,-1.112643,1.509921,-0.857155,-0.450524,-0.074709,-0.421781,-0.827801,0.791161,0.660493,66.38,0,Officeworks,Other,
169465,0.654787,0.351105,-0.358094,-0.421421,0.116519,-0.154069,-0.521856,0.844626,-0.515253,0.693198,-2.010853,-0.588062,-0.882528,-0.769392,-0.712146,0.819404,-1.284831,0.933026,-1.053242,0.390817,-0.813782,-0.726872,-0.289616,0.195374,-0.869633,0.631729,1.502409,3.103485,58.09,0,Optus,Utilities,
171133,2.066888,-0.885831,0.887278,0.332507,-0.434245,1.465765,0.773045,0.748353,-0.713672,-0.684695,-1.070054,-1.094162,-2.759772,0.679937,-0.455782,0.931874,0.351012,0.944479,1.321611,0.023882,0.595309,-0.371254,-0.418955,-1.566917,0.384578,-0.197325,0.657709,-1.152217,17.12,0,7-Eleven Fuel,Travel,Direct debit
171217,0.601583,-0.320811,1.322162,-1.763963,0.257791,-0.287668,-0.588059,0.445163,0.965007,-0.613595,-0.318225,0.704181,1.761157,-0.806751,2.260485,1.397852,1.006746,0.261342,-0.377950,1.095690,1.922511,0.705055,-0.654292,0.394186,1.160898,0.619290,-0.810624,-0.413048,47.42,0,Bunnings,Other,POS terminal
171682,-0.662144,0.396757,1.076418,0.559546,2.028598,2.541070,0.723666,0.803922,-0.441857,-0.444612,0.166594,0.572799,1.871120,-0.196099,0.435152,-0.189410,-1.473884,-0.714521,0.402134,-0.810111,-1.548251,-1.085493,0.321466,2.855744,-0.818263,0.075541,1.282872,-0.801043,39.13,0,Kmart,Other,
171769,1.011450,-0.677286,0.064846,0.423251,0.030659,0.099124,0.135339,2.026422,0.363507,-1.003753,-1.569132,-0.778029,1.522584,-1.236527,-0.657743,0.718685,-1.051886,-1.497943,0.219551,0.864351,-0.680761,-1.020221,-0.128808,-0.264780,-0.615349,-0.109697,0.089486,-0.121649,49.29,0,Qantas,Travel,POS terminal
175740,-0.943916,-0.033658,1.379162,-1.558477,-0.439610,-0.098480,0.033783,0.019100,1.384056,0.407454,1.214655,-0.781833,-0.079894,1.336862,-1.508220,-1.192031,0.599016,0.267519,0.989866,-0.223615,-2.346928,-0.001617,-0.637603,0.401837,-0.722063,0.392464,0.317479,0.101927,8.76,0,Origin Energy,Utilities,Direct debit
178009,-0.584253,-0.712360,2.762559,1.705384,-0.421465,0.393512,0.111677,-1.122861,1.530829,2.071929,0.675734,-0.981779,1.239600,-1.284981,1.283641,0.537683,0.215398,-1.197656,0.070174,-1.121533,-0.608085,-0.924793,0.066851,0.223772,0.447978,-0.777487,1.042486,-0.760329,39.73,0,Translink,Travel,
181313,0.996967,1.015966,-0.758047,-1.662831,0.154185,0.350221,0.172462,1.743665,1.175885,0.503304,-0.150712,0.347183,0.169657,0.075151,0.165731,-1.284852,0.828758,0.637609,0.547440,-0.177123,-1.433609,-0.434602,1.130370,-0.931760,-0.328697,0.120075,1.214166,0.421623,5.88,0,JB Hi-Fi,Other,
181849,0.919904,1.117885,-0.024724,-0.643011,0.821849,2.457649,0.979678,0.407866,0.536400,0.244906,0.829856,1.034542,0.234596,-1.085448,1.538444,-1.760039,0.015980,0.626370,0.619861,0.277890,-0.455366,-0.347965,-1.321686,-1.308179,-0.547719,-1.019011,1.671288,-0.719412,25.68,0,Sydney Water,Utilities,Card present
187211,0.041850,1.726035,-0.305382,-0.566225,0.141968,-0.299656,-0.380486,0.910063,0.330515,1.998553,-0.976358,0.546570,-1.459050,0.745289,-0.006162,0.770999,1.459849,-0.300576,0.481774,-0.985828,-0.186564,-0.906851,0.065508,0.157440,1.340151,-0.050088,-0.193151,-0.846579,45.58,0,BP Service Station,Travel,
187371,-0.910196,-0.839280,-0.213189,0.654873,0.031563,-0.675671,-0.739267,0.010533,0.252889,0.203456,-0.156843,1.091562,1.343818,-0.197842,0.020753,-1.762961,-0.423405,-0.416156,-0.204467,-2.960588,-0.468920,-0.669323,1.529972,0.016808,-0.586778,-0.060018,1.170158,3.229971,4.36,0,RentPay AU,Rent,In-store payment
188442,0.740742,0.798116,1.338095,0.106288,-0.935529,0.378423,0.734642,-0.296674,-0.735932,0.786229,0.080925,1.330548,-0.772218,-0.155906,-0.044952,0.464043,-0.478775,-0.380794,-0.009603,-0.768333,-0.455559,-0.728116,-0.607682,0.738050,0.333996,0.193701,0.278693,0.071470,30.24,0,LJ Hooker Rentals,Rent,Membership fee
188869,0.234130,-0.081244,0.219801,-0.900524,-1.039732,1.773614,-0.219187,1.176696,0.579169,-0.377825,0.929188,-0.380275,1.194166,-0.427924,0.745684,0.044072,-0.801880,-1.641125,2.858453,1.443900,1.143735,-0.538799,-1.065734,-1.484392,0.446254,-0.517300,-0.031878,-1.577898,32.06,0,7-Eleven Fuel,Travel,Recurring subscription
190637,-1.024546,1.725606,-0.368552,0.537414,-0.641321,0.780965,0.195170,-0.768498,-0.169093,1.957180,-0.215731,0.554148,1.449659,0.415940,1.354231,1.045066,-2.166174,0.730442,-0.971652,0.594076,-0.290604,-1.030022,0.308707,0.884549,-0.152805,1.193870,-1.592247,1.555012,6.05,0,eBay AU,Other,Membership fee
190717,0.674035,-0.482081,-0.702471,1.447979,-0.426162,0.914904,0.238604,0.551655,1.888976,-1.770190,0.673214,-0.206662,0.338933,0.246377,-0.643913,-0.676881,-0.701223,2.347231,0.129012,0.015444,-0.331105,-0.754336,0.858060,-0.584037,0.774464,-0.520474,-0.887068,1.073234,1.94,0,Belle Property,Rent,
191042,1.061551,0.033552,0.380017,-0.574090,0.384340,-0.155863,-1.025972,1.968090,0.547638,0.435076,3.701878,-0.864672,-0.069826,0.603873,0.551277,-0.018989,-0.708759,-1.887786,-0.496335,0.073720,0.457044,-1.844924,-0.166813,1.144755,0.434761,1.016087,0.561978,0.993890,271.35,1,KFC,Food,
191102,-0.319104,0.420912,-0.418823,0.793520,-0.773655,1.184326,-0.099145,-2.323223,0.458269,-0.744709,-1.073222,-0.261875,-0.397895,-0.867614,-2.205968,-1.020837,0.969490,0.108109,-0.584126,-0.631111,1.018113,-1.436744,0.062296,1.608106,-0.582886,-0.052690,-0.076497,-1.719074,54.59,0,Sydney Water,Utilities,POS terminal
191363,-0.156710,0.018651,-0.684898,-1.090832,-0.154072,1.579176,-0.976182,-0.888379,-3.182418,-0.362461,-0.379396,2.008675,0.600555,0.258460,-0.208400,-1.181258,-0.355440,0.056097,-0.125033,0.452799,1.303213,-0.433336,0.014329,-0.575926,-1.382826,-0.251849,0.686455,-2.146451,6.83,0,eBay AU,Other,
191884,-0.028977,0.171291,0.351184,-1.203341,-0.884358,-0.392799,-1.410471,0.370742,-1.097313,0.016035,-0.283276,-1.793123,-0.110563,-1.103850,-0.618851,0.586684,-2.500086,-0.126122,1.286823,-0.289603,0.291369,1.193600,-0.490061,0.246587,-1.581208,1.563667,0.425936,0.432894,37.34,0,Steam,Entertainment,
192006,-0.423328,-0.047721,0.730188,-0.022042,-0.265619,-1.239026,-1.080547,-0.847131,0.332562,0.110001,-1.253178,0.268981,-0.831422,-0.852898,1.557679,-2.030813,-0.472041,0.398740,-0.692365,0.617884,0.954522,-0.091881,1.004346,-1.082000,-0.277140,-0.447886,-0.594267,-0.192209,24.73,0,Sydney Trains,Travel,
192023,-0.712407,-2.102758,-0.687796,-1.523629,1.863864,2.134428,-0.277232,0.374329,1.663175,1.589664,2.377299,0.607745,0.873464,0.196380,-1.036674,-0.040102,0.498775,0.985932,-0.837984,0.329166,-0.022163,1.810776,-0.375513,0.148459,1.049905,0.390198,-0.704792,0.916045,13.84,0,Disney+,Entertainment,
192448,-2.327076,-0.880056,-0.609934,0.281755,-1.471236,-1.209230,0.305475,-0.123731,1.877513,0.478681,1.305384,1.937941,0.570298,-0.740875,-0.607056,1.647798,0.155895,0.068970,0.196504,0.133075,-0.025416,0.509603,-0.647443,0.438103,0.839886,0.525665,-0.369242,0.845216,30.48,0,Disney+,Entertainment,POS terminal
192491,-0.970553,0.235784,-1.446169,-0.064425,-1.161931,-0.006212,-0.867288,0.453542,-0.356335,-1.108742,-0.648463,-0.621036,-0.147623,-1.404954,-0.151434,-1.818119,-0.898853,-1.120854,1.182932,0.190093,-0.053023,0.456716,-0.997079,-1.255212,-0.621038,-2.523387,0.116482,-2.614585,139.35,0,Medibank,Insurance,Tap to pay
193109,1.079572,0.585302,0.773339,1.312821,-1.847816,0.244253,-1.202903,0.016523,0.193260,1.794513,1.120349,-0.584677,-0.278632,-0.538743,1.448136,0.359567,-0.029559,0.223491,1.244495,0.132309,-1.687814,-3.005663,-0.189787,0.763619,0.765361,0.251591,0.203723,-0.861875,4.84,0,Shell,Travel,Tap to pay
194310,1.991901,2.604282,0.077692,0.121446,-1.329658,0.462226,0.188465,0.709896,1.979617,-0.483568,0.470956,-0.495218,0.378642,-0.295616,-0.412303,-0.576340,-1.202246,-0.579194,-0.412130,0.849449,0.057676,-2.321777,-1.439393,-0.272025,-0.933790,2.090020,-0.041887,0.771954,11.29,0,Apple TV+,Entertainment,
194381,0.077723,0.403448,-1.276063,0.977522,-0.579427,-1.285351,0.875985,-0.169654,1.208458,-2.178746,-0.446428,0.843276,-1.332352,-1.094958,-0.439553,0.050967,1.215680,-0.832177,0.191836,-0.790293,1.411836,0.547220,0.644694,0.239593,0.714497,-0.114369,-0.566109,-0.504557,7.15,0,Airbnb,Travel,
195417,0.386248,0.144176,1.882630,-2.363567,2.151443,-0.863196,-0.637593,0.404919,-0.186489,-1.386116,-0.518400,-1.085415,-1.121922,-1.070447,-0.670178,-1.445332,-0.247761,0.110713,-1.248428,0.803065,0.121014,-0.219928,-1.198843,0.765863,0.601206,-0.299430,-1.419304,0.354358,38.73,0,Sydney Trains,Travel,
196095,-0.781844,-1.137727,0.386852,0.470895,-0.540897,0.608105,1.375632,0.584234,-0.783018,0.424167,-1.810582,1.709938,-0.603868,0.869520,0.017170,-0.094775,1.103972,0.986161,-0.461177,0.015276,-0.441189,-0.448804,-0.605261,1.138331,-0.315917,-0.203294,0.260583,0.008317,32.98,0,Ticketmaster,Entertainment,
196187,1.103157,1.285501,0.332428,0.879689,0.130646,0.441352,-0.516406,1.229730,-0.536581,1.294451,0.573694,-0.664967,0.008980,0.887707,-1.103606,-1.333168,0.485079,-1.192488,0.363732,0.771831,-0.289088,0.582373,-1.999619,-0.230854,1.794227,0.275430,0.270238,-1.483840,72.23,0,Kmart,Other,
197955,1.368618,-0.493461,0.153248,-1.811139,1.468701,1.822153,-0.491280,0.619007,-0.366554,-0.689361,0.259295,-0.427816,-0.971023,0.464219,-0.612807,-0.235950,-0.727046,-0.293710,-0.490276,0.347790,-0.107407,0.321461,-1.116133,-1.773760,0.432834,1.125638,0.251717,-0.856098,9.00,0,Sydney Water,Utilities,
198240,-1.698581,-0.146353,-0.770106,-0.384401,0.401059,-1.756025,-0.971630,-1.845041,-0.264259,1.056245,-1.005577,1.453358,-0.442769,0.485740,-0.586604,-0.155870,-0.570985,-0.485303,0.102119,1.463957,1.443170,0.270090,-0.652035,-0.290698,0.984994,-0.811572,0.297074,0.416969,16.47,0,Starbucks,Food,Tap to pay
198841,-0.022777,0.379035,2.082468,-0.941769,1.483146,0.764837,-0.104034,0.578563,0.731988,1.449618,1.863196,0.228032,1.008252,2.054071,-0.322167,0.256017,0.029565,-0.116425,-0.426708,1.550648,0.595587,1.501776,2.278922,0.648166,-0.879245,1.287059,-0.952328,-1.639960,19.49,0,Aldi,Food,
199089,0.494809,-0.592729,0.775060,2.456927,-0.804582,-0.437350,-0.639503,0.677701,0.565483,-0.851357,-2.193593,0.085710,2.293978,-1.004487,2.155499,0.693493,-0.889358,-0.648232,-0.705918,1.540084,0.654971,0.850523,1.285108,-1.645152,0.562265,-0.692949,2.187525,-0.408438,32.58,0,Hoyts,Entertainment,POS terminal
199507,-0.366682,-1.025989,1.087488,-1.458856,-1.419858,-2.663595,-0.208459,-1.080548,0.074248,0.928596,0.000941,0.828128,1.054350,0.863103,-0.284486,0.513199,-0.217979,-0.363670,0.594927,0.710856,-0.085203,-0.031487,-0.545033,-0.642131,0.651345,-0.566368,-0.038717,0.008564,15.00,0,KFC,Food,Recurring subscription
199536,-0.547986,-0.103387,0.599671,-0.437330,-0.694557,2.640651,1.293708,-0.610855,-0.426583,-0.166139,-1.168625,-1.327888,-0.618224,0.087705,-0.639906,-0.826236,0.981086,0.816303,0.607274,-0.266751,0.209071,1.822960,-0.679199,-2.140290,0.983129,1.486507,0.524922,0.295339,54.83,0,Ray White Property,Rent,
199621,-0.193790,0.445819,-0.659873,-0.135585,0.851793,-0.473114,0.365908,-2.176793,-2.667289,0.445913,0.380127,-1.433900,2.020381,0.165081,2.618380,0.310468,0.650586,1.613007,0.339232,-0.658093,1.452697,0.175609,0.696308,1.001015,-2.472055,-0.128716,-1.422616,-0.551325,17.79,0,PlayStation Network,Entertainment,Membership fee
201704,0.779247,-0.930537,0.189441,0.703394,-1.229791,0.179083,0.215378,0.509449,0.513524,0.207223,0.805530,-0.741515,-1.131777,0.896565,-0.964866,-0.115949,1.620010,1.114743,-0.088683,0.581009,-0.899933,0.821006,1.353289,-0.350072,0.294169,-0.567408,-0.083321,-2.362540,5.05,0,Big W,Other,Card present
202203,-0.558843,-0.136550,1.139879,-1.155263,1.362701,0.306674,-0.321615,0.120075,1.486421,0.287815,0.430481,0.554492,0.595036,1.063268,1.188834,1.103746,1.732429,-1.144899,0.237331,-1.298390,0.698789,1.661811,-0.080622,0.682620,-0.656971,0.713476,-1.253838,-0.088794,99.37,0,Hungry Jack's,Food,Direct debit
202303,0.812207,-0.507884,1.401362,0.424912,-0.140967,0.145682,0.819698,-0.680969,-0.223789,-0.788549,0.028658,-0.279264,-0.060620,-0.793284,-0.470024,0.840986,-0.110302,-0.422032,-0.422353,0.026328,0.760329,-0.543789,0.751957,-0.355903,-0.319814,0.724907,1.205621,-0.040950,10.46,0,Woolworths,Food,
202370,-0.129173,2.707786,0.981035,0.091254,0.701161,-1.839607,0.338023,0.801005,-1.266677,0.065773,0.210515,-0.565913,0.103271,0.085873,2.377315,-1.414991,-0.701302,0.440631,0.381977,-0.842881,-1.025864,-0.957078,-0.488201,-1.247816,0.245322,1.389883,0.122032,-1.070177,57.53,0,Aldi,Food,
202570,-0.154375,0.618753,-0.676167,0.160080,-1.302736,-0.866209,-0.180942,0.038958,0.320318,0.797343,0.049818,-0.596381,0.442918,-1.159718,0.611725,0.697049,-0.146022,0.708770,1.566534,-1.706054,0.471330,0.829447,0.107040,0.370384,-0.526019,2.462900,-1.690269,0.575908,1.58,0,Woolworths,Food,Online purchase
203315,1.594908,3.559646,1.938897,-0.843210,0.229880,-2.322593,0.388570,0.628523,-0.747419,-5.813271,3.002823,-2.123297,-0.715186,10.992460,1.194211,0.000153,3.686180,-0.155592,2.912507,-2.555268,-0.085495,-2.285367,0.132836,-0.083329,-3.246985,-0.082974,0.331494,0.377448,848.68,1,Discount Mart,Other,
203322,0.354790,-0.217995,-0.588242,0.692689,-2.052481,0.191400,1.864022,0.625432,0.515797,0.048705,-0.998868,0.876900,0.914664,0.541461,-0.261883,-1.086797,0.713155,1.259104,0.131491,0.020871,2.530732,0.020624,-2.181334,-0.699220,-0.517891,-0.588861,-0.777762,0.277256,33.07,0,Vanguard,Investment,Tap to pay
203671,1.823249,-0.363538,-0.896943,1.180844,-2.812752,-1.201065,-0.713206,0.394435,-0.958149,0.797025,0.948910,-0.467240,-0.726611,-0.602269,1.311189,-2.025815,-0.589739,0.994198,-1.391681,0.797011,0.228798,0.646756,-1.229415,1.964569,0.760583,-1.669553,-0.234979,0.642218,46.35,0,Sydney Water,Utilities,Direct debit
203868,-0.509715,2.020176,-1.015879,-0.912441,-0.209952,-0.613830,1.271287,0.579500,-1.062618,-0.637860,1.062332,-0.747103,-0.709634,0.948189,0.258280,0.646993,0.165861,0.946509,0.940634,0.013908,0.246128,0.938498,-0.991634,-0.208987,0.844844,1.502134,0.951969,-0.043663,10.48,0,Netflix,Entertainment,Direct debit
203929,-0.060106,-1.121970,0.575128,0.376019,-0.450332,0.122190,1.216281,-1.981460,0.141602,-0.509063,-0.368701,0.067901,-0.443929,-0.134220,-0.902377,1.356932,0.756943,-0.901620,-0.416768,0.084306,-1.505696,0.986392,-0.963909,0.038923,2.144913,-1.349440,-0.524352,0.291990,37.98,0,Big W,Other,
204175,0.753120,-0.094510,0.216944,-0.350530,0.783609,1.686529,-1.692613,-0.346550,0.803773,0.859805,-0.393509,0.950524,1.291363,-1.171904,-0.579944,-0.195729,0.713619,-1.374819,1.129582,0.925734,-1.619085,1.631760,-2.412750,-1.062698,-2.284405,-0.155755,-0.222348,-1.509907,7.17,0,Qantas,Travel,
204522,1.522780,2.318230,0.529607,0.748486,-1.110031,0.195654,-0.449016,1.454462,-0.200817,0.754574,0.990726,-0.077852,0.474340,-1.855894,-0.155349,-1.562870,-1.253206,1.097168,0.985111,0.555261,-0.099197,1.079351,0.525448,-0.339057,1.087871,-0.541986,1.192610,-0.691431,17.32,0,Bunnings,Other,Membership fee
204979,-0.406571,-1.055095,1.096745,-0.131692,0.846077,1.441107,-0.285319,1.494972,0.018134,1.238596,-0.447930,0.618804,1.759233,2.484786,0.358158,1.723266,0.080067,-0.134827,-1.464038,-1.133084,-0.072929,0.882322,1.478990,-1.488724,0.387932,-1.000577,2.276218,0.677918,78.99,0,SelfWealth,Investment,
205190,0.523822,0.534383,0.659048,0.483716,-0.926595,1.540543,-1.973525,-1.408415,-0.747514,0.871759,-0.519266,2.229912,-0.415625,-0.434154,-1.368512,0.850672,0.619578,1.900605,-0.094714,-1.386467,1.088109,-2.386990,0.325087,0.378219,1.541695,-0.625760,-1.629816,-0.670513,40.82,0,Shell,Travel,
205200,-0.920128,0.253985,0.784921,1.467911,-1.194303,0.811189,1.238933,-0.062971,0.390649,-1.719603,1.298577,-0.894829,0.574830,-0.382100,-0.517430,0.091595,1.638800,-1.018241,-1.795197,-0.301930,-0.185822,0.971722,1.210848,0.138266,-0.833615,-1.341334,-1.700892,-0.753564,28.06,0,Translink,Travel,Online purchase
205368,-1.013467,-0.200570,-0.160413,0.163988,1.287601,-1.017196,-0.077844,-0.830355,-0.143259,-0.569186,0.318271,-0.366790,-0.394039,-0.789176,0.557955,-0.847386,0.905355,-1.354317,0.596881,-0.018195,-0.323469,1.630987,-0.718527,1.628673,-0.744705,-0.113712,1.635088,-1.349572,8.90,0,Netflix,Entertainment,
205529,-0.937682,0.118244,2.359768,0.231097,-0.394266,0.941660,-0.481978,-0.783986,1.082610,1.115008,0.579482,-0.776836,1.084511,-1.144581,-0.606852,1.352146,-0.099159,0.419400,-1.083550,0.684713,-0.493496,-2.194151,-2.236059,0.128548,-1.587829,-0.155508,-0.614147,0.604694,10.97,0,IGA,Food,
205951,0.388050,-0.130787,-0.148875,-1.320802,0.765898,-0.838126,-0.240524,1.436590,0.729379,0.062047,-1.283622,-0.588474,-0.338681,-0.729839,0.789680,0.113320,-0.071814,-0.372062,0.863527,-0.230596,0.852258,1.073469,-0.717019,0.202968,1.380437,1.864642,0.073007,1.589759,4.05,0,Event Cinemas,Entertainment,
206199,-1.768683,-0.494492,1.032185,-1.313491,-1.531151,-0.908415,1.260722,0.136638,-0.951110,-0.133993,1.412511,1.078976,0.467697,-1.128425,1.729117,-0.165867,0.934989,0.267704,0.397869,1.207783,-0.439336,0.156625,0.798678,1.112299,-1.287595,2.417518,1.609979,0.099089,4.04,0,Guzman y Gomez,Food,Online purchase
206230,0.663240,0.318358,-0.847939,0.561634,-1.826777,0.529890,-1.503027,0.127001,-1.837202,0.050741,2.256133,0.993399,0.020271,-0.791858,0.084575,0.228215,0.724334,-0.612541,-0.753337,1.193671,0.456509,1.290543,1.510669,0.054789,-0.417022,0.127230,0.595091,1.696874,27.14,0,Netflix,Entertainment,Membership fee
206267,0.161948,1.249461,-2.068027,0.995556,-0.997246,-0.048238,0.486677,0.737999,-0.614985,0.281220,0.647567,-0.419399,0.388969,1.962060,0.982058,-1.007572,0.658090,2.384508,-1.071049,0.053915,-0.212701,-1.209651,0.837961,-1.379096,-1.323878,1.293073,-1.791846,0.290927,100.95,0,7-Eleven Fuel,Travel,
206475,-0.687560,-1.155926,0.851296,1.108466,-1.143391,-0.757604,-0.743797,0.140040,1.490544,1.977245,0.705585,-1.617283,0.325895,-1.276574,0.016419,1.094461,-0.833547,-0.117484,0.905076,0.486681,0.040409,-0.541576,-1.702166,0.810963,1.004094,-0.216924,-1.384910,0.903945,15.96,0,Vanguard,Investment,
206759,-0.073987,-2.013251,-1.379881,-0.244404,1.042526,-1.065049,-0.023481,-0.052934,-1.327755,-1.067278,-0.692218,-0.209993,0.715533,-0.107381,-0.640532,-0.426008,0.846885,0.617663,-0.717118,-0.407622,0.807038,-1.715904,-1.381196,-1.186932,1.143682,-1.199800,0.338821,-0.472351,50.15,0,PlayStation Network,Entertainment,In-store payment
206828,0.363015,0.685285,-0.259547,-0.570367,2.109325,-0.808446,0.874371,0.439720,-0.881769,-0.220218,-1.211374,-0.358630,-0.798454,-0.724652,-1.001127,-1.814346,0.354666,0.567579,1.087126,-0.989058,0.141959,0.522410,-0.653639,-0.313387,-0.173102,0.274684,0.208344,-2.289787,11.16,0,JB Hi-Fi,Other,
206830,1.239419,-0.434625,-1.494198,0.496884,-0.236956,-1.782479,0.142510,0.343831,-1.037687,-0.914679,-1.204343,-0.170800,0.599732,-0.007037,0.043214,-0.171719,-0.289758,-0.746522,0.440692,-0.870543,-0.531498,0.455887,0.341495,0.415037,-0.600750,1.934234,0.917055,-1.011719,8.58,0,Acme Corp Payroll,Salary,
207607,-0.836706,-0.294000,1.707710,1.739997,1.766870,-0.168666,-0.348575,0.164363,1.210820,-0.989021,0.579258,-0.850995,-1.812688,-0.295540,-0.441797,0.366628,0.156056,-1.480853,-0.848669,0.809604,0.712010,-0.780671,0.928404,-0.714196,-1.712897,0.643473,-1.502485,-0.066676,20.78,0,Capstone Inc,Salary,
208012,0.258343,-1.444990,0.150633,0.912732,-1.593225,0.380093,-0.902218,0.025395,1.237481,-0.320067,1.908833,0.371310,1.376908,-0.476234,-1.904115,1.502086,-1.214893,-0.574149,-1.288479,1.002093,0.501802,-1.606148,0.324549,0.584403,-0.224444,-0.012057,-0.796514,-1.091950,12.28,0,Bunnings,Other,
208106,0.684120,2.008980,-1.142164,-0.193164,-0.516187,-0.273302,1.115097,-0.582283,1.507869,-0.129642,-0.961502,-0.616065,-0.249448,-0.213147,1.361556,1.334903,0.754898,-0.483279,1.761809,-1.876399,-0.184341,-0.806644,0.505900,-1.552112,0.405000,1.597728,0.092559,-0.389756,118.39,0,Big W,Other,
208145,0.540309,-0.873611,0.917626,0.157679,1.691698,1.183473,-0.513717,-1.775300,1.280640,-1.209479,-0.105844,-0.262118,-0.094877,-0.707245,1.004859,-0.911440,0.138847,0.075898,-1.329680,-0.550642,1.474350,2.349471,0.144946,-0.676310,0.179839,0.883135,-0.623309,-1.090700,114.02,0,Ticketmaster,Entertainment,In-store payment
208218,0.709374,0.442119,1.429797,0.651606,-0.606143,0.986926,0.507560,0.077792,0.117645,-1.169414,1.205500,1.831418,-0.656855,0.119312,0.594489,-1.378943,-0.941365,-1.432046,0.505457,0.281942,-0.014436,0.427611,-0.081941,0.563125,0.173777,0.372217,-1.087471,-1.102217,46.02,0,KFC,Food,
208638,0.323853,0.179183,0.993223,-1.600065,-2.215997,-2.037949,0.655050,-0.947925,-2.291456,0.576687,0.266094,0.821975,-0.343163,-1.134867,-0.162096,-0.141442,0.454923,-0.989238,0.920661,0.061194,0.153906,1.650304,-0.488552,0.762626,-0.547183,-0.493652,1.032580,-1.191377,13.73,0,Amazon AU,Other,Direct debit
208733,-1.391341,0.863395,0.701161,1.608345,-0.864892,0.208946,-0.283377,0.691336,0.272336,-0.846172,-0.259944,-1.082798,2.591114,-0.879741,-0.325136,1.051452,0.135738,-1.135354,-1.863266,-0.029010,-1.626411,1.409071,0.669727,-0.773750,0.815422,-0.586457,1.111879,1.728666,67.06,0,IGA,Food,
208917,0.485595,1.187688,0.688169,0.174985,-0.895223,-1.795148,-1.040299,0.484401,0.673245,-0.611341,-1.116921,-1.569162,0.687906,-0.948143,0.743570,2.073102,-1.729183,0.384610,0.365850,-0.064830,-0.664610,1.724039,0.970356,0.096808,0.301688,-0.364804,-0.510283,-0.408156,15.99,0,Chemist Warehouse,Other,
209073,-2.283395,1.262776,0.676701,-1.553855,0.831068,0.136535,0.741185,2.663450,-1.703049,-5.811553,-2.225409,7.576525,-1.120284,-9.298126,-0.697183,-0.868489,-2.834303,4.192475,2.358216,-1.456115,0.866582,-1.142248,0.943094,2.520314,0.127436,-1.118659,-3.125809,0.195213,1.47,1,Discount Mart,Other,
209167,-2.047040,1.438438,-0.430890,2.044996,-1.793160,1.682257,-0.502548,0.113230,0.238947,1.507559,-0.106088,1.905186,-0.429309,0.056825,0.712994,-0.143671,-1.243477,0.516700,0.779552,-0.244449,1.810438,0.684234,-0.391168,0.080286,-0.060123,0.102195,-0.449716,0.190602,5.20,0,Hertz,Travel,
209290,0.817485,0.476393,1.607169,-0.150631,-0.416783,-2.190960,0.088665,-1.181515,1.106465,-0.550789,0.390979,1.071359,1.057579,0.557438,-1.883639,-0.642075,-1.294372,-0.217748,1.021603,-0.983617,-1.030138,0.160151,0.422170,-0.661888,-0.074646,-0.468904,-1.998093,1.488658,43.45,0,Vodafone,Utilities,Auto-renewal
209545,1.636399,-0.087372,-0.264640,0.727163,1.559953,0.954885,0.892794,-1.183052,0.917454,-0.777684,0.320982,0.005170,0.532424,-0.593255,-0.722874,1.754213,0.881970,0.394768,-0.672401,0.863374,0.029211,2.695527,-0.315874,2.479285,0.239454,0.229678,-1.623408,1.089834,13.88,0,Telstra,Utilities,
209626,-0.722366,-0.637924,-0.703381,0.521254,2.336878,1.433725,-0.364135,-0.630312,-0.440090,0.548933,0.725054,0.516683,-0.083769,0.172094,-0.876889,0.731813,-0.327724,1.509556,1.001472,0.022354,1.002351,-1.140551,-0.931475,1.980606,-0.084490,0.349404,-0.979460,1.290851,57.87,0,Booking.com,Travel,POS terminal
209822,-1.193907,0.186657,0.642054,-1.369461,1.430466,1.691242,-1.164274,-0.645959,-0.385251,-1.873917,1.227619,-0.073416,1.546903,0.931673,1.059631,-0.101323,0.668119,-1.257865,-0.494388,0.764146,1.199718,0.365845,0.326016,-1.780805,0.124488,-1.853741,-0.833188,1.233393,16.82,0,Priceline,Other,
210494,0.809273,0.334106,-0.913403,-1.472776,1.306482,1.164241,0.554058,1.006377,1.761034,-1.171485,0.255925,0.556897,1.510963,0.678064,0.303225,1.251045,-0.353445,-0.143161,-0.361197,-1.087502,0.009724,-0.495540,-0.962344,0.910266,-0.646635,1.222058,-1.269634,-1.348274,19.29,0,Kmart,Other,Card present
210630,-1.418695,0.359460,0.398568,-1.585946,-1.904322,0.239276,1.077486,0.533945,0.579010,1.237684,-2.158074,0.817138,-0.831057,-0.495980,1.467210,0.011095,0.416060,-2.684475,0.654978,-0.130220,-1.342941,0.225738,-0.772031,0.520227,0.547528,-1.508796,0.941507,1.184170,18.97,0,Priceline,Other,
210762,-0.786308,-1.829401,-1.047477,0.877537,-0.055779,-0.596876,-2.188378,0.628722,0.527062,0.027151,0.090985,-0.287385,0.971020,1.661879,-0.346176,1.451993,1.592886,0.650065,1.246758,-0.067297,-1.164102,-0.334406,-0.577581,-1.414843,1.438902,-0.311056,0.859198,-1.920864,53.59,0,Guzman y Gomez,Food,Tap to pay
210774,1.197461,0.323611,-1.270215,-0.596851,-1.655210,-0.193586,-0.640212,-1.810669,-0.209079,-1.145934,1.232938,0.600635,-0.055477,0.210349,0.272190,1.362606,0.542889,0.524601,0.840775,-0.953234,0.030129,-0.064117,-0.093723,-0.451313,-0.357443,-1.195535,-0.267373,0.887763,39.81,0,Domino's Pizza,Food,Recurring subscription
210842,1.682857,-0.434182,-0.617841,0.455667,-0.656775,-0.688840,0.289574,-0.825155,-0.053305,0.339774,-2.143086,0.946147,-0.702321,-0.856162,-1.077928,-0.202949,0.330155,-0.372418,-1.388505,-0.062275,0.185029,0.524707,-0.165912,-0.295567,1.921191,1.284480,-1.475140,0.314543,97.35,0,Hungry Jack's,Food,
211156,0.458776,0.171069,1.247899,-1.236960,-0.648702,-0.361660,1.656701,1.104755,1.193728,-0.049151,-1.496485,-1.541318,-1.097681,-0.387513,-0.214288,1.196876,0.070455,1.844126,0.900593,0.494688,1.418536,1.520457,-1.138967,-0.809390,0.464704,0.196110,-0.986966,-1.097859,33.62,0,Starbucks,Food,
211297,-1.373782,0.146683,0.408192,0.617616,-0.424028,0.068990,1.602803,0.053083,0.694737,0.719341,1.795475,-0.138007,-0.825604,-0.840304,1.023401,-0.134125,1.004896,2.586875,1.098503,-0.149165,-0.073447,-1.206010,1.613186,0.997931,0.894865,0.629776,-0.794520,-0.278295,7.92,0,Domino's Pizza,Food,Online purchase
211400,-1.519828,0.096384,0.539583,0.351753,0.885868,0.531933,-0.100813,3.886062,0.409656,-0.435750,-0.724929,-0.863291,0.035526,0.320591,-1.780508,-0.140784,-0.076016,-1.909014,0.783752,0.371697,-0.273170,0.335725,-0.221883,-0.552175,0.081167,0.567345,-0.165841,-0.583552,26.26,0,Telstra,Utilities,Card present
211402,0.133150,-0.685268,-0.007895,0.600458,0.386698,0.888084,-0.702111,-0.220023,-0.199901,0.388953,0.070644,0.744528,-0.092427,2.357050,-1.614957,0.718229,-0.686797,1.689281,0.856289,-0.000836,0.109169,-0.177966,1.795899,-1.040257,-1.072629,-0.583203,2.053031,1.088573,16.84,0,IGA,Food,Direct debit
211496,-0.087697,-0.068460,0.935990,0.191904,-1.270685,-0.066928,-0.362395,0.754274,-1.434422,-0.288026,0.501088,0.921304,-0.675729,0.344306,-1.075391,0.860895,-0.868436,-0.409146,-0.031491,1.720237,-2.002195,-0.700312,1.961851,1.425862,0.487486,-0.789099,-0.908794,0.247890,21.63,0,Grill'd,Food,
211529,2.495250,0.446308,0.333472,-0.363026,1.831541,0.320964,0.012348,0.190929,-1.175233,0.866383,-0.637764,0.131351,-0.013110,-0.269898,0.491355,-1.011858,0.012706,1.741508,-0.190445,-0.275331,-1.405580,-0.299731,-0.041604,2.296130,-0.790385,-0.428284,-0.204632,-1.904982,4.69,0,Translink,Travel,
211709,-0.971941,1.514931,-0.860609,0.163114,1.138006,0.950360,0.061748,0.922970,-0.931143,1.059324,-1.406257,1.468187,0.681389,1.243366,0.266766,1.004065,0.184846,-0.624956,-0.270862,1.715228,-0.654538,-0.906525,1.875469,-0.852567,-0.220365,0.600098,-1.438948,-1.520495,10.52,0,Tech Solutions Pty Ltd,Salary,
211944,0.565752,-0.219289,-0.797687,0.378148,-0.382196,-0.667819,-0.209616,0.130935,0.865755,-0.350878,-0.422686,-0.493748,-0.706248,0.762390,1.976847,1.330827,0.516515,-0.562095,-0.472220,-0.101244,0.210501,-1.089186,-1.737253,1.853451,1.284651,-2.049409,-0.307181,-0.320549,42.74,0,BP Service Station,Travel,
212238,-0.314078,0.666269,0.768993,-1.276672,0.282249,-0.092409,-0.140822,0.393151,0.209708,0.405962,-1.398352,0.254476,0.369717,-0.745955,0.430015,0.011411,-1.014679,-1.128068,-1.431562,-0.752762,0.677744,0.248520,1.061784,-1.340614,1.266170,-1.052369,0.674646,1.397579,1.35,0,Northwind Industries,Salary,Direct debit
212427,-1.879049,0.313596,-0.278497,0.544423,0.791771,-0.324171,-0.398661,-0.178384,1.035333,-0.275310,-0.995071,-2.489295,1.244306,-0.160861,-1.188465,1.383095,-0.203654,-2.245904,-0.403347,-1.149108,1.308361,0.853835,1.384358,0.349874,0.041497,-0.162934,-0.179806,-0.945153,25.49,0,Chemist Warehouse,Other,Online purchase
212591,0.441487,0.455702,-1.020359,1.090845,-1.168515,2.224597,-1.147284,0.505526,0.130530,2.253413,1.162011,-0.660246,1.803834,-2.067594,-0.267641,0.527105,0.304490,0.937596,1.106569,-0.194221,-0.238528,-0.391526,0.272371,-0.958749,1.303978,1.740370,1.513436,-0.656003,32.79,0,Subway,Food,Membership fee
212754,-0.234003,-1.015840,-1.278785,1.589357,0.421505,0.683304,-0.448439,0.879685,-1.688630,-0.019861,-0.289872,-1.704062,-0.279701,2.369247,-0.186001,0.498583,-0.899903,-1.669278,2.767623,-1.028417,0.360316,-1.134832,1.379163,-0.552675,-0.064468,-0.465345,1.799238,-0.271543,18.74,0,Chemist Warehouse,Other,In-store payment
212770,-0.543905,0.562464,0.470714,1.279376,-1.007444,1.496852,-0.425394,0.478508,-0.304275,-1.740965,1.498974,0.744291,2.050179,-0.404977,-0.335929,-0.775960,1.627228,-2.233577,-1.097374,0.177271,-1.263574,0.384399,-0.023758,-0.266126,-0.542251,-1.133681,0.664797,-0.738499,0.83,0,Apple TV+,Entertainment,Recurring subscription
212777,-0.365939,0.771773,-2.845448,-1.746580,0.912944,1.010966,0.971788,0.485199,-0.240993,-0.620415,0.141373,-0.945542,0.315088,1.946850,-0.730688,0.103601,-0.936296,-0.695035,0.660287,-0.477860,-0.234050,0.683819,0.478681,-0.845539,0.015243,-0.196070,0.613566,-0.782305,8.12,0,Hoyts,Entertainment,
212895,0.151794,1.052290,0.072094,0.603839,-0.067253,0.431849,-1.052663,-1.142420,0.229581,-0.102723,-0.816748,0.187331,-1.515438,0.367356,2.041249,-0.028675,0.490348,-0.986643,0.417630,1.513000,1.170478,-0.551446,0.395293,-0.567367,-1.331244,0.039646,0.372695,-0.822650,2.43,0,Optus,Utilities,
212966,0.172343,-1.273295,-0.850164,0.722353,-2.461374,0.772080,-1.221729,-0.695170,-0.044166,-0.941121,-0.580141,-0.080619,-1.383592,0.381243,-0.717258,0.026652,0.554293,0.857589,-0.373793,-0.278258,1.069069,0.898803,-1.588220,-0.527936,0.943208,-0.247029,1.048025,-1.725848,3.37,0,Hertz,Travel,
213523,-1.108932,-1.593718,-0.517083,-1.617530,0.743807,0.831126,-0.316149,0.141348,-0.754663,-1.383696,-2.161485,-0.102327,-0.139913,0.167172,-0.564463,0.380242,-0.702367,-0.370186,0.236822,0.853068,-0.510531,0.797869,0.689313,0.797283,0.532000,0.674260,-0.102671,0.377563,108.93,0,Spaceship Voyager,Investment,Auto-renewal
213935,0.000249,-0.692763,1.580209,0.178892,-0.495087,-0.733341,0.579841,-0.529790,0.514079,0.080339,0.207537,-0.217069,-0.204510,0.873504,0.872442,0.151379,0.324694,-0.463530,-1.306086,0.480332,-0.942156,-1.280199,-0.748428,-1.592382,-0.829121,0.006087,1.617388,0.517443,7.78,0,BP Service Station,Travel,Auto-renewal
214074,-0.298276,-0.628795,0.255562,-0.715476,-0.380332,-0.643833,0.976610,-0.487671,-1.297624,0.769227,-0.715727,-0.838737,-3.280895,1.733093,-1.536682,0.574010,-1.075104,0.486699,1.304583,-1.207171,0.451601,-0.806573,-0.446219,0.128102,-0.519648,-0.472128,-1.070276,0.152892,1.31,0,Disney+,Entertainment,
214120,-1.071339,-0.959687,0.733804,0.222606,-2.278297,1.508192,-1.795162,-1.451357,-0.554860,-1.086299,-1.215562,0.653144,0.961365,0.646192,-0.227851,-0.797907,0.490660,0.478355,0.246788,-0.952181,-0.259950,0.200500,0.142609,0.463288,1.488597,-0.296304,0.291181,-1.093518,14.25,0,Amazon AU,Other,Online purchase
214169,-0.742373,0.770796,-0.644458,-0.211307,0.381803,0.327428,1.362571,0.779320,0.785840,1.013709,-1.293304,1.251834,0.525540,1.264030,-0.970652,0.297631,0.026796,1.133883,-0.202012,1.810238,-0.616864,-0.720796,0.204869,0.403556,1.597725,-0.406069,-0.070402,0.081271,183.98,0,Amazon AU,Other,Online purchase
214315,-0.374714,-1.569682,2.175611,-0.348967,-0.621192,-1.721911,-0.366808,-2.169187,0.913203,-0.416032,-0.562907,0.489680,0.614648,-1.650233,-1.122557,0.094537,-0.388759,0.869862,0.692430,-0.479630,-0.594141,-0.686621,-0.363887,1.130777,-1.069755,-1.630646,-1.353845,-0.547990,17.17,0,Domino's Pizza,Food,
214423,1.009102,0.685447,1.359167,1.540528,0.417924,-1.755537,-0.941223,1.063067,1.417124,-0.187804,1.513483,-0.510073,-2.144309,-1.578897,0.817301,-0.315299,0.639245,-0.130492,1.095361,-0.611890,0.092499,2.136424,-1.038911,-1.098198,0.940782,-1.878800,0.388295,-0.210651,3.70,0,eBay AU,Other,
214702,-0.500514,-0.616122,-0.225331,-1.204814,0.239222,-0.097759,-0.094328,-1.273782,1.565800,1.134966,1.869292,-2.009415,-1.453536,0.148832,-0.220466,-0.230124,-0.247590,-1.013858,0.096716,0.787280,1.217695,-1.695927,-0.163567,1.343916,-0.052229,-0.373716,-0.997902,-0.213996,114.65,0,Event Cinemas,Entertainment,Membership fee
214927,-0.337912,1.291933,-1.699294,0.748239,0.354461,-0.347631,0.458103,1.035256,-2.003352,1.206465,0.999057,0.566182,-0.309708,-0.135412,-0.683498,0.237892,-0.482426,-1.491182,-1.497985,-0.054209,-0.941580,0.854320,-1.110832,0.030524,2.168769,-1.329335,0.488658,-1.114198,19.60,0,Spotify,Entertainment,
214977,-1.507928,-2.173780,-0.340082,0.419368,-0.084850,-1.009319,-0.992479,-1.028837,0.305509,0.030865,-0.818943,0.826149,-1.826054,1.165690,-1.154079,0.887479,-0.197780,1.066849,-1.184604,-0.675731,1.190200,0.591014,0.075421,0.637162,-0.133750,0.140532,0.204498,2.105821,19.90,0,Spotify,Entertainment,Recurring subscription
215054,0.279824,-0.661380,1.320316,-2.580107,0.121386,-0.153225,-0.879880,0.626275,0.886643,0.313483,-1.656232,0.568679,0.732410,1.288720,2.052905,0.813355,0.089009,-0.277042,0.153973,0.915603,0.028745,-1.682250,-1.041079,-0.840423,-0.428405,0.823975,0.606618,-1.174211,16.52,0,Disney+,Entertainment,
215060,-0.147416,-1.212870,-0.960547,-0.952140,0.379359,-1.428096,0.208761,0.273231,0.724915,-0.592006,-0.819952,0.240058,-2.185953,-1.688701,-0.097006,1.098238,0.275283,-1.020119,-0.947491,0.474098,0.074762,-0.502167,0.632498,-0.411128,0.390779,-1.303998,0.137126,-0.207394,9.26,0,Starbucks,Food,
215369,-0.036489,0.426219,0.219193,-0.739281,0.272437,0.537480,-0.842670,-0.730151,0.038528,-0.547548,0.969847,0.041025,-0.452994,-0.706061,-1.434796,1.559719,0.694478,2.977742,-1.570410,-0.281083,-0.586678,-1.899401,0.287274,0.666799,-0.056366,-1.224356,-0.346768,-0.102901,134.38,0,Disney+,Entertainment,
215429,-0.574409,1.382244,1.181011,1.269459,0.360556,-0.093771,0.363410,0.763796,1.103625,0.719767,-0.046259,-2.370666,-1.874864,-0.665722,0.698978,-1.525353,0.079787,-0.045187,0.026083,0.035218,0.154800,-0.265849,1.332347,0.862041,-2.012711,-0.367193,-0.106878,0.751287,123.91,0,Guzman y Gomez,Food,
215517,1.130440,0.880025,0.076620,-0.753965,0.542378,-0.383926,-0.354071,-1.417917,-0.000174,-0.632188,0.046790,-0.131331,-0.474590,2.135843,0.446609,-0.417243,-1.661498,-2.277720,0.009887,0.474510,0.901786,0.819472,-0.737883,1.162278,-0.653302,-1.112690,-0.544739,0.854086,3.40,0,Origin Energy,Utilities,
215611,-2.180309,-1.280551,-0.007781,-0.865473,2.984782,0.970062,1.771227,1.098108,0.210986,0.940459,-1.069274,0.727193,1.802788,-0.012849,-0.228925,0.024169,-0.948325,-1.040236,0.569267,2.329942,-1.233465,0.394666,-1.245120,-0.303442,0.578944,-0.240831,0.752690,-0.021016,9.99,0,Coles,Food,
215630,0.378620,0.090194,1.611361,0.250560,0.589458,-0.112301,-0.489564,-0.215488,1.235045,-0.439689,-0.334187,0.999135,0.773996,0.097837,1.046026,-0.275734,-1.412098,0.136093,-0.368013,-0.702100,-1.757232,1.185948,-0.466870,1.816683,0.630590,0.631693,0.274529,-0.713282,4.27,0,Vanguard,Investment,POS terminal
215695,-0.827269,1.603692,-0.056851,1.573934,-0.901883,1.245038,-0.756929,-0.856353,-0.406782,-0.548599,-0.711788,-0.152834,-0.649637,0.836109,-0.304657,1.727642,1.383976,-0.148402,-0.772675,0.873018,-0.537070,-0.428686,0.908977,-0.427979,-0.856931,-1.780498,-0.295559,1.474722,106.52,0,Hertz,Travel,
215864,0.156967,-0.483674,1.112461,-0.579486,-1.099079,-0.127118,0.259152,-0.452321,1.468519,1.157836,-0.972135,1.171129,-0.034188,-0.824627,-0.056231,0.922269,0.376508,-1.184424,-0.592065,-0.146444,0.589966,-1.265029,-1.086453,0.656329,1.025636,-0.101796,2.686187,-1.254044,39.12,0,Ticketmaster,Entertainment,
216068,1.518607,1.508418,0.470952,-0.470476,0.452644,-0.244100,0.657845,-0.640416,-1.586914,-0.129100,0.043711,0.005544,0.718301,-1.529855,0.496864,-0.114600,-0.851196,0.020978,-0.835705,0.734495,-1.040879,0.179856,1.903948,0.755075,-0.001315,-0.441468,-0.488196,1.124277,0.61,0,McDonald's,Food,
216094,-0.214611,-0.902596,0.992846,-0.159750,0.742479,-0.268557,-1.925406,0.302295,1.314274,-0.602773,-0.602995,0.932061,-1.181750,-1.613040,0.266844,-0.272459,-0.292025,0.862472,0.558317,-1.292724,-0.850393,-0.355678,1.068088,-1.858672,-1.010878,-2.387678,-0.054577,-0.294107,30.99,0,Sydney Water,Utilities,
216230,-0.429752,-0.475154,0.414803,-0.039507,-0.244933,-0.486023,0.876146,0.596369,-0.769106,-1.278482,0.660259,1.039258,0.741818,0.890061,-1.129194,-0.499825,1.728239,0.650234,0.646584,-0.556575,0.401243,0.450815,-1.034833,-0.485793,-0.654611,-1.614134,0.041991,0.950312,128.69,0,Apple TV+,Entertainment,Recurring subscription
216307,-1.428467,0.348403,0.667387,-0.050750,-1.091680,0.088535,-0.092857,-0.863159,-0.564705,-0.219151,0.406153,-1.007646,1.364439,-0.338178,-0.947529,0.959801,1.383808,1.118145,0.271131,0.614324,-0.235245,1.262878,-0.229602,1.071970,0.802455,0.881952,-0.126569,1.720160,16.82,0,Guzman y Gomez,Food,
216498,0.390248,0.489369,-0.437762,-1.729258,-0.283025,3.551451,-0.550249,-0.092771,-0.021391,0.142853,0.418324,-0.557600,1.137770,-0.745861,-0.421954,0.565581,0.643498,-0.994975,0.795658,1.150139,-0.580383,1.547618,0.325099,0.467079,-0.057652,-2.084186,-0.019557,1.890456,13.88,0,PlayStation Network,Entertainment,Card present
216897,-0.818776,-0.116408,0.715191,-1.792081,0.438432,0.328086,-2.959785,1.492202,-0.702074,0.615716,1.604326,0.334622,-0.471280,1.873862,-0.385426,1.031760,0.305455,-0.054640,-0.820449,-0.061706,2.099532,-2.036077,0.663398,1.108284,0.070083,0.948899,-0.559165,-0.851462,51.19,0,Spaceship Voyager,Investment,Tap to pay
217192,-1.917775,0.011548,-2.099875,-0.860113,1.470911,0.424510,-2.030242,-0.234809,-0.079946,-2.452014,1.648562,-0.823093,0.755744,2.917905,1.324963,-0.082582,0.011711,-0.312681,0.147528,0.590511,-1.287641,0.346086,1.321872,-0.517502,-0.513777,0.534962,-0.083758,0.368843,64.35,0,Chemist Warehouse,Other,
217854,-1.134790,0.079336,0.530125,1.799209,-0.514918,-0.445764,-0.431957,-0.154711,0.144837,0.074810,1.189128,1.461917,0.107564,0.041896,-0.580353,0.197400,-1.331834,0.618776,-1.055072,0.622591,-0.751469,-0.417893,-0.919766,-0.559311,0.188576,-1.799863,0.722629,-0.797875,5.28,0,KFC,Food,POS terminal
217894,-0.673457,0.447864,-0.624068,0.308474,2.285002,2.441107,0.843428,1.015856,1.189027,0.146492,0.196844,-0.654479,-1.876777,0.723341,-0.414639,-0.635605,-1.633451,1.075753,0.446355,0.558131,-0.961624,0.361728,-2.130997,0.048600,-0.794153,-1.218275,-0.047953,1.061330,172.85,0,Subway,Food,Recurring subscription
218037,-0.281688,1.952881,0.984760,1.284097,1.040880,-0.386424,0.152360,-1.130023,0.629937,0.649223,1.152094,0.559475,-1.719625,0.465470,-1.775686,1.814457,-1.216394,0.947913,0.362415,0.221658,0.963232,1.774562,-1.151410,0.543460,1.299812,-2.413844,-1.594259,-0.702394,5.62,0,GlobalSoft Ltd,Salary,
218142,-0.158830,0.292583,1.610855,0.177403,2.212144,0.576809,-0.866144,-0.621816,1.510379,-1.228760,-0.260575,0.852644,1.088804,-1.584610,-0.500344,0.792239,1.520725,0.808532,-0.995637,0.047466,0.673305,0.016594,-1.482486,-0.525754,0.276224,-0.494977,-0.201176,-1.687855,21.25,0,Shell,Travel,Tap to pay
218341,-0.223993,1.321451,0.560128,0.181935,1.090590,-0.364074,0.855325,1.387555,1.183203,-0.173472,1.474614,0.290320,0.806307,-0.222084,-1.287061,0.321536,1.578514,0.205749,0.218854,-0.591901,-0.500306,0.589435,-2.574527,1.146011,-0.884147,-0.519020,-1.110133,0.166971,89.77,0,Guzman y Gomez,Food,
218446,1.425323,0.841131,-1.769300,-1.441712,0.514146,-0.720771,0.598426,0.887657,0.504164,0.039428,0.294370,-1.315303,0.017977,0.159919,-0.515098,1.213931,2.127849,-0.337697,0.905849,0.471555,1.642603,-0.401524,-0.718649,-0.893620,-0.674645,0.651190,-1.451087,-0.966127,10.33,0,Aldi,Food,Card present
218459,-1.242081,0.476221,-0.153626,0.401657,-0.469973,1.293069,0.420169,-1.774537,0.379586,1.231505,1.762732,-1.283656,-0.409727,-2.797372,-1.253659,-0.002754,0.481937,-1.123738,-0.532803,-1.565054,-0.313732,-1.379312,-0.262008,-1.061333,-3.197608,-0.510815,-0.064127,-0.080355,67.74,0,eBay AU,Other,
218459,2.119760,1.116662,-0.204020,-1.353886,1.571827,0.883772,0.482411,0.239813,0.081475,-0.584823,0.524910,0.531410,0.947349,-0.453975,2.271142,-0.114520,-0.016889,-2.255399,-0.679521,1.511536,-0.273838,1.159720,0.297399,0.169565,-0.028026,1.281686,0.461783,0.103878,5.18,0,Spaceship Voyager,Investment,Online purchase
218480,1.454193,0.297688,0.243457,-0.129533,0.502514,-1.957492,-1.221971,-0.969651,0.944928,0.219790,0.588024,1.032187,-0.776600,-0.434734,-0.158999,1.090693,0.374323,-1.043793,0.079689,0.805011,-1.686301,-0.369136,-0.642334,0.253676,-0.144209,-0.939136,-2.538643,-1.684865,254.92,0,Uber,Travel,
218506,0.299793,0.470734,0.703644,-0.341281,1.023017,-1.443661,-1.435864,0.138478,-1.623839,-1.761437,-0.701185,0.735868,1.908458,-1.083284,1.106156,-0.784012,-1.206563,0.850225,-0.472964,-0.633736,-0.424287,-1.861934,1.605814,-0.268572,-0.041485,-0.080714,-1.030209,0.495916,5.19,0,Sydney Trains,Travel,
218739,-0.818610,0.096662,-0.396952,-0.202098,0.227927,-0.248906,-0.643777,-0.372625,-0.017644,0.500038,-1.077726,0.156629,-1.144090,0.771660,0.684839,-1.177381,-1.089766,-0.599424,0.458341,-1.068640,0.759447,-1.191837,0.698584,-0.655851,1.603050,0.340952,-0.090989,0.065485,10.64,0,Grill'd,Food,
218763,0.488623,0.421130,-0.742014,0.413016,-1.593016,0.572649,-1.098016,0.297459,0.214056,0.985316,0.586329,0.604872,-0.983532,0.144276,-0.130899,-0.177050,-1.092062,1.045106,0.475338,0.742125,-0.903485,1.862252,-0.808920,1.156641,-0.817978,0.919429,0.196496,-1.553675,51.57,0,Acme Corp Payroll,Salary,Direct debit
218800,0.311257,-0.506475,0.051854,-1.368151,1.854741,-0.514768,0.021445,1.404932,-0.268235,1.039818,-1.023540,0.696846,1.128048,0.413580,-0.718873,-2.025731,-2.472601,-0.079956,0.765897,2.035109,1.148974,-0.546788,0.685811,1.314925,-0.201193,-0.424177,-0.765416,0.204284,33.27,0,Hoyts,Entertainment,Recurring subscription
218942,2.021035,0.980303,-1.387228,-1.110434,-0.489846,1.318214,0.317974,1.984438,-0.708514,0.612541,3.281251,-0.262253,1.428080,-0.993010,1.922998,-0.531837,0.867595,-0.803737,0.773878,-0.699723,1.222766,-0.312407,-0.127164,0.386079,1.703760,-0.391346,0.042973,0.362311,18.19,0,Chemist Warehouse,Other,In-store payment
219472,-0.645359,1.001482,0.648183,-0.493890,-0.682140,0.463231,0.433957,-1.259599,-0.211729,0.468107,0.885289,-0.045308,2.388477,0.450699,-0.518861,-0.458047,0.418996,0.012837,-0.643459,-0.476355,0.579797,-1.753167,0.210557,1.510372,-1.459554,0.951001,1.904349,0.846036,6.15,0,Officeworks,Other,
219631,0.103620,-0.361992,0.758043,-2.032155,0.445094,0.625166,0.801482,-0.182390,0.997885,-0.235637,1.967688,1.444677,0.039045,0.208615,-0.006801,2.452517,-0.604950,-1.086707,0.289751,0.494269,1.701923,2.938857,-0.151078,-0.808143,-0.076441,-0.468522,-2.390578,-0.262358,15.60,0,McDonald's,Food,
219649,-0.929540,-0.195478,0.694489,-0.371854,0.100578,-0.321850,0.674554,0.759305,-1.715228,0.787309,0.840754,-1.282820,0.900662,-1.325160,-0.181035,1.661565,-0.822952,-0.620523,-1.554086,-0.690635,-1.995521,-1.347221,-1.164575,1.967742,1.558168,-0.411815,0.864403,-0.306799,22.70,0,Acme Corp Payroll,Salary,Direct debit
219708,-0.136991,0.573257,0.025797,-0.712311,-0.262643,-1.247756,-0.734470,0.252119,1.197287,-0.318396,0.185060,-0.049775,0.737977,0.603620,0.635340,-0.258408,-0.091063,1.362477,-1.675538,-1.337401,-0.147444,0.000532,0.421038,0.125166,1.478910,-0.548598,-1.586591,1.666821,7.36,0,LJ Hooker Rentals,Rent,Online purchase
219735,-0.211792,0.185691,0.594295,0.059708,0.517015,0.762552,0.566259,0.273610,-0.876770,0.262167,2.103718,1.351159,0.299211,0.460146,0.456121,-1.271066,-0.269214,0.608904,0.784112,0.186237,-1.130238,0.140909,1.284970,-0.710690,1.091920,-1.086575,0.047382,0.705505,94.12,0,Event Cinemas,Entertainment,
219831,-1.053784,-2.694733,0.992802,-1.503908,-2.117803,0.009322,0.489042,-1.272310,-0.346883,-1.692048,-1.267587,-0.622824,0.345049,0.806072,0.043628,-0.378645,1.894830,-0.396422,0.517660,0.086174,-1.783760,0.555343,2.139566,-0.271910,-0.403925,-0.228906,0.714407,0.497864,53.77,0,Hoyts,Entertainment,
219907,0.762572,1.317369,0.810860,2.747514,-1.184469,0.724818,-0.307378,-0.411950,0.845413,-0.015023,0.052348,2.320811,0.386109,-0.635028,-0.024987,2.165111,-0.806078,0.362505,0.425953,0.125866,0.722385,0.921611,1.003312,-1.343934,-1.070347,0.556863,0.399172,0.727860,39.20,0,Hoyts,Entertainment,
219910,1.156992,1.005986,0.063479,-0.693415,0.735864,0.776140,0.174652,-0.974730,-0.694460,-1.274167,-0.088902,0.442818,-1.714121,-0.554329,-1.091817,-0.585988,1.012656,-0.535088,-0.087715,-0.941750,-0.365542,-1.560924,0.691902,1.313161,-0.935974,-0.794501,0.338292,0.166548,36.21,0,eBay AU,Other,
219940,0.032122,1.976072,0.003584,-1.568469,-0.079945,-0.975004,-0.604990,0.625721,2.420775,-0.214128,1.253322,1.064619,-0.793688,0.449795,1.210615,-0.505740,0.193635,-2.376898,-0.817157,-0.669890,-1.047486,-0.134028,0.034265,-0.146392,-0.842795,-0.388267,0.157153,1.090754,368.44,1,Wire Transfer Co,Other,
219960,1.684635,-0.122473,0.071600,-1.249950,0.100229,-1.553077,-0.697176,-1.023843,-1.172634,-1.166184,1.540476,0.863791,0.091802,-0.540286,-1.667511,-0.674971,1.203208,0.302952,-1.628300,-0.918694,0.703063,-1.443321,1.350662,-0.577476,0.690072,-0.031670,0.507830,0.580764,30.34,0,Vodafone,Utilities,
220324,-1.536927,-0.022946,-0.538024,1.052352,-0.603888,0.668628,0.275754,-1.501005,-0.617659,-0.169932,-0.008713,-0.116663,-0.067896,1.407605,0.138587,0.309952,0.110965,-0.232421,0.649574,0.119706,-1.154344,-2.337740,0.278343,-0.951382,-0.073096,-0.960020,0.909828,0.459394,2.17,0,Acme Corp Payroll,Salary,In-store payment
220327,-1.866244,-1.215944,-0.672678,-0.043602,0.419742,-0.493639,0.434513,0.275763,-1.008924,1.058728,-1.271977,-1.212098,0.610823,0.664360,1.410520,2.084134,0.415887,-1.275686,0.461229,-0.008566,0.461658,0.963679,-0.242834,1.551543,-0.288866,0.187389,0.363282,-0.149881,10.43,0,Steam,Entertainment,
220655,1.185704,0.076163,-0.425982,-1.508084,0.553965,-0.526759,0.780521,0.401322,0.210939,-0.595204,-1.298822,-1.644544,0.627410,-1.349810,-0.574487,0.862213,0.713219,1.044578,-1.191969,0.872836,-0.418036,-0.306637,1.435069,-0.514806,-0.937922,-0.380654,1.476074,-0.610863,22.53,0,McDonald's,Food,
220863,1.055410,1.108933,-1.037728,-0.590101,0.675736,-1.012073,1.643117,-0.858880,2.184030,-1.325086,-1.507643,0.286157,-0.796017,-0.769054,0.261599,0.930223,-1.005607,-0.390997,0.004860,-1.504184,-0.765131,-0.038690,1.013226,1.299934,0.500917,-0.766121,-0.510480,-2.085592,39.36,0,Aldi,Food,
220911,1.399699,-2.515013,-0.421187,2.527705,-0.301086,-0.785885,-1.122839,-0.387674,-0.263618,-0.056574,-0.971585,1.132465,-0.714454,1.444346,-1.313523,-0.960706,0.354612,-1.517954,0.201739,0.102602,0.871670,-1.138812,-1.732866,-0.728464,-0.075373,-1.295239,1.079130,0.995757,1.15,0,SelfWealth,Investment,
221157,-0.555148,0.886253,0.416786,1.992673,-0.427364,0.219050,-1.780844,-1.288855,-0.740724,-0.248593,-1.285220,0.258706,0.819299,1.162259,-0.172342,-1.937940,2.659669,-1.032829,-0.851138,-0.255823,0.764169,0.299550,-1.820119,0.458575,2.430077,-1.719566,0.342904,-0.074845,28.92,0,Optus,Utilities,Direct debit
221580,0.687183,0.732383,-0.893384,-1.233022,-0.226697,-1.940496,-1.367112,1.420644,1.108522,-2.048335,-1.885836,-6.382020,2.014482,6.691195,-0.099990,1.849227,1.757082,-0.436422,0.662419,-2.372711,-0.412487,-1.089526,0.096432,0.317602,-0.590374,0.466722,0.241744,3.290109,3.29,1,Cyber Goods Ltd,Other,
221866,0.234910,-1.018050,1.406443,-0.661930,-1.149391,-1.480594,0.480788,-2.214172,-0.859077,0.127870,1.366992,0.269493,0.547917,-0.219410,-0.323328,0.169054,0.190087,-0.609877,-1.252952,0.020376,-1.189350,1.325184,-0.406870,0.867552,-2.189885,-1.222428,-1.593051,0.738227,2.42,0,AGL Energy,Utilities,POS terminal
222457,-0.348709,0.649933,-0.044857,2.380320,-1.538199,0.114856,-0.987707,-0.242199,0.392921,-1.305622,-1.048098,-0.836635,0.572863,1.922089,0.347173,-0.943569,0.686657,-0.305664,-1.152459,-1.128056,1.128911,0.153986,1.027718,0.490939,1.461825,-1.359177,-0.130552,-0.453192,3.50,0,KFC,Food,
222492,-0.048860,1.989526,0.245164,-1.205776,-0.933278,-1.883839,0.224447,-0.693043,0.428918,-0.835450,-0.687563,1.325522,0.590223,-0.889756,0.194134,0.079232,-0.426219,-0.358786,-0.608522,0.706057,-0.543444,-0.307872,0.229806,1.886702,-0.323948,-1.736016,0.751057,-1.590573,18.68,0,Uber,Travel,
222658,-1.883416,-0.714745,-0.762292,0.092406,0.279522,0.129473,0.507134,1.394586,-0.227251,1.772307,-0.639950,0.165792,1.077003,-0.571038,1.462319,0.761690,0.371840,-0.457209,-0.218322,0.198227,1.339390,1.044427,1.060419,0.431989,-1.227529,-0.778655,0.789111,0.502221,4.32,0,Vanguard,Investment,
222834,-1.360709,0.387162,-1.160270,-0.983409,0.205333,-0.870689,1.406841,0.025572,-0.420689,-0.972461,-1.611010,1.259722,-2.535077,-0.230517,1.407769,-1.519793,-1.203646,0.608385,-0.187683,0.039943,0.379858,0.086880,0.910836,0.449269,0.817239,1.068458,-0.098469,-0.262746,49.36,0,Domino's Pizza,Food,Recurring subscription
223193,1.579782,0.939506,-0.651842,0.843845,0.481456,0.272851,0.102465,-1.286147,-0.280560,0.266254,-0.581167,0.950481,1.105823,-1.562155,-0.010215,1.724253,-1.936820,0.303231,2.155512,0.446714,-0.762299,-0.276119,1.359390,0.493392,-0.513771,0.137567,0.460355,0.092876,6.80,0,Coles,Food,Recurring subscription
223506,-0.383849,-0.081238,0.694850,-1.039220,-0.170094,2.360731,-0.157804,-1.929495,-0.538303,0.129075,-0.232919,1.035242,1.102060,0.606006,-1.205927,-0.458627,-0.147432,0.198042,1.946220,0.204600,-1.400409,0.860220,-1.160642,-0.323929,1.103884,-0.743722,1.287334,0.823652,2.63,0,Translink,Travel,Card present
223517,0.444219,1.173367,-0.405828,-0.121467,-0.534052,-0.632375,1.515076,-0.512357,1.818564,-0.119113,1.659079,-1.705023,-0.186152,-0.339474,0.026889,-1.441191,0.654343,-0.337736,-0.003107,1.438112,-0.272452,0.607236,-1.025063,0.290675,1.139226,-1.162307,0.735948,0.368515,33.09,0,Disney+,Entertainment,
223670,0.807776,1.124377,-0.996745,1.918052,0.620187,0.594087,1.154853,0.765290,-0.630877,-0.275761,0.324202,-0.073831,-0.314892,0.113015,-1.065431,-1.766919,0.567160,-0.975008,-1.610107,0.199176,1.712709,0.998873,-1.573334,1.049480,0.962896,0.809751,1.492278,-0.789145,4.77,0,Starbucks,Food,
223840,-1.694833,-2.071700,0.253626,0.678464,1.866927,-0.248317,-0.895321,0.568087,1.805572,0.323659,-0.954948,0.912094,-0.119323,-0.184079,0.264891,-0.690628,-1.052683,-1.429229,-0.280482,-0.814219,-0.212763,0.858126,1.002561,0.763130,0.174639,-1.980770,0.747302,0.731487,57.36,0,Airbnb,Travel,
223961,0.175027,1.528028,0.515081,2.111857,-1.088590,-0.886968,0.943899,-0.121301,1.344345,-0.192326,1.697190,1.098475,-0.647404,-0.953816,0.269111,0.840143,-1.337252,-1.293391,-0.418460,0.840418,0.980593,-1.303838,0.216177,-1.188373,-0.076440,-1.176265,-2.332998,0.213751,36.38,0,Coles,Food,Online purchase
223989,-0.049398,0.645390,-0.877907,0.793881,0.734827,-0.597449,1.205498,0.141619,0.055261,0.142299,1.064540,-0.491118,0.142435,0.424313,0.552931,-0.691114,-0.180912,1.284842,-0.404498,0.988171,-1.066497,-0.824461,-0.206980,0.051625,-0.952041,0.039011,0.997258,-0.057162,20.66,0,Kmart,Other,
224076,-0.228049,-0.986383,-1.627023,-0.851322,0.119705,0.672757,0.816253,-0.138058,0.882756,0.044006,1.201832,-1.663174,-2.301293,0.023897,0.960643,1.157416,-0.917102,-0.362178,-0.549822,1.275837,-1.877601,0.543741,-1.727848,-1.646654,-0.230952,-0.052114,-0.540689,-1.941379,24.60,0,Sydney Trains,Travel,
224414,0.110798,-0.721772,0.313633,0.808541,0.847039,0.489030,-1.221210,-0.231954,0.837977,1.302734,0.466050,-0.185537,1.047427,-0.194261,-1.446493,0.823274,0.839518,1.366172,0.654023,0.992987,1.708890,-0.888793,-0.700214,1.756854,-0.696425,-0.304613,-0.695256,1.251658,31.05,0,KFC,Food,Direct debit
224446,2.321279,0.972650,-0.042708,0.046844,-1.327904,1.486641,0.757544,0.751688,0.300093,0.080565,0.655550,0.885226,-0.436709,-0.946025,0.191438,0.146585,-0.586094,1.018293,-0.342522,0.304890,1.511305,1.047221,0.593303,0.313670,0.056419,0.461918,-0.849070,-0.543319,8.44,0,CommSec,Investment,Direct debit
224539,1.444839,-1.172933,-0.447518,-0.481410,1.580513,0.381664,0.799684,0.896781,-1.378607,-0.798675,-0.263459,1.355862,-0.067759,-0.784960,1.230999,0.512172,-0.796830,-0.722124,1.142554,-1.708773,-0.075308,-1.904764,1.478090,-1.023626,-0.018594,-1.476578,-1.892708,0.093139,163.22,0,Bunnings,Other,Membership fee
224604,1.765076,-0.443408,-1.298088,2.686050,-0.328993,-1.972482,-0.423539,2.713826,-2.488564,-4.483099,0.754210,8.864073,-0.759040,-11.588646,-0.961934,0.100851,-5.654505,-2.830481,4.228531,-0.936998,2.073238,0.055284,1.833209,-2.379201,0.617228,0.135663,0.336698,-1.433761,4.42,1,Card Verification Service,Other,International wire
224754,1.333223,1.440191,-1.022779,0.694622,-0.014389,-1.320661,0.154644,0.244512,1.436823,0.098146,0.784548,-0.769573,0.315258,2.518409,-1.103991,0.632233,-3.076635,-0.806418,-1.142901,-2.948492,-1.199343,-0.933654,-1.677072,0.105015,-0.760982,-0.503909,-0.319367,1.450881,4.87,0,Domino's Pizza,Food,
224780,1.328570,-0.163474,0.572002,0.907275,-0.924200,-0.783332,0.107204,-0.707033,1.961733,0.437575,-0.217500,0.550997,-0.501509,0.167282,1.331229,1.009436,0.106216,-1.230685,-1.345022,-0.178892,1.067134,-1.911356,-0.113497,0.588084,-0.131165,-2.008989,1.409551,-0.522478,123.74,0,EnergyAustralia,Utilities,
224892,-0.144776,-0.464107,0.155143,0.356672,2.883793,-0.452219,-1.156410,0.715063,0.178640,-0.409281,0.351323,-1.045774,0.692547,-1.500102,0.818901,1.544387,-1.854046,0.618896,0.043173,-0.272098,0.490530,0.524670,-0.295809,-1.428040,-0.133901,0.065596,0.046347,-0.731285,10.10,0,Aldi,Food,Membership fee
225147,2.005009,1.097962,-0.760899,1.226810,0.035723,-0.027193,-1.469533,-1.828338,0.770441,-0.479116,-0.369131,-0.117792,-0.973847,1.010287,2.002659,1.895214,0.264354,0.197246,1.619070,-0.852255,-0.702252,-0.434893,-1.627911,-0.171931,-1.028588,0.780151,0.388779,0.558683,4.63,0,AGL Energy,Utilities,Tap to pay
225210,4.067450,0.556828,-1.617035,-0.144818,-0.844049,1.923464,-0.348959,-0.275525,0.253539,-8.816100,0.396370,5.146714,-1.625084,-8.898121,-1.298737,-1.968598,0.887843,0.740425,-0.798094,1.647192,-0.329509,1.118655,2.551259,-1.125143,-0.684420,1.360250,0.583717,-2.418141,963.08,1,Sydney Trains,Travel,
225217,-0.707184,-0.001086,0.941425,-0.194333,0.660884,-0.971902,2.583063,-1.325827,0.533587,0.626809,0.716737,-0.765783,0.724109,-0.045099,0.221336,0.897546,-0.766446,0.112616,-0.858873,1.230092,0.622001,-0.579880,0.140195,0.525734,-0.148924,-0.163181,-0.056385,-0.207627,21.35,0,McDonald's,Food,
225223,-0.142137,-1.706389,0.595660,0.792745,0.017014,-0.617625,-0.350101,-0.511950,0.151828,-1.725796,-0.637622,1.055378,-1.154867,-0.395120,0.234498,0.582248,-0.287506,0.061291,-0.985270,-0.574170,-0.365376,-2.484279,-0.589728,0.689436,-0.278973,-0.647978,-0.594410,-0.358049,11.57,0,JB Hi-Fi,Other,
225225,-0.281575,-0.022634,-0.885992,-0.203216,0.331206,0.140288,-0.741520,-0.257532,0.716648,-0.769148,0.383908,0.054708,-1.429955,-1.962755,0.763269,-0.299625,-0.348789,1.170608,-0.658152,2.381654,1.407268,-0.142547,-1.018200,0.144963,0.024526,1.268490,0.100223,-1.050437,86.82,0,Sydney Trains,Travel,
225232,-2.387151,-0.647231,-0.961914,1.015625,0.549757,-1.128582,0.434095,0.712714,-0.527672,-1.209823,-1.125319,0.112030,0.004084,0.472561,-0.784205,-0.869905,-0.682873,-0.746422,-0.076187,0.169681,0.496530,1.279612,-2.336265,0.118603,-1.573993,-1.034644,-0.911188,2.141749,2.86,0,KFC,Food,
225249,0.517394,-0.777495,-1.912798,0.965853,-0.442172,-0.836041,-0.737701,1.911681,-0.316614,0.422054,-0.732338,0.825366,-1.393973,-1.930685,-0.759908,0.917215,-0.571835,-0.047969,-0.742159,0.635138,0.365064,0.991698,-0.735131,1.306287,-0.058193,0.398814,-1.186555,0.410903,9.23,0,Domino's Pizza,Food,
225345,-0.717130,-1.303874,-0.763974,0.924074,0.740531,-1.798767,-0.571979,-0.859961,0.027423,-1.059116,-1.202944,-0.349097,0.057008,-1.646647,-1.489405,-1.018775,-0.177019,-0.608939,0.989360,-0.598817,1.374309,-0.789323,-1.926057,-1.243615,0.634361,0.454903,0.439884,-1.123728,91.98,0,BP Service Station,Travel,Membership fee
225434,-0.943249,0.815513,-0.288112,0.749918,-0.830608,-0.374562,0.108457,0.005209,-0.820225,-0.917474,-1.089481,-1.810068,2.043843,1.961787,0.493918,0.679825,-2.762230,-1.031669,-0.561180,0.868700,-0.942607,0.026975,-1.084552,-0.974086,1.529493,1.185283,0.839267,-1.667203,8.93,0,IGA,Food,In-store payment
225544,0.494001,-0.360988,-0.459785,0.424565,-0.093639,1.100407,-0.274249,-0.417109,0.557741,-0.659144,-0.040408,-1.412116,0.703756,0.269956,0.775242,-0.954222,-1.282398,0.219848,1.156839,0.796068,-0.695017,0.456867,-1.466373,-0.223361,0.560297,1.896275,-0.292543,0.969136,18.41,0,Hoyts,Entertainment,Recurring subscription
225841,-0.156202,-0.919665,0.089388,0.864469,0.907094,-0.267361,-0.738515,1.443368,-0.751985,2.297449,0.265928,1.376476,-0.069000,-0.251901,0.883496,-0.923803,0.842910,-1.073217,1.696937,-1.138053,-0.051040,1.564543,0.734288,-0.572169,0.297579,-0.103381,1.808894,-0.462864,75.15,0,Bunnings,Other,
225927,1.774187,0.381668,1.567461,-1.958807,1.498249,-1.522138,1.812361,-0.052167,-0.869292,0.946104,-0.852247,-1.197306,-1.023090,-0.059201,-0.040456,0.845909,-0.112665,0.861454,-0.108930,-0.024905,1.354440,1.396649,-1.393039,-0.841762,-0.150395,0.230844,-0.293065,0.474268,3.88,0,Hertz,Travel,
226233,0.810677,-1.141791,-1.082370,-0.711964,0.916839,-1.108310,-0.774010,-0.320291,-1.198317,1.759388,-0.280600,1.797972,0.216040,2.319414,-1.018027,-0.921578,-0.056266,-0.425574,0.466622,-0.250661,0.921721,0.584357,-3.098236,0.456638,-0.836809,-0.923246,2.310065,0.230227,47.26,0,Coles,Food,Direct debit
226412,0.917585,-0.771043,-1.489632,0.628159,-0.117692,0.131463,0.234612,0.536267,-1.479898,0.526633,-0.038565,1.392499,-0.176269,-0.080178,-3.316356,-0.288712,-1.458800,0.998912,0.470923,-0.704758,-0.678050,-0.663141,0.835541,-0.366764,-0.462490,-0.514461,-0.051095,0.947786,6.36,0,Vodafone,Utilities,Membership fee
226488,-0.093990,0.185199,0.251041,-1.496832,1.421699,1.726615,-0.682239,0.126306,0.445953,-0.376057,-1.197153,0.438676,0.941876,0.024293,1.911926,-1.697394,1.146963,-0.338016,-0.804035,0.159041,2.111238,1.178141,-1.281534,0.219489,-0.971036,-0.432251,-0.623576,-0.849930,12.14,0,Medibank,Insurance,
226539,-1.522299,-1.071047,-0.998869,-1.467541,0.805012,-1.018555,0.744145,-0.612151,0.062982,1.050795,-0.570327,-0.414911,0.305263,-0.148310,0.355734,-0.013153,1.564694,-1.016825,-0.781853,-0.923483,-0.513031,-1.070083,-0.459669,0.746044,0.901240,0.121065,0.599468,-0.816805,19.05,0,McDonald's,Food,
226556,-0.397877,-1.283369,0.396289,0.037568,0.411050,1.117156,-1.236690,1.393365,0.089911,1.040381,2.033605,1.045437,-0.927309,-0.673410,0.356606,1.505915,-0.660877,-0.169208,0.400564,0.152719,-0.897245,-1.194578,0.003422,-0.404519,-0.627516,1.199834,0.629793,-0.113852,167.51,0,Ticketmaster,Entertainment,Auto-renewal
226647,0.060664,0.940398,-0.888124,-0.277072,0.377428,1.382306,-0.590176,-1.054754,-0.986742,-2.763432,-1.080960,-0.113331,-0.871790,0.016647,-0.016712,0.599036,0.077343,-0.551511,-0.662278,1.137772,1.448889,0.125655,1.850788,0.654266,-0.679114,0.316806,-0.460103,0.427720,413.24,0,Subway,Food,
227190,0.541980,-1.915386,0.878532,0.399844,0.040388,0.213266,2.451330,0.549400,-0.021221,0.940818,-0.558201,1.036782,-0.679652,-0.072488,1.091569,1.666823,0.045005,-1.443249,0.253093,1.157313,0.253771,-0.133830,0.481252,0.012779,0.000459,0.747074,0.162891,-1.216075,7.71,0,Origin Energy,Utilities,Direct debit
227205,0.053394,0.863449,0.037391,0.262693,-1.331995,1.339399,0.937120,-0.061304,-0.581405,1.071133,0.721446,-2.644572,0.661855,0.054622,-0.345059,-0.840630,0.617865,-0.015416,2.151801,0.269786,-0.053893,1.516228,1.010281,-0.785985,0.845232,-0.812044,0.446005,-0.230583,41.54,0,Coles,Food,
227284,-1.619652,-2.345933,-0.759481,-0.797259,0.189462,0.005661,0.319530,-0.841457,0.213698,0.032081,0.004876,0.931992,0.678304,-2.324782,0.332191,-0.116952,1.740042,1.507071,-0.616854,0.386571,-1.331752,-0.009563,0.995204,-0.710162,0.111696,1.097168,1.613268,0.603373,4.32,0,eBay AU,Other,
227416,0.672153,-1.292316,1.172832,-0.677621,-0.171644,0.789115,-0.234775,0.672627,0.652488,-1.683843,0.642923,-0.159599,0.155523,1.055219,0.088486,-0.658129,0.587478,-0.169463,0.874832,-1.754694,-1.870840,-0.572867,-1.168544,0.738878,1.310261,0.435616,0.303581,-0.167526,52.59,0,IGA,Food,
227418,-1.893552,1.158533,-1.111696,-1.671148,0.367279,-0.290303,1.866666,-0.292915,-0.944509,1.187750,-0.005566,-1.402624,1.077261,-1.689893,0.680708,-1.232835,0.128350,0.677081,2.018465,0.508280,-0.057097,-0.117754,-0.598691,-0.504909,-0.766487,-0.628716,1.592057,1.375435,166.92,0,Kmart,Other,Tap to pay
227544,0.227428,-0.184948,0.499417,-0.396299,-1.087995,0.747448,0.520975,0.538707,-1.403223,-1.155799,0.313056,0.062359,0.987439,0.188365,-0.566903,1.741140,-1.524832,-1.062680,0.151124,0.406508,0.493020,1.355865,1.060264,0.106369,0.110751,1.360144,0.543065,0.629060,39.38,0,Subway,Food,
227725,-0.827593,-1.302421,-1.309596,0.314690,-0.872977,0.379617,-0.709339,-0.842079,0.352175,-1.460246,-0.270275,-0.367343,0.583014,-0.922358,-1.301619,-0.399202,0.075445,-1.060092,0.597789,0.766161,-1.127707,-0.547641,0.302622,0.744012,0.052841,-0.025946,0.995520,-0.844180,18.28,0,Priceline,Other,
227812,-0.431624,0.869733,0.697985,1.558809,-0.556306,-0.515452,0.965586,-0.020652,0.835662,1.271525,-0.116506,0.607831,0.177011,1.317644,-1.418656,-1.695241,-0.376341,1.275381,-0.042880,0.196761,-0.736166,0.518214,-0.970275,-1.600609,1.410328,0.389938,0.021381,-1.403682,55.77,0,Booking.com,Travel,
227814,0.303193,2.135687,-0.432283,-1.561627,0.371483,-1.174853,0.155798,0.532426,0.104554,-1.821575,-0.391103,-0.044067,1.613039,-0.133651,0.149990,0.771869,0.886158,-0.645256,0.830546,-0.737786,0.153738,0.344282,0.627232,0.860047,0.345849,0.196764,0.019982,-0.070454,3.15,0,Ray White Property,Rent,Membership fee
227819,2.163057,1.266926,1.750272,-0.384951,-0.278839,-1.894346,-0.824044,-1.121250,-0.997829,0.889037,0.762732,-1.493743,0.725839,-2.134936,1.316842,-0.332038,-3.450326,-0.533070,-1.135536,-1.723368,-1.482600,1.848988,0.341639,1.676905,-0.630644,0.562853,-0.019233,1.163214,44.27,0,KFC,Food,
228210,0.007535,2.132005,0.956271,-0.747811,-1.254242,-0.156910,2.087457,-0.075294,-0.108293,1.136905,0.419985,-0.025462,-0.754468,-0.370291,1.037352,-0.319532,0.346549,-0.784397,1.671810,-2.136781,-1.208782,-0.185028,0.382221,0.887592,0.347659,-0.434523,-0.026273,1.219859,142.07,0,Hoyts,Entertainment,
228470,-0.967183,1.345563,0.465750,5.423976,-2.736660,1.030403,2.125954,0.950438,-0.351929,-3.003454,-0.606827,-8.502999,-0.431608,5.155876,-0.799069,-2.569834,6.257602,-1.142508,0.903367,-3.427261,-1.548577,1.861636,2.008767,1.443831,1.777215,0.781157,3.438843,0.263780,4.21,1,Card Verification Service,Other,Unverified buyer
228613,-0.292932,-0.398903,0.362650,-1.170249,-0.991668,1.984992,0.139381,0.925104,0.255743,-0.126328,1.101336,0.248089,-1.795110,-0.412788,1.197926,0.988846,-0.277053,1.562640,-1.835910,-0.325335,-1.291146,-0.690656,0.281800,-1.238333,-0.647386,0.718883,0.579831,0.484621,12.89,0,Hungry Jack's,Food,
228726,1.186163,-1.998858,1.274632,-1.570410,-0.971949,0.481978,-0.576439,0.262130,-0.625775,0.201332,0.350333,-0.419081,-0.052385,-0.215092,2.466487,-0.730834,-0.616143,-0.939853,0.266040,-1.035860,-0.530818,0.146476,1.537447,0.530879,-0.040089,0.163241,-0.999715,0.671485,3.75,0,Booking.com,Travel,In-store payment
228939,0.534142,0.330366,-0.396358,0.597904,0.679421,0.325008,-0.567067,-0.886434,-0.128255,-0.222633,-1.051545,0.301610,-1.235823,0.040067,0.113436,1.375687,-1.018240,-0.799748,-1.534110,0.398183,-0.108827,-0.374811,0.836014,0.048715,-1.124271,0.946759,0.289513,-0.843023,10.41,0,Grill'd,Food,
229084,-1.513081,-1.642886,-0.791477,1.428256,-1.625760,-1.756904,0.150948,-0.490269,-1.147305,-0.234506,-1.131168,0.994449,-0.164947,0.325942,0.222076,-0.750032,-0.381056,-0.370485,-0.138364,0.672705,-1.220262,1.115228,-0.533092,-1.381996,-0.118005,-0.420349,0.072154,-1.164467,3.08,0,JB Hi-Fi,Other,
229106,-0.165020,0.083200,0.281706,-1.379555,-0.604728,0.470726,-0.536181,0.824102,-0.200841,0.787118,1.949430,0.092307,-0.382237,0.136307,-0.311931,0.068349,0.267132,-0.233622,1.488154,-0.802940,-1.030364,-0.419312,0.748195,-0.285925,-0.929957,-0.648915,0.438060,1.065721,43.85,0,Origin Energy,Utilities,Tap to pay
229180,0.337681,0.090279,0.659255,-1.666317,0.315522,1.903751,0.965337,1.203298,-0.773599,-0.014262,-0.103135,0.156213,-0.129940,0.793705,-0.608346,0.936415,0.083234,1.079296,1.143159,1.303812,-0.500605,1.139245,-0.554057,1.847495,1.150440,0.516170,-0.769293,0.983119,58.32,0,McDonald's,Food,POS terminal
229202,1.156609,1.462125,0.215039,0.879431,0.178214,-0.616437,-0.219783,0.963428,0.580460,-0.216762,-1.102562,0.521155,-1.698260,-0.884196,-0.097847,-1.364231,1.288507,-0.531655,0.598712,-0.868979,1.256475,-0.526246,-0.474588,0.101455,0.696706,0.035380,-0.280866,0.959364,2.23,0,Big W,Other,POS terminal
230151,0.066064,1.039226,0.910638,0.228064,-1.337691,0.615198,0.357399,1.573545,-0.024607,0.947271,-0.195875,-0.347672,-0.188621,1.503335,1.166866,0.968698,-0.689848,1.467270,-1.395669,-0.566800,1.008292,0.824396,1.539297,0.816343,-0.465404,-1.053216,1.829490,-1.004493,29.68,0,Tech Solutions Pty Ltd,Salary,Recurring subscription
230176,0.773272,-0.643226,-0.129933,-0.335277,0.561268,-0.132182,1.165747,0.133002,0.305765,0.465269,-0.281949,1.068915,0.176978,0.342984,0.591491,0.237241,0.525648,0.756289,-0.469321,1.916690,1.394962,0.056514,0.793355,-0.637502,-0.485383,-0.813246,0.097352,1.320910,31.02,0,Grill'd,Food,
230651,-0.706382,-0.916162,-0.842887,-0.820398,-1.370294,-0.426083,-0.365120,-0.884770,-1.812072,1.532370,-0.594910,0.294445,-1.690456,-1.183430,1.429739,-0.473374,2.748506,1.482646,-1.191698,-0.150779,0.363036,0.111051,0.735166,-1.340921,1.092832,0.732000,-0.828719,0.221866,1.07,0,7-Eleven Fuel,Travel,
230837,-1.359838,-0.197482,0.893551,-0.870350,-1.928223,-0.015883,0.756132,0.781551,-0.250574,0.651313,0.609909,0.284760,-0.426976,1.072419,-0.387837,-0.556614,-0.280263,0.817704,0.952952,-0.641837,0.195382,-1.140856,-0.566801,-0.899460,-0.064400,0.552539,0.244008,0.747302,23.32,0,Amazon AU,Other,
230897,-0.987223,-1.481772,0.719596,0.593421,0.281037,0.994051,-0.425266,-1.465135,-0.285736,1.060309,0.180620,0.405538,-0.100559,0.307588,-0.390475,-1.990281,-1.320048,-0.938973,0.681331,-0.258666,0.163055,0.743091,-1.138879,-1.567576,-0.226053,1.338639,-0.495058,1.320556,10.71,0,Woolworths,Food,Direct debit
230914,1.991367,1.689969,-0.108015,-0.395201,-2.086936,0.461615,0.091997,0.152298,0.853425,0.475651,-0.959103,0.696521,-0.597217,0.682245,1.101266,-0.454823,0.132439,-0.165874,0.745654,-0.112323,1.550588,-0.018286,0.257445,-0.073625,-0.141504,-0.418541,0.723576,-0.951503,7.15,0,Kmart,Other,
231031,-0.413664,1.404131,2.517944,-0.704602,0.054489,-0.973277,-0.211821,-0.187379,-0.319195,0.570324,0.597111,0.234330,-0.891755,0.202804,0.465472,-1.317301,-1.048280,-0.356440,0.211545,-1.617713,-0.815010,-1.590717,1.578626,0.778554,-0.719917,0.635989,1.472185,-0.315918,1.66,0,McDonald's,Food,
231273,1.329838,-0.278242,0.160467,-1.059892,0.615979,0.313414,-0.118812,1.347524,-0.661333,-1.170604,0.427864,-2.342790,-0.282282,0.237111,-0.395187,0.358241,-1.407491,1.541347,0.150156,0.067183,1.170691,-0.734053,1.119162,-0.336272,-0.660786,-0.884003,0.276188,-0.939877,23.30,0,BP Service Station,Travel,
231305,1.090007,0.934506,-0.745717,0.079219,0.184880,1.098042,-0.297163,1.161288,-1.018604,-0.813751,0.291440,0.796321,0.290597,-0.717077,-0.815471,-0.892373,2.638542,0.454977,0.347118,-0.336422,1.393780,-0.164050,1.146478,-0.473155,0.689868,1.106490,-1.011164,0.660877,21.71,0,eBay AU,Other,
231415,1.077415,0.057404,0.819328,0.890750,0.003226,-0.913636,-1.811771,-0.428046,1.228390,-0.951600,1.801623,-0.664283,0.845459,2.029956,-0.622926,0.598386,1.302874,-0.030837,-0.739560,-0.594909,0.165553,0.752716,1.266393,0.123187,0.230700,1.295069,0.543375,-0.740712,8.92,0,Hungry Jack's,Food,Tap to pay
231605,0.177910,0.224938,-0.709019,-1.878578,2.522897,-0.024146,-0.875126,-3.214598,0.260149,-0.065893,0.958929,1.179011,0.461752,0.168882,-1.270834,-0.646397,0.477145,0.360030,-0.043592,0.070625,-0.235703,0.525787,-1.725378,-0.060220,-0.454337,-0.922332,-1.488619,0.615063,13.93,0,Domino's Pizza,Food,
231660,0.149022,0.605703,0.214942,-1.977950,1.424266,1.727495,0.029209,-1.217576,-0.988859,-1.276603,-1.331639,-0.796707,-0.321775,0.291575,0.288565,-0.168182,0.080315,-0.499989,0.894431,-0.455545,0.411925,-0.707457,2.051094,-0.568684,-0.202624,-0.512317,0.492076,1.086022,38.39,0,GlobalSoft Ltd,Salary,
231731,-0.302049,0.255159,-1.891017,0.119336,1.013364,1.429583,-2.126249,-1.823312,0.918348,0.946199,1.008986,0.567519,-0.374328,-0.929236,-0.665840,-0.472171,1.580600,-0.011804,-0.398744,0.436548,-0.244837,-0.204118,0.205902,-1.294699,-0.638937,0.391809,1.106341,-0.119608,6.40,0,Uber,Travel,
231805,0.231510,-0.182671,0.448457,-0.262811,-0.667369,1.876263,1.508399,-0.004250,-0.375827,2.004045,2.108335,0.255821,-0.031090,-1.876124,-1.112826,1.695440,1.620829,0.199121,1.573493,1.069886,-1.923590,0.146689,-0.268168,-0.295901,0.385665,-2.015236,-1.719046,0.063131,148.85,0,Bunnings,Other,
231866,0.876311,-0.745237,-0.499318,1.060651,-1.488523,-0.047324,-0.188719,0.174654,-1.868910,1.104053,1.763885,-0.002087,1.306627,0.210435,-0.039391,-0.860511,-0.131772,-1.313097,-0.258113,0.440564,-0.176548,-1.829381,-1.219275,-1.228311,0.398134,0.920950,-1.198974,-0.843498,577.65,0,Aldi,Food,Online purchase
232046,0.698597,-0.423905,-2.120804,-0.836209,0.877505,0.934163,2.185445,0.422543,-0.511983,1.829210,-0.465400,0.941303,1.395308,-0.215410,-2.845196,0.503857,1.647120,0.020414,-0.152691,2.051382,-0.012010,-0.128513,0.326286,-0.439498,-1.166303,1.247820,-0.320654,0.384361,35.51,0,eBay AU,Other,
232269,-0.080247,1.312061,1.938293,-0.036359,-0.089999,-1.723340,-1.045697,-1.353729,1.389174,-0.191874,-1.555153,1.361947,-0.296652,0.069621,0.314649,1.562211,1.862033,0.317588,-0.637095,0.403907,-0.344645,0.599358,0.982023,-0.665240,1.003619,-0.100031,0.917305,0.142108,9.43,0,Northwind Industries,Salary,
232751,0.747618,0.210225,0.357902,0.956692,-0.518960,-1.042260,-0.898851,-2.576292,0.074595,0.352184,-1.614703,0.708182,0.443109,1.933271,0.068234,0.870968,0.255472,2.494062,1.490666,0.472343,-0.086810,0.732262,-1.100872,-0.646541,-2.934763,-1.157986,0.763309,-0.236175,6.88,0,Woolworths,Food,
232892,1.427727,-0.474558,0.792935,-0.064734,-1.356072,0.176528,-0.557905,-1.124178,0.957350,0.831435,-1.143598,-1.642454,0.553466,0.850121,0.866382,0.345184,1.569870,-1.280361,0.151335,0.819456,-0.602823,1.002831,-1.927363,0.192837,-1.639211,-0.549096,0.102698,1.666851,22.12,0,IGA,Food,
233193,0.269800,0.048851,-0.977880,0.753357,0.382572,-0.774523,1.292425,-0.861086,-0.897097,-0.484779,1.826528,-0.350472,0.332884,0.732162,0.652207,-0.498125,0.744498,-0.043695,1.911104,-0.192521,-0.223079,0.864490,-0.686382,0.842565,-0.285968,-0.673375,-0.584586,1.577716,13.65,0,Origin Energy,Utilities,
233252,0.737409,0.608461,-0.288862,-0.284379,1.425059,0.751065,0.598643,-0.897776,0.008826,-0.811611,-0.024182,1.438736,-0.532726,0.694211,0.166014,-0.777574,0.836482,0.462209,1.764831,-0.645433,0.045991,0.284812,-1.802940,1.491493,0.679677,1.033314,-1.134924,0.937092,85.29,0,Priceline,Other,
233534,1.528090,1.200374,0.743384,-0.103853,2.210183,-0.673150,1.023268,-0.962561,1.225143,-0.485099,-1.614521,1.138669,0.342059,-1.013935,0.868066,0.623394,-0.035098,-0.281267,-0.099224,0.182676,-0.412933,0.556775,-0.756776,0.019077,-1.425631,0.896040,-1.244287,1.317979,32.65,0,KFC,Food,
233566,0.572786,-1.610715,1.087907,-0.096068,1.788650,-1.991427,-1.887128,-0.884798,0.128835,-0.624807,-0.372546,2.429214,1.884522,0.702526,0.409537,0.418492,-1.315934,1.401434,1.080277,-0.766682,-0.071470,0.471477,0.059165,-0.405191,0.304012,-0.800650,0.519768,-1.054170,0.64,0,Officeworks,Other,In-store payment
233716,0.467912,0.316291,-0.299493,-0.652045,-0.571797,-0.675090,-1.626616,-0.245430,-0.171772,1.213065,0.893417,1.083429,-0.324170,0.185270,-0.031077,1.228883,-0.757321,-0.021552,0.005788,-1.268304,0.726549,-0.740137,-2.162529,-1.609248,-0.569538,0.754972,-0.662108,-0.383369,54.88,0,Spotify,Entertainment,
233826,0.245743,1.860000,-0.074096,-0.124882,-0.596618,0.486880,-0.085616,0.014138,-1.663493,-0.375451,1.554469,-0.518174,0.593961,1.505121,1.403216,2.690198,1.865038,1.275203,2.751935,0.845300,0.788247,0.908515,0.056991,-0.722514,0.073249,-0.124527,-0.722453,-1.244255,133.72,0,PlayStation Network,Entertainment,Online purchase
233941,-0.565317,-1.039704,-0.482873,-0.216980,0.692895,0.942468,-0.730262,1.013240,-0.637975,0.626786,0.771739,1.141276,1.152932,-0.407763,0.382543,0.092058,-1.016637,0.844911,-3.906607,0.193045,-1.208408,0.979082,-0.330405,-2.036043,2.006254,0.288423,0.001004,0.352702,29.91,0,Woolworths,Food,
234144,0.213043,0.763691,0.577593,-0.429909,0.050087,-0.046904,0.731088,0.326883,-0.312732,0.331479,-0.454567,-0.230867,1.751580,-1.958020,-0.329173,-0.014304,-0.548044,-0.358321,-1.115513,0.952149,1.064965,-0.919404,-0.585184,-0.745187,-0.591233,0.507548,0.789595,-0.437894,36.07,0,Stake,Investment,
234148,-1.086239,1.600449,-0.979090,-1.410878,0.668872,0.511172,0.352853,0.962272,0.826220,-0.309727,0.830068,-0.956414,0.970332,-1.557254,0.197457,0.433144,-1.359980,0.330236,0.783623,0.468653,-0.682679,0.049437,0.837221,1.013994,-0.695567,0.586103,0.789809,-0.453726,101.01,0,Hungry Jack's,Food,In-store payment
234370,0.842929,0.551596,0.317126,1.294867,-0.494799,-0.757853,1.594558,1.313049,0.166983,0.566496,1.408256,-2.037897,-0.499648,0.927556,-0.235358,-0.999050,0.416806,-0.551026,-0.561165,-0.174601,-0.786169,2.575448,0.684008,-1.212916,1.663969,0.480162,-1.754402,0.847959,4.77,0,Spotify,Entertainment,
234453,1.147403,-0.940182,-0.164059,0.587657,-0.216147,-0.262715,0.256783,-1.251139,0.201837,1.084952,1.023058,1.632042,1.217511,0.058380,0.449566,-1.566962,-0.118653,0.166129,0.415584,1.673207,-0.367294,-0.163676,-0.811119,1.515120,1.665538,2.582048,1.028989,-0.412179,11.11,0,Coles,Food,
234468,0.561889,-0.198597,-0.084908,-0.565712,1.339638,-0.070965,1.357423,-0.394306,0.665620,0.477393,2.844515,0.229866,1.767673,-1.149277,0.881391,0.101645,1.913482,-2.140513,1.929600,0.350629,0.326542,0.279598,0.731360,-0.160581,-1.119301,0.095173,0.629867,0.150401,31.50,0,AAMI,Insurance,
234535,-0.097725,0.401716,-1.442937,-0.387103,0.604656,-0.882662,-0.900230,0.743511,-0.014019,0.570787,-0.045767,-1.254041,0.988207,0.492839,-1.083097,-0.295024,0.845144,1.051967,0.196170,0.488064,0.471081,-0.529099,0.110183,0.427428,-0.751527,-0.685024,1.988157,-1.002547,8.48,0,Bunnings,Other,
234617,-1.626373,-1.767217,0.805528,0.199590,-0.163005,-1.573346,-0.644784,-0.132581,1.463531,-0.659274,-1.128874,-1.661172,1.056135,-0.741049,0.100087,-1.180177,0.160383,1.005346,0.918684,0.103096,-0.891501,-0.383883,-0.222134,-0.825403,0.280964,-1.427626,0.103707,0.120347,24.92,0,Airbnb,Travel,Recurring subscription
234794,0.271680,-2.100767,-1.507659,0.456595,1.168154,0.458106,-0.549552,-0.049575,1.066077,0.105273,-1.506079,0.067583,-0.405728,0.950544,1.130501,-0.537492,1.437036,0.552574,-0.418612,1.090470,-1.217959,-0.838101,-0.755295,-0.321827,-0.152491,-0.684418,-0.161312,-0.825233,9.68,0,Uber,Travel,
234868,0.538510,0.470536,0.283138,0.806981,-0.976713,1.994403,1.463123,-0.463677,1.826527,1.645908,-1.220828,1.275270,-0.680912,-1.581172,0.207746,-0.679727,0.629515,-0.659265,0.000046,-1.770358,0.659602,-1.166526,0.380490,-0.205394,-1.346918,0.452927,-0.044291,-0.329505,1.88,0,Bunnings,Other,
234940,-0.699745,-1.448405,0.497290,-1.054770,-0.136279,-0.030446,-0.446125,-0.798587,-0.041089,-1.830980,0.176347,-0.689447,-0.704037,-0.800084,0.693941,-0.474807,0.427974,0.788260,0.501013,0.392559,-0.035520,-1.700410,-0.445486,-1.793301,-0.822080,0.191577,-1.033649,-0.508969,12.55,0,McDonald's,Food,POS terminal
234946,0.780954,0.366481,1.493252,-0.941099,0.276098,-1.147783,1.646734,-0.846154,0.841797,1.166083,0.504279,1.131283,-0.356117,-1.283468,-0.703678,-0.128367,1.104871,0.198343,0.936302,-0.996737,-1.150227,1.184301,-1.698091,-1.093864,1.241249,0.597782,-0.731608,-0.433260,27.92,0,LJ Hooker Rentals,Rent,
235007,-0.296747,-0.512600,-0.033626,0.149190,0.909664,1.286746,-0.163181,-0.247224,0.292711,-0.095253,0.289109,0.031911,0.618903,1.327512,1.187726,0.109531,1.901270,-3.154989,0.513084,0.837693,-0.139027,-1.601710,-1.519190,-1.372666,-0.240809,1.817353,0.661078,0.559528,65.39,0,Kmart,Other,
235113,-0.243634,-1.076534,0.253786,-0.348668,0.042415,0.932518,0.655767,0.083261,0.500410,0.251953,1.685379,-0.083243,0.295703,-0.122719,-0.070091,0.066917,1.611404,0.837958,-0.478600,1.180500,0.648434,0.062169,-0.830368,-0.200678,0.056968,0.313769,-0.065799,-0.099351,18.05,0,Officeworks,Other,
235506,1.655171,0.477205,-0.810930,-1.520737,1.474949,0.615915,0.311166,0.801978,-0.922487,0.321898,1.860103,-0.433337,1.032650,-1.082408,-1.184982,-0.698774,-0.571124,0.369187,-1.121609,0.571575,-0.189305,0.164892,-0.130545,0.902859,0.656436,0.652684,-0.144859,-0.789497,5.49,0,Virgin Australia,Travel,
235803,-2.087389,1.293707,-0.687540,-1.824643,-0.050873,0.552032,-1.271036,-0.018470,-0.841372,-1.683223,0.434884,-0.451219,-1.165151,-0.140368,-0.615785,1.585715,1.180823,0.396054,0.441004,-1.268880,-0.848692,-1.529146,0.138941,0.641592,0.916980,0.926828,-0.161972,-1.050096,21.67,0,LJ Hooker Rentals,Rent,Direct debit
235966,0.454935,0.990048,0.001627,-1.625399,-1.455301,0.785640,1.450829,0.488756,1.679014,1.535860,0.289636,-0.196825,0.160696,1.076641,-1.834797,0.816138,-0.658404,-0.231246,1.321259,0.560044,0.521862,-1.281470,-0.267526,-0.404484,-0.796344,-0.437721,0.722783,0.009649,207.45,0,Subway,Food,In-store payment
236409,0.918175,1.192011,-1.181216,0.769160,-1.000372,-0.849071,-0.042890,0.288381,1.570182,-1.493082,-0.189017,-1.176343,0.924421,-2.982217,0.554366,-0.769335,-0.623579,0.894963,1.261868,0.962432,0.308881,0.205018,0.219260,0.643013,0.671967,0.073228,1.857693,-1.130454,29.80,0,Airbnb,Travel,
236470,-0.562020,-1.463669,-0.189209,1.890107,-1.360370,1.354945,-0.323993,-0.207605,0.118704,-1.001745,0.881775,-0.189594,-1.749504,0.840653,0.292142,0.318566,-1.290754,-0.788846,1.341375,-0.081898,-0.489615,1.385016,-1.724071,-1.146054,1.049831,2.389184,-0.515777,0.220924,25.74,0,Telstra,Utilities,
236656,-0.579514,-0.495944,-0.546575,-1.431104,0.508610,0.933385,0.151567,1.288002,0.171828,-0.213328,0.026955,-1.990047,1.620661,-0.504915,0.607508,1.985875,-0.669698,2.016504,-1.251904,0.457578,0.212391,-0.173819,-1.350122,-0.222303,-2.158431,-0.283939,-1.678600,0.395388,32.96,0,EnergyAustralia,Utilities,
236810,0.553015,-0.934020,1.106486,0.307783,0.709879,0.481872,-0.373607,0.433547,0.830154,-1.389021,-0.352844,-0.203360,0.722683,-0.950807,1.264213,-1.146275,2.442609,-0.934451,-0.485009,0.854794,-1.312084,-2.273516,-1.233128,0.248646,-0.459219,-1.245228,1.659979,1.286755,119.16,0,7-Eleven Fuel,Travel,
237494,-0.018781,-0.753110,-0.121545,0.254395,1.176732,0.381872,-1.318422,-0.556235,0.236152,-1.172562,0.685644,0.111803,0.424614,0.617580,-1.892466,-0.337928,-0.237489,1.910684,-0.441882,1.418745,1.158733,0.387535,0.342368,0.942868,1.038480,-1.078174,-0.974024,0.637809,12.88,0,IGA,Food,Direct debit
238144,-1.253704,-0.675578,-0.264911,0.109546,0.382371,2.158351,1.421544,0.506184,-0.595031,-1.392059,0.406445,-0.594236,1.323095,0.510053,-0.005893,-0.519546,0.042209,-0.327385,-0.642877,0.256640,-0.443990,0.083881,-1.119914,1.904765,-0.187826,1.427582,0.249860,0.364733,8.52,0,Aldi,Food,
238236,0.935378,1.183549,-0.382476,-1.693809,-0.356090,-1.694134,0.734015,0.160849,-0.321227,0.241973,1.499525,-1.025464,-0.937418,-0.243983,-0.302454,-1.229346,0.610486,1.424387,0.360988,0.446904,1.322812,1.118372,0.933870,-0.529138,-1.513042,-0.906505,-0.865941,0.911225,1.90,0,Spotify,Entertainment,Online purchase
238430,0.194315,0.492632,1.090093,0.974856,-0.495491,0.570072,-1.996713,-0.165496,0.650234,0.878667,1.258066,0.140940,1.094438,0.948280,-1.125249,-0.976939,0.462870,0.094574,-0.432836,0.803543,0.856465,2.764494,-0.062386,-0.577928,0.233203,-0.651832,0.009821,-1.300176,3.65,0,Aldi,Food,
238592,0.961829,1.889617,-1.022091,2.037440,-0.064258,3.279973,0.732165,-1.318290,-0.221670,-0.128326,0.525323,0.263626,-0.426171,-0.857663,1.598728,0.993046,0.263277,-0.749235,0.008345,0.404383,0.229440,-0.080068,-1.414788,0.486357,0.745862,0.430661,0.497235,0.159486,33.29,0,RentPay AU,Rent,
238784,-0.502071,0.818386,1.721119,-1.289327,0.877261,0.748872,1.695430,0.170464,-0.637253,1.231499,-0.154284,1.001837,-0.155749,-0.736014,-0.870389,0.929625,-0.453109,-0.392502,0.358385,-1.861696,-0.955910,-2.123938,1.160302,0.483080,0.000404,0.030933,0.026144,-0.137045,5.65,0,Subway,Food,
239140,-0.626352,-0.279428,-0.434704,0.298798,-0.396054,-0.834671,1.274631,0.057777,-0.331532,1.243907,0.236917,1.217270,-0.396507,0.760723,0.293430,-0.920092,-0.521497,0.117619,1.735936,-0.037247,-0.519649,-0.349331,1.521447,-1.208610,0.384132,-1.548747,0.003497,0.302164,40.08,0,Booking.com,Travel,Online purchase
239285,-2.197033,-0.234910,0.378322,0.646525,1.550171,-1.055813,1.814369,-1.103557,0.267799,0.875372,-1.538999,1.022348,0.035952,-2.210665,-0.082586,0.877046,1.451580,-0.326924,1.056462,1.767898,0.926738,0.402436,-0.115743,-1.771840,-2.003045,0.544302,0.376846,-0.712009,5.35,0,Raiz,Investment,
239388,0.291621,1.296364,1.985014,-0.160524,-1.180892,-0.697752,-1.957330,-0.583346,0.593450,-0.254304,-0.033511,-0.098292,-0.131918,0.435383,-0.797212,0.015935,0.056462,-0.228419,-0.722176,1.547494,0.073815,-1.240256,0.225255,1.503037,-0.835155,0.760878,-0.498987,0.077873,132.75,0,KFC,Food,
239830,-1.233556,-2.284897,-0.930301,0.404310,-0.171024,-0.653211,-0.611236,0.282499,0.590508,0.044701,-1.631121,0.337230,0.241126,-0.501449,1.701301,-0.282345,1.603248,0.363584,-0.497473,-1.430892,-1.952604,-0.357097,-1.007489,1.564564,-0.676170,-0.064651,-0.040185,-1.078914,41.42,0,Officeworks,Other,Direct debit
241052,1.096684,-0.005704,-0.053473,-1.043433,1.616539,1.292544,1.764295,-1.362438,-0.530420,0.280551,0.541751,-0.841597,0.688882,-0.106017,-1.578710,1.547369,-1.834174,1.144146,-1.841756,0.639818,0.505345,-0.904255,0.262506,0.987056,-0.613784,-0.094624,0.491155,-0.198714,5.71,0,Guzman y Gomez,Food,Online purchase
241166,2.375179,-0.390928,0.402217,-0.383978,0.423598,-1.789899,-1.198352,1.259475,-0.218869,-0.100418,-0.491849,0.260070,0.493430,0.311439,-0.873963,1.934135,2.079634,-0.745555,0.632675,-0.229528,0.489510,-1.427233,-0.252443,1.077057,1.372584,-0.710836,-2.247724,0.274677,4.88,0,Domino's Pizza,Food,
241331,0.089065,-2.180633,0.555871,-1.030956,1.226948,-0.777294,-0.517517,0.231351,0.624887,0.415414,0.218100,-1.138789,-0.554088,0.639594,-2.358451,1.478838,0.252825,0.977387,-0.415126,0.028411,0.815336,0.551951,0.087463,0.903974,1.497243,0.408201,0.254459,0.503436,11.06,0,KFC,Food,Membership fee
241676,-0.409441,-0.175746,-0.162111,0.795320,-0.469870,-1.663643,-0.128867,-0.657221,-0.879757,0.041995,0.178800,-1.259573,0.672879,-1.366641,1.766877,-0.437010,-1.872016,-0.455161,-0.428968,0.988156,-0.210235,-0.108318,1.604053,0.555293,-1.447737,0.445207,0.914119,-0.080437,98.78,0,eBay AU,Other,POS terminal
241847,0.477117,0.456725,-0.694428,-1.080834,-0.285355,0.158773,0.308607,1.129800,-0.175074,0.339123,0.692443,0.765932,-0.546901,-0.240474,0.421981,0.144604,0.131906,1.461595,0.438733,0.360832,0.912854,-0.965590,-0.712997,0.699064,0.734848,-0.277714,0.297459,-0.020528,4.37,0,JB Hi-Fi,Other,
242583,0.574939,-1.513533,-0.986894,0.510586,1.209928,-2.473993,1.366835,1.709414,-0.907004,0.579018,0.029312,-2.359693,-2.029156,1.498145,-1.209995,-0.124645,-0.753207,-0.117206,-1.718477,-0.532396,-0.669074,-1.118792,0.519066,1.832058,0.545478,-0.691433,0.834595,-0.812323,3.13,0,Vodafone,Utilities,Card present
242647,-1.691011,1.576202,-0.414163,-1.678363,0.776880,0.690285,0.230941,0.303135,-0.117794,-0.036708,-0.823048,1.292489,0.460358,0.941163,0.058060,-0.336452,0.634316,-1.105014,-0.205680,-0.477333,-0.029730,-1.594153,0.585746,-0.946869,-0.382865,-0.188383,-0.463205,-0.674834,16.15,0,KFC,Food,
243220,-0.995861,-2.770832,-0.735361,1.362352,-0.451087,0.629793,-2.059625,1.005710,-0.320456,0.906262,-0.598874,0.296316,-0.010763,0.085779,-0.686544,0.113452,0.185124,-2.120526,0.885825,1.303350,-0.547374,-0.666368,0.152168,-1.134460,0.337974,-0.323656,3.909264,-0.348734,85.26,0,Priceline,Other,Recurring subscription
244497,1.773323,1.545853,0.352595,-0.034880,0.490885,0.473323,0.061810,-2.442682,-1.239805,-0.817567,-1.912117,2.134095,-1.959329,0.749463,-0.132683,1.759261,-0.841502,-0.312723,-0.207713,-0.867961,0.073996,0.748059,0.952522,-0.259694,-0.806760,-0.090141,-0.492261,0.300986,443.16,0,IGA,Food,Auto-renewal
244535,-0.876161,-0.032763,-0.015302,0.533640,-0.587867,-1.202537,1.152116,0.650573,1.201089,-0.840417,-1.153323,0.981083,0.317793,-0.695825,-1.214792,-0.168422,1.039840,1.396480,-2.352224,-0.814756,-0.329789,-0.029374,0.614004,0.214264,1.421801,0.072526,-0.570918,0.322662,107.24,0,BP Service Station,Travel,Online purchase
244559,0.997365,1.639936,0.481756,-0.268345,-0.646941,0.432355,1.181219,-2.130543,0.274388,0.247129,0.150450,-0.932445,0.389182,0.156909,0.515025,-0.031947,-0.190298,-0.086298,0.191347,-0.713239,-0.693920,-1.157503,-1.083159,-0.464036,-1.210823,0.716830,-0.300987,1.032189,10.49,0,Aldi,Food,POS terminal
244769,0.227514,-1.825784,-0.954171,0.777379,-1.450334,0.117825,1.085655,-1.200642,-0.017468,-0.625470,-1.379986,0.911661,1.196673,0.230119,2.272093,-0.813393,-0.075152,-1.211890,1.150876,-0.427349,0.781878,1.581041,0.586448,0.474418,0.881402,-0.299750,-0.220203,1.010546,43.64,0,Starbucks,Food,
245219,-0.244375,0.482547,0.226049,1.307168,0.208008,0.458266,0.240626,0.033415,0.755327,-0.153722,0.426851,-0.628964,-3.306969,-0.136597,0.311279,0.231782,2.792794,1.507060,-0.938510,-1.846331,0.254937,-0.261790,-0.966435,0.499880,0.981052,-0.297085,-0.855388,-0.521404,58.36,0,Spotify,Entertainment,Direct debit
246151,-0.372828,-2.481768,-0.542737,0.351730,0.189050,1.154618,-0.484577,-1.734929,-1.629144,-1.151633,-0.055856,1.833135,-1.391610,-0.020337,-0.535110,-0.419268,-0.701343,0.163031,1.049119,0.477826,-0.063015,0.602194,-0.579486,0.552085,1.171654,0.072597,1.569881,0.977301,10.57,0,Disney+,Entertainment,
246417,0.396561,0.145678,0.202716,1.142323,-0.614050,-0.372513,0.791083,0.246845,0.036443,0.658759,-1.101102,-0.726216,0.731397,0.262691,0.171258,-1.157406,-1.650088,0.059241,-1.019515,-1.576285,0.387056,0.015528,2.567646,0.280995,-0.004315,-1.307815,0.621983,-1.118196,16.97,0,Priceline,Other,POS terminal
246583,0.750162,-1.195585,-1.205902,-0.534440,-0.176665,1.181371,-0.410210,1.105471,-1.360519,0.955212,-1.108769,0.330943,-1.427176,-0.461503,-1.159029,-1.404779,-0.431620,-0.061116,-0.586185,-1.045608,0.100943,0.394059,1.245145,-0.213548,-2.121476,-0.945056,1.580141,-0.624651,6.03,0,Subway,Food,Auto-renewal
246632,0.712817,0.127684,-0.431044,0.946513,0.351456,-0.359110,0.495147,0.968934,-0.012913,0.671514,1.086833,0.976766,-1.527940,-0.191281,-1.225837,0.596782,-2.444412,-1.127854,0.261764,2.125469,2.028375,-0.172006,1.536600,-0.265652,0.812625,-0.928282,-1.727854,-0.104844,10.27,0,Subway,Food,
246826,0.659952,0.585426,-0.458139,-0.994328,1.057955,-1.446277,-0.646195,-1.143394,-0.761198,-0.825270,1.128418,-0.063364,1.263420,-0.051928,-0.358673,-0.602717,-0.553174,-0.812967,1.808102,0.433673,-0.043190,0.648143,1.067351,1.451055,0.385293,0.429543,-0.360852,1.550764,7.57,0,Translink,Travel,
247067,-1.546823,-0.940001,0.346031,-0.640618,1.009313,-0.334599,2.135230,0.015869,-0.208848,0.101347,-0.218101,-0.319956,-0.365968,-0.112277,0.995137,-0.992524,0.217892,-1.329865,-1.329318,-0.176638,-0.527294,-0.171961,1.028770,0.191599,0.613175,-0.305318,-1.747761,-0.345785,47.50,0,Apple TV+,Entertainment,Direct debit
247151,0.588130,0.671260,-2.366069,-1.765732,0.511108,0.598721,-0.239462,0.623375,-2.185698,-1.784646,0.742798,0.454604,-1.259313,-0.462138,1.952341,0.342989,-0.015954,1.491271,1.503035,2.029230,-0.132550,0.481002,-1.159298,-0.386289,-0.117518,-0.393826,1.046166,0.731144,14.95,0,Airbnb,Travel,Direct debit
247776,-0.321254,-1.436925,0.341861,-1.913334,1.248554,-0.391408,-0.492435,0.649539,-0.892161,1.096686,1.873529,-1.872575,-1.022170,-1.781350,0.165888,0.189970,0.119569,0.735143,-0.588775,0.841763,1.716381,-0.442661,1.585755,0.332884,0.322573,0.602531,-1.692159,1.032355,15.67,0,Steam,Entertainment,
248124,1.087743,1.034572,-0.506000,-0.839037,-0.419207,0.498946,0.051361,-1.447141,0.074531,-0.213973,-1.025168,-1.384620,2.232330,-0.560016,-0.153154,0.700009,-1.483408,0.535659,0.325617,-0.367593,0.444405,-1.060872,-0.110705,0.365766,-0.491223,-0.359283,0.259161,0.668971,37.92,0,Qantas,Travel,Online purchase
248221,-0.246585,-0.905168,1.483952,-0.237980,0.402648,0.354929,0.624333,-0.033502,1.189535,-0.742825,-1.316769,-0.788878,-0.388463,0.061810,-2.579915,-0.184171,-1.162940,-0.398138,-1.659970,-0.561159,-0.808779,-0.302216,0.884114,-1.008066,0.793733,-0.601416,0.902654,-0.443323,3.89,1,Online Store,Other,Manual review
250447,0.602425,-0.477430,-0.121013,-1.028507,-0.848623,0.244594,0.877162,0.444866,-1.552441,-0.229618,-0.039878,-0.735411,-0.201437,0.623754,-0.221292,-1.269414,0.462575,1.622561,-1.729086,-3.070925,0.044557,-1.927881,-0.345048,0.366646,1.366636,-0.968854,-0.159598,1.792628,109.90,0,Big W,Other,
250842,-1.184089,0.596124,0.882805,-1.689678,2.771378,0.218100,1.239519,-0.459022,-0.016290,-0.134235,-0.047519,-1.478032,-0.604279,0.982033,-0.636308,0.202343,1.778727,-0.535472,-1.352393,-0.012135,1.890372,-0.475206,0.651524,0.079606,0.384161,-0.487600,-1.412130,1.522991,48.30,0,Spotify,Entertainment,Auto-renewal
251633,1.814761,0.889551,-1.379852,1.043291,0.573647,-0.070694,2.301715,0.420049,-2.061463,-1.159079,-1.202045,-1.232111,-0.601868,-0.668419,0.562065,-0.466645,0.660726,0.128158,-0.327601,1.398993,-0.132625,0.188357,1.260931,-1.134820,-1.364583,0.660058,-0.405047,0.240134,37.37,0,Starbucks,Food,Online purchase
251897,-1.648402,-0.514007,-0.811077,-0.549847,0.776431,1.173134,0.152689,-0.079138,0.397639,-1.265023,0.261595,-1.428121,0.606045,0.370802,0.524510,-0.407888,0.038034,0.283218,-0.802822,1.503706,-1.660570,0.295575,-1.473581,-0.699518,1.436089,-0.658012,0.819823,0.285709,95.41,0,Steam,Entertainment,Online purchase
252005,0.711787,1.609171,0.345656,-1.493191,1.897538,0.341242,0.108308,0.628094,-1.475167,-1.164741,1.230127,-1.620726,1.029311,1.790964,0.146646,0.034261,0.579733,-1.237151,0.244689,-0.463518,0.656438,-0.358594,1.173193,0.317146,0.151531,-0.433037,1.186272,-0.049537,27.76,0,Netflix,Entertainment,
252259,-1.083486,-0.911858,-0.355232,-0.502582,-1.436915,1.301592,-1.111308,0.214188,-0.135368,-1.614502,1.416343,0.223151,0.455329,0.029125,0.798498,0.817970,-1.197817,0.628661,-0.015799,-1.421814,-0.186158,-1.447731,0.236808,0.251700,-1.230914,0.380951,1.132895,0.498059,5.59,0,Apple TV+,Entertainment,Auto-renewal
252371,-0.402098,0.254434,-0.353997,-0.492858,-2.222161,0.026221,0.454493,-1.333233,0.601154,0.518021,1.942929,-1.777130,0.204449,1.050364,0.554654,-1.259041,-0.090073,-0.084058,1.274670,-0.120459,-1.726985,-0.062586,-0.959988,1.687682,-1.617574,0.233857,1.384294,0.795227,23.41,0,Kmart,Other,In-store payment
253198,-1.679631,-0.987993,-1.069034,-0.987148,1.942905,0.221723,0.440725,1.491405,-1.151605,-0.992299,0.097575,-0.446720,0.679316,-0.197709,-0.677192,-0.059770,1.404743,-1.705602,0.701219,0.551581,0.618536,-1.214196,0.565508,1.278161,0.441628,-0.119143,-0.780193,-0.554410,76.11,0,Big W,Other,
253814,-2.111632,-1.436833,0.764223,-0.518982,-0.646273,1.075463,1.752181,0.568300,0.632285,-2.364573,-0.435123,2.000501,1.216369,2.110485,-1.371809,-2.605665,-0.836275,0.230122,-0.117330,-0.687044,0.031432,1.141849,0.190859,0.525524,-0.329946,0.594504,0.073143,0.323156,41.47,0,Spotify,Entertainment,
256537,0.873739,1.674436,-0.545013,1.884125,-0.712102,0.128659,0.140541,1.042921,-0.261086,-0.281805,-1.337953,1.869328,-1.755318,-1.771456,0.013122,1.396596,0.667088,-0.621417,0.665925,0.149921,-0.087832,-1.201242,-0.367429,-1.992448,-0.510574,-1.275709,-0.569462,0.078950,28.55,0,Virgin Australia,Travel,
257148,-0.735861,0.054243,-0.343247,0.426161,0.317548,0.301513,-0.887758,-0.631314,0.722065,0.367562,1.021148,0.747552,-0.269384,0.115147,-0.981029,0.016993,0.466019,-0.125880,-0.068239,1.354081,0.903842,-1.002863,-0.336786,-0.628313,0.549441,0.882622,-0.036865,-2.180343,14.02,0,Woolworths,Food,
258570,1.288226,0.581709,-0.945336,-0.629561,0.537043,0.393517,-0.256277,-0.108719,-1.402650,-0.977772,0.452224,-0.772209,0.131678,0.555797,-2.133400,0.164552,0.324289,-1.927324,-0.764505,-1.198806,0.639206,2.009314,0.459425,0.404908,1.403782,-1.449607,-0.392947,-1.040829,15.09,0,Coles,Food,
259199,0.572894,-0.228061,-0.914392,-0.657820,0.410306,0.651895,0.277167,-0.224784,0.426540,0.280234,-0.621672,-0.720626,-0.926745,-1.134455,-0.990909,-2.309695,-2.678700,0.691064,1.166866,-0.418161,-1.835402,-1.075399,1.481085,-2.073743,0.583427,0.810944,2.127266,-0.037784,5.41,0,Shell,Travel,
260087,-0.720976,-0.409321,0.136587,-0.909177,1.955113,-1.142797,0.049080,-1.673942,0.737545,2.238559,-0.565795,1.993974,0.247464,0.396881,-0.688258,1.749619,0.603264,1.514867,1.542825,0.489923,-0.436070,-0.211246,1.793049,0.091009,-0.797961,0.624966,0.240387,-0.224477,7.10,0,Hungry Jack's,Food,Card present
261059,2.007163,2.353970,-0.656013,0.860579,-0.288482,-0.336189,-1.240994,-0.591448,-0.063064,0.322581,-0.416634,0.001547,0.787808,0.834360,0.484927,-0.449310,0.893917,-0.367689,-1.087643,-1.356556,-0.091647,0.153431,0.824454,0.506875,1.628188,-0.275744,0.055903,0.585971,27.48,0,Virgin Australia,Travel,
261090,-0.135591,1.211802,0.290910,-2.700350,1.652160,0.952802,-0.438848,-1.846510,-1.629051,-0.191079,-0.134994,-0.315196,1.229948,0.228014,0.430976,0.728364,0.319735,-0.531755,1.605077,-0.324680,1.188279,0.501110,2.059171,-0.531811,0.021770,-1.007376,1.325193,0.703704,13.37,0,Telstra,Utilities,Recurring subscription
261521,0.605488,0.364565,1.174971,0.208886,-0.411221,2.024124,1.202580,0.037496,1.824399,-0.091419,-1.206506,0.152984,-0.321136,0.252025,-0.163264,-0.047042,-1.105610,0.767223,-0.061251,0.019909,-0.367728,0.257562,0.714327,0.113720,-1.667524,1.920572,-0.047140,-0.159312,10.97,0,Starbucks,Food,
261548,-1.545860,-0.447658,-1.393668,0.959343,-0.611263,-0.263803,0.223103,0.203525,-2.336824,-1.757343,0.888068,0.336908,-0.285945,0.324601,1.173510,2.453243,-0.052971,-1.177668,-1.625865,-0.912320,0.050123,-1.063185,-0.156071,-0.483588,-1.169779,1.446935,-1.239669,0.470413,31.64,0,Origin Energy,Utilities,Auto-renewal
261922,-0.674263,-0.055114,1.286863,-1.260421,0.134906,-1.894931,-0.039668,0.440576,-0.223502,-0.941598,0.843919,-0.824657,1.492677,-0.710120,-0.081247,-1.119073,-0.681205,0.524073,-0.178521,-0.320056,-0.384405,1.208222,-0.942131,-0.888773,-0.347388,1.025274,0.205351,0.986602,11.77,0,Vodafone,Utilities,
262569,0.758685,0.074479,0.243781,-0.367820,-0.831181,1.200388,-0.529909,0.665310,0.348230,-1.852856,-1.172236,-1.352729,1.790621,0.112657,-0.910371,0.298567,0.577076,-1.151337,0.918354,-0.718122,-1.646450,0.189887,0.754710,-0.883470,-0.264634,-0.703505,0.970225,-1.995044,8.94,0,Sydney Water,Utilities,
262878,1.355989,1.325187,-1.158329,-1.681324,-0.163938,0.040026,-0.518098,0.977571,0.469232,-0.950494,-0.755165,0.580765,0.633233,-0.492810,-0.138166,1.074740,1.306395,-0.320789,2.221885,-0.833589,-0.687835,-1.331909,-1.351765,0.411785,-0.162229,0.273666,-0.740675,1.363234,13.78,0,Starbucks,Food,
262923,-0.016626,-0.879655,0.106266,-1.260873,0.402212,0.360567,-1.234664,-0.554622,1.478758,-0.944816,-0.109964,0.581727,1.823112,-0.617994,0.811502,-1.156550,0.868713,0.347347,-1.984811,1.447615,0.991668,0.605861,0.506735,0.670987,-0.762395,1.098416,-0.344307,0.539590,42.78,0,Ticketmaster,Entertainment,
263189,-1.006637,-0.304436,-0.504796,0.058716,1.512513,0.035393,0.642142,0.295196,1.567531,0.269574,0.765003,-0.737213,-0.949042,1.199413,0.209300,0.473425,0.418836,0.834933,-1.365585,-0.244901,0.261867,2.275362,-1.663009,1.902595,-0.387534,1.076549,-0.776282,0.093368,84.09,0,Hertz,Travel,Card present
263824,0.045565,-0.918443,-0.166803,0.484469,0.682618,0.527127,-0.583517,-2.060563,0.506676,0.705415,-1.246862,0.619590,-0.109439,-0.685761,0.189939,0.189629,0.250718,2.004307,1.604916,-1.856714,0.345332,0.364221,1.091185,-0.814489,-1.159289,1.053634,-1.818472,0.616312,59.23,0,Domino's Pizza,Food,POS terminal
266990,-0.515274,1.189333,0.413956,0.544399,-1.034390,-2.033835,-0.360102,0.314544,-1.211801,-1.065107,0.674942,-0.023214,-1.987395,-3.026353,0.424397,0.592918,0.662807,0.997619,-0.601122,1.290502,-1.437057,-0.812735,-0.076528,1.306994,-0.790966,0.996780,-2.233018,-0.287515,16.27,0,Uber,Travel,Direct debit
267368,0.132417,-1.305727,-2.060351,-0.328568,0.220283,3.100690,-1.085118,-0.314557,-2.091594,0.612477,-0.452577,-1.186071,0.193898,-0.027031,-0.078348,0.570878,-0.484436,2.136005,0.624788,0.827792,-1.848246,-1.738926,-0.479391,0.633873,0.553684,-0.422044,2.079185,-0.575802,14.15,0,Hoyts,Entertainment,
267907,1.495751,1.952681,-1.021931,0.202512,-1.270207,0.125327,-0.064430,0.325699,0.489952,0.038480,0.771273,0.036890,-0.475915,0.133467,1.504325,0.368394,0.208760,-0.649683,-0.121234,0.118161,0.816242,0.918234,0.018498,-0.914571,-0.201144,0.448717,-0.466116,-0.999079,10.35,0,Spaceship Voyager,Investment,POS terminal
271152,-0.233124,-1.311271,0.729276,-0.455444,0.247448,1.137342,-0.204911,-1.319430,-0.260260,0.450426,0.133470,0.219899,-0.067943,-0.167538,0.301319,2.109657,-0.108544,1.207465,0.048902,0.580112,-0.263013,-0.485023,-0.598211,-0.181486,-0.060610,0.095755,-1.312832,-1.338870,6.02,0,Event Cinemas,Entertainment,
272213,0.382065,-0.591798,-0.399200,0.484988,0.284613,-0.688317,-0.137337,1.369087,-0.965567,0.528926,0.817599,-1.130761,1.054116,-1.091453,-1.588286,-2.761859,-1.247433,0.886036,0.309074,-0.330704,-0.077910,1.158436,-0.206455,0.128154,0.421814,-2.341720,-0.304753,0.122056,24.03,0,Booking.com,Travel,Direct debit
272573,-0.707953,1.232358,0.311380,-0.667250,-1.328863,0.112003,1.790664,-1.274300,1.420088,1.771766,0.489623,-1.904514,1.495498,-1.021086,1.246758,-1.441974,-1.004812,0.330798,-0.715687,-0.484760,-1.205850,0.125995,0.118403,-0.085100,1.589363,-0.265606,-1.996731,-1.281490,42.23,0,Vodafone,Utilities,Auto-renewal
273043,-0.123303,-0.323391,0.273109,0.070584,-1.726871,1.284181,-1.127881,-0.003577,1.843619,1.560510,0.142147,0.557092,-0.118509,-0.479958,0.557363,-0.224143,0.546895,1.519469,1.205664,-0.614934,-1.430818,-2.295766,0.898313,-1.282563,-0.930530,-0.267495,0.774737,-1.044687,11.22,0,Grill'd,Food,In-store payment
274752,0.471096,1.201209,-0.722897,-0.713245,-0.946920,-0.336964,-0.687498,-0.590259,1.695644,-1.161955,1.169567,-1.320474,0.856084,-1.009749,-0.439912,-1.988685,-0.397131,-1.304296,-2.307175,0.033214,-1.294913,0.246869,-0.152341,0.679206,-1.419605,0.608041,-0.452396,-0.849308,2.06,0,Grill'd,Food,
277042,-0.668069,-1.397834,-0.476031,0.669399,-0.274144,0.155605,0.296899,2.788741,-0.238552,0.462508,-1.217538,0.154439,0.173948,0.298615,0.134214,1.378846,-1.643981,-0.083126,-0.156617,-1.843481,-0.384837,-0.205267,-0.408114,0.720848,-0.301743,1.331142,1.821506,0.518435,39.76,0,SelfWealth,Investment,
277739,-1.003626,0.524129,0.640319,0.836911,1.699425,-1.082928,-1.398998,2.618125,1.690965,-1.088390,-0.251820,-0.774824,0.615167,-0.983662,1.417780,-1.675659,2.027197,0.463832,0.322375,0.377067,-0.646318,-0.082719,0.619250,-0.541245,0.968662,-1.692339,1.385735,-0.842012,6.60,0,Translink,Travel,
277756,-1.950916,-1.811343,0.847424,2.727767,-1.380597,-0.724386,-0.830305,-0.086776,-0.126277,0.439817,-0.013352,-0.109193,0.064362,1.899119,0.863597,-0.770742,0.199580,-0.038987,-0.398064,-0.303852,0.669605,0.289215,-0.129209,-0.161381,-0.217699,-1.147845,-0.516728,0.488150,18.33,0,LJ Hooker Rentals,Rent,Tap to pay
278320,-0.577750,0.056423,-0.017565,-0.485467,-1.022482,-1.561125,-0.254434,2.512094,-0.802348,-1.453107,-0.167987,1.490238,0.273520,1.738788,0.581384,0.536056,-0.886273,0.175722,-0.441801,-0.205132,-0.432027,1.044026,-1.179942,-2.045418,1.465172,0.874513,0.957385,-0.220090,46.61,0,Guzman y Gomez,Food,Auto-renewal
280080,-2.072922,3.545275,-1.344245,0.973903,-1.600635,1.702538,0.098992,-1.397383,-0.292013,-0.363834,-1.369622,-0.227646,-0.942102,2.491406,0.947554,-0.117923,-0.299968,1.274942,-0.401284,-0.580128,0.943011,-0.107613,1.732443,-0.700084,2.282503,0.984130,0.405195,0.299607,37.01,0,Aldi,Food,Auto-renewal
280707,-0.348165,-0.838900,1.110093,-0.406656,-1.182668,-1.370679,0.806025,0.252637,0.654442,0.236374,-0.050659,1.429991,-0.180687,1.730283,-2.317614,1.760085,-0.396681,2.050584,0.973869,-1.518058,0.034071,0.460536,0.018648,-1.294501,-1.837477,0.020850,-0.312958,0.638669,131.01,0,Hoyts,Entertainment,Recurring subscription
281007,-0.617109,1.367294,0.942169,-0.748387,-1.607391,0.257411,-1.859963,0.184125,0.330496,-0.059066,-1.013113,1.563028,-1.535329,-0.222552,0.495785,-0.151919,0.165827,0.841237,-0.485946,-0.270631,-0.406944,0.662710,-1.968135,-0.709885,0.130711,-1.482775,-0.428469,-0.099967,5.63,0,Aldi,Food,Membership fee
281385,0.642192,-0.059723,-1.155623,0.680066,0.951289,-2.119933,0.123610,-1.509360,1.291204,0.316881,-0.816918,-0.450636,-0.805962,0.224462,0.098970,0.631049,0.202142,-0.544322,-1.568906,-1.215579,-0.431781,0.853169,-0.447850,1.295864,-0.475317,-1.555690,0.310461,-0.756869,10.39,0,Starbucks,Food,
281464,-0.200880,-0.744086,-0.317272,1.153182,-0.781036,-0.000873,-1.748087,-0.591325,-1.245129,-0.063297,2.107141,0.462769,-0.319149,-0.664537,0.273495,0.786086,1.513744,-1.189359,0.288554,0.695738,0.083301,-0.610905,0.115311,0.014226,-0.160243,1.234996,0.044997,-0.130243,42.97,0,Event Cinemas,Entertainment,
283564,1.437499,0.879208,0.631679,0.555906,-0.905004,-0.983304,0.137107,-0.478277,-1.697415,-0.203792,-0.374303,1.882143,-1.218146,-0.105302,0.002146,1.298941,-0.261494,-1.842512,-1.770949,1.235339,0.473404,0.898482,0.179129,0.361660,-0.813226,0.210661,0.170888,-0.093315,9.25,0,Event Cinemas,Entertainment,
284095,0.958867,1.016317,0.226781,-2.953023,0.201949,0.834976,-0.996089,2.998610,1.860722,-1.313654,-0.062980,-7.154094,-0.656298,6.261888,1.215141,0.696734,3.771925,0.070599,-0.995887,-0.218039,2.678801,3.017488,-1.090583,0.883930,-0.366491,0.566283,-0.740177,0.404097,305.71,1,International Trader,Other,
284660,0.381789,0.952121,-0.461753,0.052308,0.109832,-0.940741,0.255780,0.302456,1.626954,-2.025823,1.287983,-1.286595,-1.901820,0.108511,1.398820,0.621015,1.292768,-0.344618,-0.956158,-0.409402,1.812903,-0.080712,-0.417078,0.719208,1.083323,-0.334906,0.979499,-0.913996,5.88,0,Sydney Trains,Travel,
285732,-0.707245,-1.829975,0.584873,-0.494532,0.419841,0.235736,-1.320742,-1.992856,1.214617,0.057515,1.017958,-0.971908,0.097068,1.687682,0.261349,-0.148817,-1.175843,1.162698,-0.016513,1.325446,-0.664248,-0.691127,0.305299,-0.166026,-0.378654,-0.738685,1.284328,0.725268,55.22,0,AGL Energy,Utilities,
285737,-0.261711,-0.468503,-0.763527,-1.659528,0.536842,0.336533,0.123625,-0.208158,-1.009073,-1.017460,2.812812,-0.451493,-1.003592,-0.765579,-0.167950,-0.750254,0.559510,2.129849,-0.355643,1.395942,0.947597,0.282150,0.948182,0.072662,1.044626,-0.796576,-1.358406,0.222487,48.36,0,Translink,Travel,POS terminal
285745,-2.007299,-0.503275,0.997911,0.338221,-0.960322,0.963207,0.989846,0.603878,1.168266,-0.712070,0.019438,-0.795732,1.751162,-0.294561,0.481444,-0.403146,-1.099029,-0.378612,-0.263030,-0.285899,0.612128,-0.755593,-0.921624,2.014266,2.074369,-0.151750,0.382173,0.605908,31.20,0,Grill'd,Food,Online purchase
286929,0.027144,-0.112079,-0.498720,1.220455,-1.574844,-0.777739,0.562517,-0.270597,0.817430,-0.666933,0.526296,-0.092041,-0.449645,-1.859923,0.326963,0.179263,-0.446306,-1.090522,0.029886,-0.901408,0.712153,-1.286855,0.239818,0.174176,-1.953369,-1.188668,-0.712271,0.381460,94.21,0,Virgin Australia,Travel,
287124,0.801617,-1.548699,0.040041,-0.041623,0.694526,0.755071,0.569599,-0.998626,-0.627504,-0.119255,0.653772,-0.519368,0.694195,0.201041,0.598773,1.383632,0.246955,0.650305,-1.183825,0.014216,1.378299,0.390732,-1.043233,-0.236747,-1.282846,-0.173256,-0.065683,0.136567,17.77,0,AGL Energy,Utilities,Tap to pay
288028,-0.591767,1.951507,1.928422,0.675517,0.198769,0.167045,-0.409391,-1.167418,-0.612089,-1.171161,0.152987,0.835754,-1.333366,0.316467,-0.951998,-0.635741,0.977539,-0.763325,-0.413848,-0.864126,-0.159059,-0.650471,0.627742,1.377016,0.109652,-0.134395,-1.149986,0.586332,12.85,0,Aldi,Food,
288176,-0.396068,0.641456,-0.740312,-0.428419,0.053939,0.595879,1.211884,0.257422,-1.719149,0.259529,-0.549943,0.923391,-0.288361,1.561392,0.173733,0.914265,1.287046,-0.950747,-0.611915,-0.649981,-1.312038,-1.614017,0.465240,-1.959573,-0.516523,-0.795559,0.114348,-2.248354,17.21,0,Big W,Other,
288455,-1.118947,-0.057767,-1.280841,1.467916,0.520870,0.522930,-0.012575,-0.116148,-1.721488,0.287309,-0.710342,-0.270323,0.031950,-1.487471,0.928331,-0.319747,-1.018932,-0.965503,-1.956491,-1.125750,1.360800,-1.693798,0.565261,-0.153811,-0.559157,1.453270,-0.474072,0.908710,104.35,0,Coles,Food,
288488,0.802983,0.371426,-0.084046,-0.142338,1.313939,0.925447,-0.326437,0.846430,-0.243596,0.103996,0.111198,-1.755209,-0.778706,-0.211064,-0.076357,0.549655,-0.556814,-0.313187,-0.122610,0.177266,1.866434,0.117338,1.136022,-1.641450,0.398210,1.633367,-0.205012,-1.385288,299.43,0,Sydney Water,Utilities,Recurring subscription
288634,-0.133531,0.795882,-0.444094,1.803509,-0.221600,-0.241673,1.427795,0.421475,-0.614639,-0.791367,-1.110766,-0.041182,-1.331957,0.948343,-1.172985,2.612922,0.566601,-1.190692,0.335737,2.379763,0.357709,-0.153643,0.265934,0.276117,1.009438,-1.108540,-0.886985,-1.576843,143.10,0,Kmart,Other,Membership fee
288690,1.230512,0.115310,1.457395,-0.135143,-0.602796,1.816835,0.015155,-1.616623,0.854417,-0.235684,0.047058,-0.268957,0.152000,0.272139,-1.006511,0.223043,1.050796,-0.722927,-0.384622,-0.487066,0.135869,0.148468,0.858235,-1.708398,-0.187353,1.762791,1.390906,-1.386279,54.20,0,McDonald's,Food,Auto-renewal
288716,-0.808146,-1.221177,-0.424582,-0.563156,0.883336,-0.524111,0.508985,0.653253,-0.356615,-0.258876,0.644930,0.722019,-1.555523,-1.014734,-0.146936,-0.902801,-0.751030,2.309053,0.163882,-0.534160,-0.311331,0.405634,-0.893398,-0.115082,-0.055805,0.894868,-0.230941,-1.987612,48.67,0,eBay AU,Other,Online purchase
288904,-0.443283,1.771887,1.666865,-1.450944,1.784226,0.017331,-0.598016,1.520117,1.355397,1.151486,1.041194,1.712263,1.331331,-0.638275,-0.876490,0.343821,0.099219,1.633867,0.561815,-1.916215,-1.512523,-2.656420,-0.737040,0.627841,0.223746,0.562749,0.163981,1.463905,13.78,0,Big W,Other,
289690,-0.900372,0.116434,-0.783356,0.911071,0.208452,0.309814,-0.916123,0.843536,0.892183,0.085009,-0.065717,0.227439,0.995731,0.047176,0.350952,0.743321,-1.658225,-0.047336,1.494609,0.312303,0.069741,0.399787,-0.016337,1.080690,-0.325902,-1.372420,-0.221003,-1.363410,24.74,0,Qantas,Travel,
289767,0.837589,-0.412111,-1.338551,0.444962,0.313284,1.511873,0.596991,-0.111222,0.188466,1.057722,-0.797628,-1.620290,1.454199,-0.346218,0.774131,0.257145,0.007489,0.497726,-0.603316,1.430572,-0.469427,0.847696,-0.083104,1.142220,-1.302296,-0.715159,0.225309,0.332468,17.38,0,eBay AU,Other,
290000,-0.491607,0.121509,-1.078995,-0.192188,-1.713129,-0.668116,0.642241,-1.650469,0.462914,0.766987,-0.291501,0.519740,-0.640400,0.256550,-0.726804,-2.216744,-0.689379,-0.110381,-0.243771,-0.914321,0.440068,0.863699,1.316739,0.071776,-0.544468,1.198513,0.797590,1.880535,5.23,0,eBay AU,Other,
290013,-1.549743,-0.599314,-0.687751,0.338417,0.206860,0.908935,0.754297,1.044726,0.060657,0.901069,0.105164,1.154232,-1.228880,-1.778092,-0.718181,0.154101,0.503144,-0.181506,0.451144,-0.081011,0.383780,-0.428797,0.454810,-0.171108,-0.266256,0.771218,-0.374583,-1.378354,42.35,0,Amazon AU,Other,
290045,-0.895732,0.459466,-0.999461,0.485070,-0.640193,-1.510081,0.203388,-0.517311,-0.812667,-0.101240,-1.454740,-0.652048,1.547500,0.220154,-0.672018,0.122263,-0.095473,0.354537,-0.646708,0.135287,0.346470,0.219730,-0.029805,-2.545983,0.186154,-0.595299,2.520466,1.012869,37.08,0,GlobalSoft Ltd,Salary,
290122,1.995934,-0.339729,1.036410,-2.857938,-0.912123,1.015464,1.506477,1.464388,0.375178,0.570129,-0.632795,0.440916,0.282995,0.078181,1.848451,-0.275694,-1.768044,-0.254925,1.501211,-0.324675,1.143472,0.415184,-1.340332,1.826376,0.379592,0.733693,-0.512276,-0.314644,32.72,0,IGA,Food,
290316,1.436913,0.988478,0.433013,0.741379,-0.796812,0.575809,-0.163631,-1.330519,1.549607,-0.456514,-1.609187,-1.414728,-1.178109,1.339838,-1.945910,-0.866833,-0.384232,-0.655155,-0.722683,-2.067335,1.173807,-0.756486,-2.241875,-1.130951,1.171931,1.095035,-0.495828,0.746832,7.39,0,KFC,Food,
290494,1.248321,1.000369,0.862964,-0.434969,-1.226994,-0.446663,0.478058,-0.194487,1.500445,1.048061,-0.571916,-0.463613,0.504180,1.443833,-0.241683,-2.912691,-1.641358,-1.681323,0.612702,-0.214692,-0.244005,0.982632,0.324161,-0.578843,1.331915,-0.255513,-0.233492,2.828970,143.01,0,Translink,Travel,Card present
290631,-0.931065,0.290437,0.358851,0.505049,1.176709,-1.371262,-0.180363,-0.558398,-0.077259,0.481145,0.771251,1.469560,0.298020,1.167591,-0.046347,-0.279649,-0.823564,0.703369,1.730773,1.057999,1.809684,0.663542,-0.785762,0.679417,-0.081586,2.473855,-0.291291,-2.748219,30.00,0,Steam,Entertainment,
291023,-0.820220,-0.324187,-0.924083,-1.004020,0.335986,-0.287891,0.406118,-1.440541,2.456409,1.585222,-0.695697,0.114666,-1.765303,1.769077,-0.893592,0.981028,-1.707020,0.734766,-0.938439,0.373884,0.204819,-1.469530,-0.625284,0.459246,-3.098515,-0.463368,-0.143196,0.483107,47.15,0,Hoyts,Entertainment,Direct debit
291094,-0.213965,-1.134566,0.227697,0.181056,0.370318,-0.010477,1.206911,-0.825317,1.068266,0.451108,0.061108,0.915701,0.290284,1.717239,-0.320681,0.572157,-0.994714,0.500657,1.380812,-1.357522,1.263915,-0.088908,-0.037359,-0.686474,0.655586,0.031408,-0.549484,-1.106559,1021.38,1,Allianz,Insurance,
291277,-1.110022,-1.139420,0.573904,0.839730,-0.517185,0.954722,0.173737,0.030233,-2.621680,-0.781468,-1.568923,-1.884061,-0.698589,-1.212049,-0.648274,1.259182,-0.592851,-0.543639,0.893867,-1.552891,-1.272208,-0.427019,0.168061,0.757637,1.452952,-2.057009,-0.450533,2.222200,88.57,0,Aldi,Food,
291292,-0.089181,-0.070336,1.384626,-0.672400,1.330443,-0.691662,-2.060581,-0.119784,0.823412,0.321691,-1.270580,-2.422369,0.299536,0.324437,-1.874458,-0.013712,0.573632,-0.159554,1.503282,-0.390597,2.161585,-0.618695,0.369011,-0.141340,-0.992678,0.962685,-0.616452,-0.971065,19.79,0,Bunnings,Other,Online purchase
291310,0.714219,4.133413,1.192854,0.395150,0.808235,-0.961296,-0.982103,1.315284,-0.503752,0.495458,1.770990,0.162124,-0.836010,0.515821,0.462678,-0.302277,-0.114410,0.834615,0.613707,-0.722370,0.231204,0.335931,-0.762161,0.552414,0.103229,-1.572054,-0.199788,-1.385998,5.74,0,Woolworths,Food,POS terminal
291386,0.864826,1.153863,1.159991,-0.441673,0.228405,0.970140,1.551253,1.082659,-0.226021,-1.829779,-0.532717,-0.075408,-0.377864,0.959749,-0.809170,-0.945384,0.736341,-0.186152,-0.573603,0.266755,-0.972406,2.737851,-1.535823,0.324875,-0.308080,0.451959,0.092284,-0.431589,74.78,0,Big W,Other,
291553,-1.819236,0.719260,0.791652,1.120123,1.002042,0.212817,-0.767190,0.609522,0.431244,0.492768,1.094441,2.072576,0.717760,-1.315590,-1.365590,-0.074422,0.706374,0.319993,-0.873842,0.470184,-0.020288,-1.848430,-0.417503,2.072485,-0.154306,-0.203105,-1.956585,-0.605561,45.67,0,PlayStation Network,Entertainment,
291577,-0.754206,-0.472269,-0.270646,-0.110033,-0.310595,0.114459,-2.107043,-0.960551,-0.576934,1.669626,1.133766,-2.184924,0.218209,-1.342545,-0.536566,1.111782,0.585579,-1.067065,0.612503,-1.025002,1.307863,-1.858006,-1.048990,-0.494749,0.774696,-0.798928,0.312855,-0.307935,34.09,0,Aldi,Food,Online purchase
291628,-0.585493,-1.421416,-1.149827,-0.154305,-0.037014,1.218532,0.491138,0.343063,2.048476,-0.961227,0.786643,-0.781313,0.369469,-1.613784,1.149902,0.712412,1.299992,-0.139871,1.379013,1.270156,-0.232634,-1.535283,-0.111309,0.372982,0.602322,-0.281110,-0.499152,-1.496746,3.65,0,KFC,Food,Direct debit
291869,2.050201,-0.069083,1.326401,-0.395824,1.244664,-1.028766,-1.652927,0.037904,0.119367,0.650713,0.106779,-1.550058,1.058955,0.032242,1.992507,0.332423,0.883266,0.133230,-0.441477,0.501417,-0.499303,0.121695,1.544055,-0.352173,0.170300,1.483362,0.275323,-0.258745,29.23,0,Origin Energy,Utilities,Direct debit
292139,-0.946440,0.369789,1.356602,0.128196,-0.169725,-2.127577,-0.634267,-0.495566,0.956887,-1.065726,0.928822,1.320103,0.579947,0.548902,0.742977,-0.334521,-0.955869,0.031427,-0.792394,0.445768,-0.156329,0.827946,-1.060459,-0.758992,0.549017,-0.814647,0.103307,-0.786029,54.15,0,Aldi,Food,
292694,0.347821,-1.339938,0.529798,0.668062,-0.784432,0.089720,-1.187513,1.657658,-1.018769,-0.220410,-0.017308,0.223042,-0.262679,-0.256640,-0.212242,-1.387325,-0.283021,0.991561,1.248370,-0.581560,-0.857115,0.883905,-0.959158,0.529541,-1.804632,-0.819713,1.091675,0.140190,99.51,0,Starbucks,Food,
292924,-1.581996,-0.997631,0.220403,-0.004964,0.983367,-0.484440,0.234245,0.998840,0.090684,0.101206,0.460780,0.048368,-0.189016,1.719234,-0.367168,0.219684,-1.465933,-0.640488,-0.155135,0.928765,-0.476977,0.938867,-0.338286,0.556588,-0.170890,0.084431,0.664012,-0.338470,9.58,0,Booking.com,Travel,Recurring subscription
293129,1.054438,0.823912,1.857700,-0.637871,0.093114,0.791825,0.686141,-0.783173,-0.306258,0.689517,-0.433184,-0.053219,-1.082580,-0.278348,-0.395656,-0.570763,-0.282149,1.145837,-0.307376,-2.092702,0.956783,-1.171321,-0.604524,-1.361279,0.152805,-0.244626,-0.396495,-0.516794,25.05,0,Starbucks,Food,
293682,-1.295656,-0.140383,0.861463,0.500091,0.897004,-0.321359,0.113407,-0.241984,-1.770804,1.201118,0.768953,0.487894,-0.765637,0.812030,0.452455,-0.671844,-2.771981,0.584863,2.143201,-0.441376,0.172531,-0.196568,0.123585,1.851549,1.752687,-1.948006,1.032780,0.725294,40.92,0,Kmart,Other,
293761,0.543982,0.940004,-1.069932,1.068516,0.035499,0.223286,0.511084,1.593838,1.436948,0.601093,-1.446707,-0.027205,1.172169,-1.396323,-1.499878,0.553188,-0.293084,-1.251177,-1.568751,-0.216449,1.344526,0.681931,0.762195,-0.022111,1.107657,0.230388,-0.409339,-1.954743,10.66,0,Grill'd,Food,
294235,0.194452,0.675776,-0.019601,2.414691,-1.184825,-0.774979,0.774766,0.498467,-1.420831,-0.855230,-0.185982,-0.301418,-0.351476,0.356637,-1.066110,1.265667,0.131540,-1.587581,-0.987660,0.157916,-0.879389,1.281786,-0.959634,0.068314,0.627343,0.192049,-2.259137,1.910095,1093.66,0,Guzman y Gomez,Food,Membership fee
294284,0.065716,0.826419,1.354461,-0.362597,-0.185400,0.363504,-0.619961,0.895267,0.043846,0.676900,-1.296353,0.224715,-1.117170,-1.238051,0.480834,0.155223,0.777701,-0.058622,0.599994,-1.163695,-0.439143,-0.492100,-0.259693,-0.309440,-0.505225,-0.102357,0.534519,-0.924056,16.95,0,Qantas,Travel,Card present
294317,-0.380717,1.470389,-0.733977,-0.409783,0.005760,0.632429,-0.095946,0.313046,-0.443519,1.863614,1.091952,-0.298281,0.201400,0.460075,0.253302,0.018446,0.285817,1.575834,0.701775,0.332218,-0.376485,-1.430961,2.035052,-0.585547,0.715977,-0.750807,-0.105675,-0.033988,17.67,0,Origin Energy,Utilities,
294528,-0.440966,0.245627,-0.100345,0.945162,-0.233477,1.125958,0.415743,-0.440776,0.263414,-1.072792,-0.060753,0.299214,0.065266,-1.087893,0.036414,0.396035,-1.550353,-0.779251,0.090581,1.165006,-0.914548,-0.327361,1.640889,0.218791,-0.154479,-0.658374,-1.134244,0.350739,34.68,0,eBay AU,Other,
294559,-0.926814,-1.508290,1.472012,0.391940,-1.125158,0.191268,-0.973599,-1.698012,1.120784,0.102939,-0.466104,2.081402,0.098717,0.478844,-0.818530,0.128287,-0.494487,0.064468,0.086173,-0.377939,0.702513,-1.247408,1.024058,0.522662,1.248889,0.338905,-0.091054,0.737118,19.95,0,Grill'd,Food,
294608,-0.018911,0.752480,2.296736,0.336834,-0.307368,-0.025471,1.797359,1.599114,-0.367340,0.298015,1.300540,-1.513871,1.515501,2.319003,-1.937764,1.018552,0.792562,-1.727734,-1.021802,0.200652,0.053170,0.319313,-0.299116,-1.816445,1.159548,0.505587,0.040134,1.160591,4.75,0,Hungry Jack's,Food,Membership fee
294669,-0.438683,-0.690908,-0.651866,0.267639,0.933940,-1.094498,1.381664,-1.147759,1.199951,-0.306176,-0.361498,0.514251,0.869703,2.310311,0.813457,1.107653,0.987561,0.011687,0.840780,0.170612,-1.149299,2.219454,0.050413,-0.483555,-0.538787,-1.282319,-0.264295,1.839037,46.77,0,Aldi,Food,
294694,0.799853,1.857253,-0.421109,-0.191674,-0.651197,-0.000166,-0.610321,0.267068,-0.630780,0.697080,1.625417,-0.644379,0.836862,0.321929,-0.575375,2.064458,0.686953,1.731173,-1.096941,0.452833,0.526792,1.355883,-0.569499,0.350489,1.014936,0.716051,-0.232005,-0.663940,20.61,0,AGL Energy,Utilities,Direct debit
294838,0.583431,-1.644493,-0.474011,0.952697,0.230842,0.962214,-0.123511,0.464063,-0.435041,0.975129,-0.959143,-0.138923,-0.124973,0.831229,0.317946,0.861163,0.756112,0.680198,-0.258208,-0.775616,1.087953,-0.698688,0.067104,-0.127565,-0.112322,-0.202017,0.072959,0.006963,2.02,0,Aldi,Food,In-store payment
295331,-0.109201,0.617336,-0.856585,0.202502,-0.638677,0.719819,0.060267,-0.616822,1.772619,1.077007,-1.049705,0.299500,-1.361713,1.659531,1.222962,0.585916,-0.296188,-0.062818,0.269647,0.638993,-0.752306,-1.030881,0.834052,0.228524,-1.369818,1.144820,0.197855,0.202029,17.04,0,Allianz,Insurance,
295335,-1.187471,-1.015362,-2.180408,-0.984213,-0.143014,-1.386763,0.609672,-0.559348,-0.314461,-0.669805,0.110696,0.397144,-0.699877,-0.532316,2.038958,1.213498,-1.634095,0.651415,1.315079,0.699841,-0.213022,1.918755,0.007288,-0.023579,0.709829,-0.958902,-2.559259,0.966742,3.46,0,KFC,Food,
295338,-0.140072,-0.824775,0.568877,-0.603182,0.781279,-2.230811,0.188318,0.583391,1.009234,-0.863781,0.425215,-0.610959,-1.475437,1.185307,-0.619101,-0.659223,0.354477,-1.528981,-1.540918,-0.151188,1.610546,0.489201,0.874309,0.256101,-0.478208,-0.413901,1.519849,0.597780,5.50,0,Steam,Entertainment,
295473,0.744414,0.720054,-1.608465,-0.527051,1.057623,-0.876865,0.016140,1.000846,-0.458604,0.655445,-0.874805,1.240343,-0.313450,0.348955,0.738732,2.027965,0.466684,0.329794,-0.851101,-0.198958,-1.194271,-0.144467,-1.224445,-0.361335,-2.223237,0.320362,1.796813,0.560244,56.51,0,Domino's Pizza,Food,
295662,0.077369,-0.776050,-0.533922,-0.254029,-0.415122,1.857721,0.440747,0.810556,-0.811921,0.556518,-0.922717,0.745129,-1.256468,0.234955,1.496234,-0.267643,-0.416129,0.999664,2.370374,-1.149945,-0.101795,0.256774,0.070637,0.274840,-0.354012,-1.129123,1.473457,1.073308,7.20,0,Virgin Australia,Travel,POS terminal
296007,0.430281,-1.129447,0.163504,0.288980,0.810843,0.763470,-1.316731,0.563568,0.086820,-1.078482,0.320737,0.359920,0.037269,1.632001,0.495694,-0.708486,-0.291195,1.270238,1.919956,-1.035206,-0.190912,0.081668,-0.894815,-0.388903,0.758084,-1.205714,-1.956984,-0.588491,22.21,0,Bupa,Insurance,POS terminal
296120,-1.437666,-0.170870,-0.268827,-1.000983,-0.179776,-0.869835,-0.161120,0.463377,-0.251205,-0.713375,-0.217906,0.606961,0.644758,-0.714717,-0.928522,1.038120,-0.890817,-0.077320,0.364369,-1.173425,-0.490557,0.328292,1.399453,-1.438895,-0.001975,-0.577506,-0.500755,1.682236,79.32,0,Airbnb,Travel,Card present
296629,-0.666831,-1.563851,-0.333025,-1.274975,1.519593,-0.455619,-0.207752,-0.008998,-0.342895,-0.665012,-0.310869,-2.251660,0.923729,0.558704,1.565766,1.446152,0.330975,1.808445,0.468027,-1.347068,0.618506,-0.029050,-0.224060,1.075010,1.595270,0.413316,1.727082,1.220394,32.75,0,Shell,Travel,
297188,-1.888759,0.303053,-0.426479,0.377226,0.141032,-0.000008,-0.745185,1.882257,-0.619338,-0.262837,0.646720,0.080555,0.345548,-1.235545,1.508714,0.234305,0.181930,1.605434,-0.996413,1.498097,0.887114,0.414566,-0.194476,-1.533202,0.276857,-1.232379,-0.161934,0.001568,0.94,0,EnergyAustralia,Utilities,Membership fee
297960,-1.045476,-0.285480,0.401619,0.105333,1.216772,-0.091069,-0.846260,0.746395,-1.475761,-0.173548,-0.262037,1.213219,1.795277,0.835662,1.290717,1.014939,0.095567,-0.847187,-2.080021,1.221982,-0.083804,-0.380703,-0.413280,-1.068726,-0.366262,-1.098882,-0.793157,-0.201118,42.78,0,Officeworks,Other,
297961,-0.521524,-0.015682,-0.386746,0.424746,-1.834899,1.194072,-1.475578,-1.226712,0.653295,-1.046335,0.031072,1.561941,-0.289952,1.181252,-0.193287,0.432140,0.335844,0.021410,1.192624,-0.399387,0.362238,-1.465129,-0.797604,-0.434357,0.235324,0.335266,0.151292,0.353614,15.17,0,Hungry Jack's,Food,
297998,-0.201657,-0.250771,0.279364,1.069133,0.158401,-0.873014,0.642286,-0.383151,0.537420,-0.236490,-0.175343,-1.134328,-0.143602,-1.185983,-1.509372,-0.526058,-0.958638,-0.028624,0.714879,1.461299,-2.290403,0.216035,-1.338472,-0.338039,0.086967,0.640315,0.421646,1.473343,4.27,0,Vodafone,Utilities,
298046,0.753011,0.807766,0.834045,1.072938,0.946737,-1.624222,-1.429284,0.472558,-0.308123,0.971861,-0.788978,-1.018463,0.362364,0.306778,-0.807981,1.669775,0.923064,-1.248404,1.207084,-1.553803,0.981802,0.147368,-0.632237,1.000827,2.142633,1.534046,1.588398,-0.341731,76.88,0,Priceline,Other,
298147,0.986735,0.688741,-2.116077,-0.912136,1.597449,0.982575,-2.154284,-0.670280,1.340580,0.504775,-1.611590,-0.468861,-0.191538,-1.105993,0.266615,-0.388757,1.398612,-0.044406,-0.815459,-0.467473,0.313503,1.670220,0.953269,-0.452588,1.714128,-0.891170,-1.000833,1.225830,12.65,0,Translink,Travel,Direct debit
298502,-0.708515,-0.193479,0.127841,0.911346,-1.817117,0.340849,1.079322,-0.929699,1.446482,-0.985000,0.170269,-0.771596,-0.319389,-0.208182,-1.745610,0.348011,0.655963,1.778646,1.399818,-1.085172,1.181294,-0.166853,-0.682645,0.836548,0.464516,0.300949,-0.563934,-0.086280,180.45,0,CommSec,Investment,
298832,0.753089,1.619211,1.293916,-1.875114,0.899984,-0.607696,1.959949,0.806990,-0.237845,1.153357,-0.117164,1.122137,-0.584026,0.606053,0.440670,-0.526703,1.122471,0.079009,0.115135,-0.078198,1.352052,-0.898085,0.686148,-1.193720,1.550374,0.363542,0.937397,0.052107,43.57,0,Airbnb,Travel,
298864,-0.960493,-1.937093,-0.590181,0.696591,-1.267443,0.415669,1.016615,1.333376,1.015952,-0.631733,-0.431687,-1.086773,-0.215203,-0.575228,-0.343542,0.036354,0.097349,-0.083547,-0.693877,-1.958248,0.775517,0.773404,1.057343,0.981646,-1.086722,-0.138122,-0.099657,-0.886814,9.90,0,Amazon AU,Other,
298986,1.056800,0.335886,-0.259183,-0.032174,-2.458436,-0.399692,-1.038569,-1.941289,-1.209741,-0.854093,-0.375894,-0.375278,0.646033,0.884597,-0.897131,-1.482827,1.261113,0.502439,0.918037,0.118668,-0.405754,-0.666305,-0.494472,0.512017,-0.440722,-0.561908,-0.871623,-0.580089,45.96,0,Uber,Travel,
299022,-1.070915,0.513292,0.404731,-0.488500,-0.708776,-0.228549,-0.713260,1.683184,-0.235055,-1.038928,0.393683,-0.129926,0.104186,0.102618,-1.297363,0.126086,2.583147,-0.748220,0.682428,-0.271086,-3.084110,0.672591,0.215594,-1.114159,0.411457,-0.582047,-0.717356,2.147207,15.36,0,Woolworths,Food,
299450,0.208180,0.364164,-0.072501,0.306687,-0.899463,-0.734731,0.642032,0.998868,-1.109430,0.144616,-2.207645,-0.517423,1.353339,-0.362723,-0.595776,-1.476674,0.044874,-0.494841,-1.485034,0.214003,0.926541,-0.895828,-1.386563,-1.423502,-1.413292,-1.262751,-0.534944,-0.770364,34.03,0,Ticketmaster,Entertainment,
299620,-0.876570,0.212787,0.574748,0.233205,0.284364,0.680699,0.986749,1.038594,-1.012968,-1.199891,-2.105766,0.402634,-0.636557,0.844778,1.320683,1.095436,0.851304,0.940920,-1.315372,0.287984,0.077096,0.016880,0.639269,1.405933,0.721216,-1.573511,-0.180761,0.598372,4.97,0,Event Cinemas,Entertainment,
299658,0.248943,-0.196930,1.476393,-0.992883,-0.841508,-0.677618,-1.502930,0.551612,-0.854844,-0.892219,3.019810,0.350563,1.801441,0.826231,-1.650811,-0.910409,1.682508,1.052064,0.407292,-0.532601,-0.668665,-1.008722,0.516815,0.529164,0.308824,0.302606,-0.427256,0.022200,3.74,0,Priceline,Other,Online purchase
299671,-1.198842,0.300820,-0.205492,-0.443067,-0.339303,0.229907,-1.174138,-0.999638,-0.052411,1.904288,-0.086733,-0.401107,-2.018981,0.043964,-1.059169,-0.883311,1.613657,2.080406,-0.358756,-0.370570,0.842045,-1.889605,0.185272,-1.647162,1.893111,0.286816,-1.449022,-0.470844,9.64,0,Uber,Travel,
299885,-0.654728,0.803263,0.618046,-1.323700,-0.659859,0.752802,0.084423,-0.823641,1.463426,-1.967832,-0.010301,0.740912,0.873333,0.582303,1.566121,0.891962,-0.103023,-0.692810,-0.246635,-0.009360,0.148238,0.456757,-0.297064,0.440830,0.720959,-2.044639,1.212656,1.173399,29.39,0,CommSec,Investment,Recurring subscription
300145,0.276868,0.003041,1.150378,0.504901,-0.032898,1.063140,-0.912218,1.860874,-1.132090,0.619082,-0.859457,-0.835437,1.068550,-0.183216,0.999088,1.228811,-0.890206,1.746643,-0.487381,-0.298315,-1.112015,-0.221814,0.084728,-0.953404,-0.485673,-0.951271,0.630630,1.579166,28.55,0,Netflix,Entertainment,
300358,1.048450,0.768886,0.136781,-2.119041,-1.119381,-0.196238,-0.203833,-1.336573,1.572350,0.360865,-0.293888,-2.192506,-1.826688,-0.281858,1.124570,1.586098,-0.297698,-0.646258,-1.096266,0.024720,1.762885,-2.097898,0.329865,0.026091,-0.964667,-0.014411,-0.486351,0.139394,86.32,0,Hertz,Travel,
300380,1.202877,-0.445185,0.836252,0.553075,2.467401,-0.942786,-0.929405,0.279089,0.804872,-0.270057,-1.146629,1.626757,1.392665,1.824520,0.714552,-0.848551,0.651766,-0.376507,-0.909729,-0.372742,-0.381333,0.356868,1.211735,0.143489,-1.612932,0.436034,2.852670,0.113414,4.67,0,Northwind Industries,Salary,
300539,0.164575,0.157881,0.127816,-0.370570,-1.207205,0.678597,0.646111,2.294404,-3.017779,-0.463202,0.322289,-0.584440,-1.008817,-1.387514,-0.864951,-0.774941,-1.649879,-1.358545,-1.064786,-2.162931,-0.860769,-2.830956,0.470761,-1.110021,0.427995,-2.394132,-0.508054,-0.486958,16.53,0,NRMA Insurance,Insurance,
300552,-1.060859,-2.120422,0.822853,0.450661,-0.600947,-1.189678,0.441041,-0.800383,-0.384057,0.641729,-1.292054,0.172876,0.542788,0.251864,-0.154125,-1.252338,-0.108567,-0.203603,-0.048976,1.369073,-0.203272,-0.658244,0.241159,1.407608,-0.352352,0.946898,-0.054296,0.531956,11.42,0,Airbnb,Travel,
301848,1.618483,0.443141,-0.469352,1.070575,-1.451565,0.085155,0.277584,-0.125489,0.830481,-0.852593,-0.508192,-0.575173,0.643016,0.609721,-0.762023,1.361087,1.397100,-0.508720,0.932904,1.774714,-1.320601,-1.373321,-0.611218,-0.546756,-1.162220,0.188164,-0.248913,1.661006,106.06,0,Hungry Jack's,Food,
301894,-0.689847,0.646774,0.554550,0.911878,-0.615711,0.418333,-1.743200,-0.900204,0.316920,0.220671,0.917843,0.396014,-0.093340,0.258065,-2.241243,-0.882304,0.527264,1.020655,-1.312876,2.025280,-0.444802,1.413640,-0.033910,-1.320717,1.410090,1.894393,-0.159423,-0.761415,12.76,0,KFC,Food,
302328,2.006733,0.411471,0.213750,-0.256112,1.200610,-0.661857,0.745976,-0.031315,-1.321480,0.909652,-0.347163,0.897473,1.541901,1.048552,-0.837795,0.226790,0.540991,-0.381159,-1.054353,-1.534199,-1.535925,0.136988,-0.172006,1.008499,1.334976,1.557950,0.139565,0.370893,22.04,0,Spaceship Voyager,Investment,Tap to pay
302450,1.770803,-0.038456,-0.579824,1.896213,-2.174252,0.438105,-0.274987,-0.639697,0.182746,-0.799678,0.399453,-1.651396,-1.154124,-0.292586,1.173199,-0.181932,-0.925343,-0.812259,0.866257,1.190756,0.656306,0.308116,0.392068,-0.582071,0.157254,-0.300157,2.348984,-1.269410,7.62,0,Steam,Entertainment,
302601,0.606193,-1.712176,0.688198,-0.071972,0.027276,-0.459510,-0.991057,-0.133439,2.207513,-0.708869,-0.456087,-0.295200,-1.184997,1.634011,-0.149368,1.819579,1.426600,0.594731,1.839124,0.451841,1.956176,0.111373,-1.193832,-0.676650,-0.138339,0.498313,-1.083890,-0.307875,6.30,0,GlobalSoft Ltd,Salary,Auto-renewal
302672,-0.151688,-0.229596,0.444295,-0.684742,-0.338886,0.891013,0.477195,1.335638,0.484465,0.051788,-0.344718,0.294177,0.522432,-0.759025,-2.089740,0.415323,-0.098565,0.821076,0.484130,0.492362,-0.809207,1.543317,-0.853796,-0.692674,-0.691069,-0.906242,0.628703,-0.051458,70.29,0,Coles,Food,POS terminal
302833,-1.240226,-1.566074,-0.394812,-1.153509,-0.763661,0.069369,0.518558,0.795427,1.354563,0.299273,-0.109591,-0.157566,0.651711,1.340129,0.136786,-0.756310,-0.239825,-0.242524,-0.236659,-2.166223,2.384538,0.260714,0.382815,-0.194324,-0.752765,-0.041303,-0.460168,0.543205,12.01,0,Guzman y Gomez,Food,Tap to pay
302848,1.028600,1.244244,-0.201007,0.742208,-1.096106,2.702471,-0.124482,-1.201560,-0.029705,0.912707,0.953734,0.611100,1.469638,-0.207622,0.961797,-2.642111,-1.523315,-0.950448,-1.135026,-1.002262,0.940955,0.660216,0.952391,0.012088,-1.824520,-1.849556,-0.722709,-0.354152,17.44,0,Coles,Food,
302862,-2.142454,-3.809885,1.301538,1.195998,-0.046902,-0.043363,0.417155,0.063993,0.511421,0.502152,-0.463498,0.242469,-0.333959,-0.203016,-1.942593,1.189329,0.043888,-0.270801,-1.871820,0.093691,0.627447,0.658103,0.354578,-0.536826,0.454159,-0.494796,-0.752467,-0.221322,9.38,0,Subway,Food,In-store payment
302877,0.305836,-1.147770,-0.922009,1.743015,-0.404541,0.813679,1.337223,0.622573,0.285685,2.439068,2.422119,-0.041288,-0.937907,0.116105,0.026861,1.111597,-0.114046,1.852653,1.615332,-0.514851,0.038288,0.513818,-1.138160,1.106481,0.412614,-2.268333,-0.212046,-1.582452,57.44,0,Medibank,Insurance,POS terminal
303048,-1.184684,-1.527744,-1.225843,1.592822,-0.862852,-0.679979,-0.765874,1.400337,0.515088,-1.517349,0.187987,0.073162,1.244545,0.308878,0.069851,2.053452,0.895614,1.262742,-0.776425,0.508135,-1.141304,0.799088,0.473163,-1.132929,-1.522343,1.641257,-0.287783,0.348229,4.55,0,Shell,Travel,
303194,-1.149106,-0.151840,-1.569959,-0.186359,-0.277580,-0.939628,1.015361,2.114124,1.685018,-1.362780,-0.485026,0.458074,1.559729,0.641204,0.641350,0.208191,-0.661821,-0.131014,0.439962,-1.154492,1.030057,0.081395,0.771119,1.173002,-0.751135,0.233480,0.172504,0.755842,11.57,0,Hertz,Travel,
303339,-0.054043,0.282080,0.751249,-1.611173,-0.630343,0.358851,-0.339161,-0.112988,-1.453413,-1.458687,0.102002,-0.257316,0.754556,-1.161822,-1.623451,1.390746,-1.766526,0.682722,-1.340560,1.492616,-1.620135,-1.625337,-1.069773,-1.125825,-0.483890,0.648198,0.241039,-0.726683,39.27,0,Kmart,Other,
303400,0.377746,1.101468,-0.519186,-0.038528,0.131590,-1.336035,-1.411682,-0.823908,-1.275641,1.483538,-0.447021,-1.524298,-0.395708,0.937647,-1.694882,0.072766,0.145491,0.624567,0.892005,-0.068725,-2.201579,-0.827549,-0.108050,0.556339,0.392875,0.393920,-0.489773,0.012487,38.41,0,RentPay AU,Rent,
303839,-0.959787,-2.014126,1.285645,-0.623908,-0.070538,0.085639,-0.385666,0.950445,1.893230,-1.148999,-1.606227,-1.564177,-0.699404,0.213561,-0.978935,1.318071,-2.164140,-0.796638,1.180205,1.012219,-0.873708,-2.828153,0.215297,0.562102,0.016552,0.802272,0.378136,-0.820984,3.29,0,IGA,Food,Auto-renewal
304207,-1.291592,0.300203,-0.561402,0.915235,-1.041739,0.363330,-0.570373,0.166967,-0.016559,0.867294,0.416650,-0.854276,0.635108,-0.209982,-1.166653,-0.703992,-0.586218,1.244707,0.212225,-0.987805,-0.195357,0.581695,0.724394,-0.517565,-0.161705,-1.373558,0.771040,-0.531056,14.81,0,Starbucks,Food,Card present
304254,0.754905,0.512532,1.436950,-0.203166,1.431294,0.756799,0.212696,-0.855487,0.021682,-0.102093,-0.317489,-0.670415,0.201576,1.558940,0.255710,0.851551,0.472450,0.662961,-1.059218,-0.650260,-1.564357,0.728719,2.021944,-0.090754,-1.034998,0.690650,0.388071,-1.034965,90.46,0,McDonald's,Food,Tap to pay
304691,-0.909616,1.188582,1.427890,0.155316,1.617694,1.399265,-0.241765,-0.108346,-0.680674,-1.426199,1.978447,1.135514,-0.050270,-1.437768,1.633174,0.605774,1.858986,-0.529730,-0.350535,0.486101,2.824285,-0.389843,1.401216,-0.303844,-0.131575,0.046604,-1.122767,1.149049,8.98,0,Hertz,Travel,POS terminal
304700,0.326124,-0.484930,-0.611213,0.251678,0.307488,0.918384,0.765600,-1.048215,1.458244,-0.074100,-1.661618,-0.365704,0.724672,-0.998064,-0.921692,-0.846994,0.698919,-0.945745,-1.592405,-0.552366,-0.541551,-0.026133,-0.599452,0.591133,0.867254,1.010112,0.401270,-0.218124,18.23,0,Coles,Food,Tap to pay
304718,-0.865131,-2.377591,2.005455,1.050533,0.661811,0.582024,0.135835,-0.046360,2.044867,-0.295424,-0.304802,1.359178,1.001149,0.132007,-0.238330,-0.726370,-0.589658,-0.330245,0.492856,-0.312685,0.420446,0.993323,1.252485,-0.206108,-0.260936,0.260884,-1.061535,-0.280481,17.03,0,Origin Energy,Utilities,
304739,0.485910,-0.456931,-2.852742,-0.358584,-0.726237,0.583989,-0.028307,-0.883354,0.767513,-0.786728,1.405884,1.512348,-0.804885,0.599293,0.603179,0.719603,1.602723,-1.917735,0.232485,1.176464,-1.063380,0.024708,0.688995,-0.405558,0.726356,-2.075360,-0.833952,-0.201114,23.00,0,Disney+,Entertainment,Card present
304800,0.278898,-2.080730,-0.142622,0.739927,0.689814,0.211917,0.771976,0.882848,-0.253202,0.662887,-0.480681,0.288684,-0.723481,-0.282733,-0.378382,-0.576364,1.369939,0.004118,1.175964,-1.270990,0.491070,-0.888016,0.284214,0.696956,-0.361474,-0.622828,0.037603,0.144903,26.26,0,GlobalSoft Ltd,Salary,
304818,-0.232281,1.419908,0.980739,0.295030,-0.819789,1.086670,1.799923,1.235397,0.381286,-1.370828,-0.526391,-0.347641,0.852185,-0.736914,-1.507835,-0.384843,2.857517,0.121941,-0.618928,1.005726,0.456093,-0.727191,-0.309724,0.292738,-0.896688,-1.201670,0.267518,-0.053140,7.31,0,McDonald's,Food,
305030,-0.156938,0.706098,-0.188028,2.617042,-0.760601,-1.048421,-0.916424,0.251719,-1.987522,0.924520,0.029076,0.052123,0.930933,-0.923735,0.626420,-0.075389,-0.539067,-0.186857,-0.068237,-0.439817,0.181703,-0.788556,0.374775,-0.018233,-0.192247,0.440500,-1.454195,-0.462967,23.95,0,Grill'd,Food,
305055,-0.349844,0.977646,-1.451973,0.345391,-0.245095,0.537079,1.225662,2.110179,-0.187647,0.233681,0.921405,-2.013310,-0.575306,-0.335456,-0.160324,-0.601316,-0.673334,0.103210,-1.208109,0.089752,0.070494,1.302736,-1.531616,1.215860,0.917246,1.280218,1.084846,0.431576,118.23,0,Origin Energy,Utilities,Card present
305230,-0.751775,0.129751,2.183646,-1.364612,0.442328,-0.979328,0.697962,-0.605791,0.110877,0.462387,-0.182392,-0.666457,-1.915102,-0.034876,0.259989,1.014188,-0.162599,1.709927,0.122608,0.946986,-1.464974,-0.210936,0.059472,-0.150590,-1.011239,-0.172572,-0.260818,2.535210,4.94,0,BP Service Station,Travel,
305373,-0.236538,-0.178969,-1.095293,0.949611,0.009525,1.264793,1.761513,-0.362569,0.713623,-0.426564,-1.096699,-0.765656,-0.058794,0.548418,-0.424101,0.548982,-0.252060,0.019084,0.715899,1.015051,0.723227,-1.458437,1.254985,1.319485,-0.988403,0.564252,-0.518814,-0.577985,4.61,0,Translink,Travel,
305682,0.059191,1.708429,-1.056025,0.289722,-1.417545,-0.393060,0.504185,0.690533,-0.913759,-1.097980,-2.657001,-0.799381,-1.229556,0.525438,0.148084,-0.156552,0.775468,-0.723808,0.010604,0.748771,1.251793,1.048157,0.624758,0.311553,1.330520,-2.544306,-1.615881,-0.320778,38.92,0,Coles,Food,
305812,0.983672,1.612283,-1.150785,-1.654585,0.196709,-0.220488,-0.685936,-1.076958,1.163471,-1.802167,0.365529,-0.652976,2.261368,1.020323,0.054522,0.250064,0.003558,-0.814023,0.510739,-1.058399,-0.040596,0.029107,0.610605,-0.331897,0.481124,-0.180828,0.316519,-0.019133,28.85,0,Origin Energy,Utilities,Online purchase
305946,-0.751785,0.608198,1.941753,-1.031607,-2.026904,-1.407188,-2.957597,1.015293,-1.790408,0.794890,-0.627679,0.444980,0.667431,0.813324,-0.511367,1.144402,2.301501,-0.014418,-0.850708,1.034585,1.442463,-0.130978,-0.108093,0.091543,0.288901,0.910894,-1.206091,-0.611257,24.22,0,Aldi,Food,
306026,0.808552,-0.130327,-0.047619,0.886108,0.653346,0.872328,1.997600,0.500133,0.517839,-1.335879,1.972862,-0.122070,1.041884,1.924063,0.244733,0.158665,-0.689957,0.656827,0.190595,0.803873,1.401833,-0.176254,-0.900095,-0.532904,0.490405,1.213446,-0.117016,-0.704842,13.31,0,Telstra,Utilities,POS terminal
306048,0.600383,-1.532959,-0.424299,0.152725,0.024365,3.110320,-0.072003,0.018262,1.153722,0.706572,0.963858,0.553687,0.345237,-0.452444,-0.144865,-0.502448,1.298622,2.963103,-0.290257,0.272397,-1.169674,0.428648,-1.258745,1.050761,-1.142135,0.643543,-2.469517,-0.395091,1.00,1,Premium Goods Online,Other,Card not present
306115,1.379326,2.450080,-0.664966,0.149774,-1.201805,-0.853015,0.100748,-1.416256,-0.802950,0.305796,0.349099,-0.299570,-1.192992,0.318911,-0.503108,-0.577244,-0.708694,0.376105,-0.302026,0.207932,-0.289400,-0.888252,0.958465,-0.743687,-2.005055,1.049606,-0.080694,-1.853284,53.80,0,Guzman y Gomez,Food,
306118,-0.154111,0.679595,-0.354097,0.019268,0.673912,-0.588190,-0.876644,-0.906049,-1.344704,-0.155994,-0.477288,0.388360,-2.106261,-1.845157,-0.606186,-0.398293,0.337061,-0.587862,-0.646035,-0.794917,-0.423932,-1.022038,1.439392,-0.036173,0.270259,-1.642600,-0.458457,1.443587,18.77,0,Virgin Australia,Travel,POS terminal
306429,2.889707,-0.407170,1.733630,1.380353,-1.394310,1.225056,0.390544,-1.356084,0.344744,1.068562,0.825035,0.394006,0.431346,1.025319,1.702562,0.557677,-0.387187,-0.856458,-1.439886,-0.048574,0.814653,-0.047997,1.084017,0.519960,0.520127,-0.880857,0.474591,1.927849,33.75,0,Belle Property,Rent,POS terminal
306508,-0.088559,-1.112831,-0.491600,0.765171,-1.545335,2.709109,-0.012960,1.249802,0.675934,0.099864,-0.401640,-0.636370,0.529439,0.046908,-1.320582,0.152174,-0.401036,0.477401,0.657494,1.561087,0.905970,-0.653255,-0.221202,2.177260,-1.467412,-1.514068,-0.650893,0.255816,11.56,0,Event Cinemas,Entertainment,
306582,-0.608539,2.196586,-0.766065,-0.526709,-1.915523,-1.146103,0.114998,-1.191766,1.945115,1.041206,-0.596409,-1.524049,1.746299,0.789781,-0.372461,2.042817,1.243103,-0.548695,-0.255895,0.283742,1.259005,0.818821,-1.336111,-0.098440,1.508395,-0.150399,-0.009468,-1.317599,1.50,0,Amazon AU,Other,
306612,-0.617404,-0.766221,0.178771,0.064116,-0.340206,-1.186699,-0.774756,0.423834,-0.190776,-0.777124,-0.501547,-0.459290,-0.943231,0.485346,-0.763500,-1.785309,-0.662398,0.794730,-0.701809,-0.703350,0.208581,0.924239,1.249023,-0.270119,1.928456,1.036082,-1.106280,0.580865,7.97,0,Coles,Food,Recurring subscription
306824,-0.041387,0.153286,-2.076779,-0.022974,0.102135,1.444987,-1.054972,0.359338,-1.104829,0.670352,0.253411,0.614513,-0.582168,-0.844934,1.423288,-2.153161,-0.490960,-1.043286,-0.790441,0.402729,0.251697,0.216594,1.442067,-0.753730,-1.499260,0.651938,0.686739,1.272414,2.09,0,Allianz,Insurance,
307091,-0.243850,0.446469,0.442785,-0.768932,2.846295,0.420586,1.602151,-0.267794,-0.359965,0.564820,1.568554,2.148095,1.065079,-0.452364,-2.956987,-0.928742,-0.178283,1.650095,-0.962081,-1.649205,0.866978,0.146494,-0.646456,-0.051595,0.772043,0.610708,-0.553633,-1.375735,33.32,0,Bunnings,Other,
307144,1.081779,0.819143,-0.892329,-0.448883,0.217357,1.753650,-0.412523,0.156658,-0.673710,-0.513955,-0.532641,-0.512568,-0.170770,-0.825445,-0.066992,0.686806,-0.024350,0.622036,0.076839,-0.335907,-1.398324,-0.307814,0.483688,-0.619575,1.235144,1.610923,1.231479,-0.049766,38.84,0,Woolworths,Food,POS terminal
307167,1.375859,1.180792,0.752720,-0.480593,0.664286,-1.473679,-1.884835,0.897683,-0.293425,0.348631,0.882194,-0.534853,-1.883979,0.939854,-0.227736,0.583886,-0.341163,-1.066289,-0.386713,-1.776044,-0.746252,0.658696,-1.345208,1.077443,-0.795774,0.525688,0.704051,-0.139542,65.00,0,Chemist Warehouse,Other,
307245,0.948986,0.436940,0.232755,0.747522,-0.878155,0.072697,-0.527522,-0.085159,-1.157188,-0.167681,1.367976,0.825153,1.544424,0.384644,-0.142268,-0.794483,-0.560049,1.830767,-1.436465,-0.719515,0.277428,0.413752,-0.404199,-1.037676,1.191080,-0.108812,-0.278043,-0.566619,31.18,0,Priceline,Other,
307765,1.573271,-0.394598,0.287100,-0.664431,2.160601,0.177521,-0.702714,-1.372274,-0.704287,-0.565600,0.073953,0.515657,-0.784565,0.147559,-0.630498,-0.493395,0.536509,-0.297460,0.020786,-0.506110,1.158695,-1.734800,-0.293112,-1.113877,0.384138,0.085369,-2.571615,-0.172171,198.13,0,McDonald's,Food,
307784,-1.022157,-0.211098,-0.994019,-0.813109,0.623647,0.999725,0.490640,-0.040349,-1.251498,0.805899,1.122885,1.287075,-1.649980,-0.235722,0.059457,-0.282209,-0.688640,-0.756403,-0.253249,0.398040,0.279610,-1.293422,-0.076361,-0.547655,-1.654274,-0.134126,0.859394,0.839566,8.53,0,Kmart,Other,Direct debit
307976,0.970766,-0.413219,0.678625,-0.801310,-0.043702,0.324267,1.270577,-0.025177,0.745378,-0.396830,-1.610371,-0.328261,2.737855,-0.012289,2.064220,2.144512,0.011250,1.341899,-0.355860,1.447891,1.271070,0.268469,0.019247,1.213197,-0.642905,1.369572,1.772952,-1.268544,30.99,0,McDonald's,Food,Tap to pay
308465,0.640560,0.901163,-1.743213,-0.314456,-0.530716,1.092182,1.342395,-0.583797,0.734591,0.763194,0.234705,1.350948,-0.522318,0.288666,0.244394,-1.388673,0.818281,0.039379,-0.290496,-1.124944,-0.001728,1.356029,0.300633,0.133724,0.147832,0.681130,0.839845,-1.943543,78.12,0,Grill'd,Food,Card present
308526,0.977808,-1.168200,-1.055739,-0.083451,-1.150159,0.094716,0.900159,0.132099,-0.813553,0.933779,-0.267099,-0.429752,0.640695,1.301111,-0.818030,-0.149266,-0.446772,-2.240530,0.260145,1.824510,0.011513,-0.786940,0.473122,-1.462919,0.008305,0.277881,0.696127,-1.407322,8.86,0,Priceline,Other,Tap to pay
309056,1.391591,-0.076379,-2.375372,-0.067461,-0.237749,-1.177683,-0.121313,1.241876,0.202201,-1.237752,0.924530,-0.423245,-0.698806,0.361015,0.085443,-2.166175,0.055153,1.255762,-1.474363,-0.040203,-1.764543,1.252246,-1.475127,1.154509,-0.916436,0.345404,1.060420,0.939764,9.57,0,Chemist Warehouse,Other,
309341,-0.671112,0.869417,1.456533,-0.622466,0.508597,0.727726,1.520024,-0.905088,-0.670214,-3.475523,-0.123355,-4.251508,-0.451271,5.764958,-1.141515,-1.168430,4.181441,0.065104,3.034881,0.024027,-0.646416,1.033894,-0.527148,-0.865978,-1.048506,1.091581,-1.031280,-0.285566,484.40,1,,,
309496,1.272238,0.965167,-1.328562,0.595240,-1.703691,0.363619,0.541677,0.441652,0.537858,0.849347,-0.816992,-0.853324,-0.935414,0.015287,1.370326,-0.255705,0.027243,0.267864,-0.782366,1.259165,-1.087991,0.634999,-0.249384,0.068930,-0.270080,2.270504,-1.465243,0.552621,55.54,0,Sydney Trains,Travel,Card present
309898,0.082933,-0.728257,0.147056,0.011375,-0.470128,0.400533,-0.113927,-0.781715,-0.620736,1.057193,1.933157,-1.159650,0.468409,0.457659,1.155724,-0.621800,-0.813032,-1.319511,0.401842,0.540487,-1.140311,0.032543,1.704718,2.027622,-1.908666,-0.502653,0.676119,1.055271,29.89,0,Coles,Food,POS terminal
310209,-0.639817,-0.079107,-0.824050,1.705236,0.392757,-0.213656,0.176899,0.784577,-0.584755,-0.665622,-0.670435,-0.425890,-2.524364,-0.462888,-0.090945,0.231851,0.424394,-0.181745,-0.886294,1.452775,1.156643,0.422850,-0.874445,0.376195,0.367014,1.564524,0.826621,-0.453618,63.48,0,Airbnb,Travel,
310376,0.684483,0.686381,-0.792608,0.748322,-0.218479,0.693850,0.298255,1.175443,-0.427421,1.522356,1.336082,0.169598,-0.971522,0.309682,1.249045,0.773282,0.805483,-1.211255,1.390123,-1.156464,1.253871,-0.392223,-0.097974,-0.557461,0.441739,-0.001419,0.019404,0.644091,20.14,0,Origin Energy,Utilities,Auto-renewal
311032,-1.007229,-1.131614,0.115703,1.660287,-1.252730,-0.000149,0.399983,1.414621,-0.179418,-0.653723,0.099855,1.019506,-0.986344,0.750653,1.111292,-0.805024,1.907278,-0.612246,-0.216095,-0.115218,-0.412501,1.709504,-0.571955,1.146950,0.592811,0.552692,-1.191653,0.876892,6.03,0,PlayStation Network,Entertainment,
311038,1.165932,1.983243,-0.364791,-0.203696,0.475348,0.838735,1.362943,1.112486,0.980374,-0.123764,0.438225,-0.636588,0.209434,-0.130725,-0.038087,0.466037,-0.292842,-0.853013,0.075400,1.816250,-0.209264,-0.073042,0.668634,0.502706,0.309546,-1.078815,0.603279,0.269349,224.57,0,Amazon AU,Other,Online purchase
311148,-0.199579,-0.126438,0.111552,2.735048,-1.129002,-0.197624,1.154925,1.664620,-0.653828,0.010698,-0.068197,0.278975,-1.051343,-1.743133,-0.786201,-2.350941,-1.018601,0.801032,0.207525,-0.113505,0.375199,1.227620,1.359779,0.766262,-0.376082,0.495613,-1.482445,1.450431,18.03,0,CommSec,Investment,
311195,0.142216,-0.365427,0.505285,-0.416337,0.608065,0.750825,-0.863536,0.551448,0.895454,0.336188,-0.551925,0.091125,0.432359,-1.405076,0.693136,0.262200,1.078521,0.006428,-1.277806,1.067856,-1.659530,-0.794790,0.374290,-0.304607,-1.116390,1.687003,-0.200860,0.025840,5.34,0,Grill'd,Food,In-store payment
311351,1.614674,1.582776,-0.066913,1.616235,1.623559,-0.645384,-0.841895,-1.433478,-0.538740,-0.632525,-0.268451,0.678459,0.548667,-0.389024,-0.194792,1.103162,-0.435741,-0.211306,-0.575838,0.488518,0.217574,0.635469,-0.792636,-0.550875,-2.413123,-0.264062,-0.436913,1.014295,10.52,0,Booking.com,Travel,
311488,-1.252762,0.262373,-0.236095,-1.135521,0.837332,1.016057,-0.965573,-0.001700,0.366863,-0.175761,-1.031600,-1.569219,-0.304080,0.688067,-0.529921,-0.039440,-2.618137,-0.074309,0.415216,-1.098336,0.199047,-0.451502,-0.320992,-0.085992,-0.059362,0.883060,2.205637,-0.358818,45.12,0,Hungry Jack's,Food,Auto-renewal
311815,1.127156,0.572309,-1.827284,-0.590818,-0.100972,-0.903830,-0.648532,-0.497501,0.489759,0.098163,-0.411427,-0.478587,0.593073,-0.309158,0.780452,-0.377909,-0.924555,-0.180164,-0.048320,-1.583407,0.054236,-0.008089,0.483869,-0.096345,-1.126748,-0.805300,0.725640,1.110445,22.69,0,Netflix,Entertainment,
311819,-0.529846,-0.962867,2.182339,-0.175827,0.459203,1.239382,-0.786156,-2.716878,1.381074,0.719752,0.098970,-0.735684,-0.135632,-0.391226,0.100524,0.087556,0.701523,0.785045,-0.102602,-0.583071,-1.622605,0.148902,-0.691437,-0.965262,-0.307844,1.275690,0.447506,1.028060,29.49,0,Translink,Travel,Recurring subscription
311838,1.199597,0.412207,0.821785,0.521555,-1.261421,1.486867,-0.140439,0.156650,0.159608,-0.813159,-0.293321,1.351750,-0.114659,-1.090740,-0.475960,-1.561041,-0.398200,0.794716,-1.002846,0.703193,-0.821138,0.308494,-0.858577,2.663647,-0.483376,-1.113217,-0.185667,-0.565877,3.86,1,,,
312206,-1.562005,0.133743,-0.288210,0.029429,0.786301,-0.815708,-0.607721,0.421364,0.380557,1.019631,-1.694218,1.486921,1.301799,-1.170059,1.134836,0.099762,1.493333,1.633241,-0.507185,0.587000,0.298348,-0.838374,-0.303506,-1.362313,-0.750896,2.342674,0.226452,0.389085,6.06,0,Disney+,Entertainment,
312464,-0.445201,-0.345558,0.988871,-1.108317,1.725354,0.668194,-2.248662,-2.190102,0.993422,-0.060269,-0.940748,-1.409872,-1.119255,-1.510164,-0.191514,2.283537,-1.332912,-1.815522,1.254414,0.192599,0.125789,-0.540979,-0.688837,-0.204226,-0.760491,-1.582584,-0.402441,-0.906528,71.34,0,eBay AU,Other,Card present
312594,0.835648,-0.357401,-1.452092,1.331429,0.008518,0.688698,-1.148731,0.325472,0.032233,1.154229,0.155668,-0.589048,0.851005,0.166481,-0.486275,-1.468597,0.442295,1.019088,-0.525188,-0.383236,-0.359623,-0.479693,-0.639975,1.180362,0.559189,-1.706641,0.153082,-0.986352,20.56,0,Translink,Travel,Membership fee
312874,-1.562432,-0.417338,-0.577954,0.228599,-1.211878,-0.043830,0.165370,1.110983,-0.392900,0.752263,0.701586,-1.138279,-0.472777,0.774980,-0.285003,1.070343,-0.157410,0.812680,-0.454174,1.853743,1.181179,-0.892920,-0.243379,0.412399,1.129904,-0.349272,0.813878,1.529129,42.52,0,Apple TV+,Entertainment,
312971,-0.595786,-1.427814,-2.561355,-1.452157,-0.080279,-2.765104,-1.466142,-0.873999,-0.334879,-6.985068,2.439989,3.000611,3.301693,-9.232481,-3.165861,-1.643960,-3.182315,-3.169993,1.754301,-0.771532,0.074734,-0.542273,-0.415831,0.718385,0.911306,-1.045681,3.508434,2.837249,1.23,1,Crypto Exchange XYZ,Other,Manual review
313018,0.337871,0.698064,0.595236,-1.644859,-1.033526,-0.761521,-0.707246,0.913534,-1.875796,1.363721,0.353217,1.762145,0.076621,-0.544275,-0.066328,0.326372,0.033361,-0.217451,0.104395,1.397454,-1.249631,0.270566,1.796369,0.092816,0.049318,-0.091210,-0.561382,-0.477533,3.38,0,BP Service Station,Travel,
313034,0.803263,0.193285,-0.000762,1.389104,-1.643176,0.363547,1.223846,-0.270415,-0.016587,1.738098,-0.787030,0.107466,-0.092741,0.990594,-2.407375,-1.383451,1.220462,-0.091129,0.125485,-1.070036,0.737413,0.505885,0.809866,-1.301521,1.037729,-1.324089,1.286072,-0.907578,50.76,0,IGA,Food,
313149,-0.178948,0.597986,-0.561173,-0.960943,-1.235693,-0.892176,1.320930,-0.035288,1.039085,0.149787,-0.476961,0.117871,0.130363,0.381793,0.548652,-2.822501,0.404996,0.177035,-0.858726,-1.472402,-0.442138,-1.804577,-0.182135,0.691998,-0.566599,-1.188328,0.690560,-0.822672,39.92,0,Subway,Food,
313351,-0.938811,0.705208,-0.650155,-1.482471,1.092724,1.378900,0.436455,0.123045,0.510910,1.447323,-0.085539,-1.360540,-1.115964,0.159531,2.380832,-0.663009,0.876030,0.221534,0.116226,1.825509,1.119646,-1.003011,-0.361440,-1.179326,-1.528465,-0.751319,0.953960,-0.349593,12.72,0,Coles,Food,
313484,-0.113608,0.292933,0.361352,0.564001,0.523205,-1.642962,0.290546,-1.059633,-0.118392,-0.385397,-0.315682,1.170971,1.969209,-0.818450,0.173039,2.102066,0.503031,0.325091,0.073740,-0.806090,-0.295276,1.452678,-0.100803,1.591666,1.075871,-1.735823,-0.358279,-0.034689,148.25,0,Woolworths,Food,
313592,-0.106292,0.068305,0.619644,0.669491,1.154206,-1.474467,1.885180,-0.558819,-0.632142,0.398910,0.263379,-2.165290,0.409823,-1.313947,-0.245696,2.339920,-0.754749,-0.256107,-2.230196,1.324051,-1.317149,1.056673,-1.312124,1.925381,0.777056,-1.367416,0.257175,-0.785647,63.35,0,Starbucks,Food,Membership fee
313606,0.099812,-1.597825,-0.672111,0.282432,-0.116734,0.520880,-1.530499,-0.047447,-0.649261,0.958576,-1.222362,-2.853441,-0.213364,0.003581,-0.965721,0.128652,-0.487750,0.887772,-0.055853,-1.193582,-0.514028,-0.351929,2.484796,1.667358,0.084750,0.662205,-0.748076,-0.122897,14.69,0,Big W,Other,POS terminal
313788,0.340196,-0.331274,-0.096392,1.009366,-1.186493,-0.010626,-0.114406,-0.327973,0.150093,-1.269654,-0.506078,-0.459954,0.554601,-0.710815,-1.555353,-0.227513,0.516931,0.453085,0.121064,0.005660,0.218287,-0.258382,-0.887647,-0.137182,-1.254329,1.493975,0.019366,1.193936,4.72,0,Northwind Industries,Salary,Membership fee
313876,0.751946,-2.079398,-0.540615,0.927041,0.164535,-1.125216,0.639033,1.347479,-0.346166,0.220042,1.055148,-1.402591,-1.208740,0.437712,-2.879531,0.386666,1.003342,0.135980,0.094292,-0.834733,-0.231064,-0.070987,-1.597707,-2.353271,0.946688,-1.339288,-0.284151,-1.155137,24.66,0,Grill'd,Food,Recurring subscription
313966,-0.375291,-1.366382,0.991467,0.292726,-1.376952,-1.723802,-1.662826,1.114944,0.524296,-0.092338,0.408779,-0.495992,0.420355,0.376832,0.293498,0.002158,-0.292108,0.718437,0.334043,0.326201,0.531415,-0.131896,0.281263,0.615373,0.696935,0.324551,-1.353743,1.713515,24.70,0,Disney+,Entertainment,
314304,0.606504,-0.837104,0.650090,1.248048,0.409996,0.215634,-1.519515,-1.103571,1.655684,0.848355,0.487881,-1.075769,-0.315993,0.675419,-0.038448,0.501069,0.877767,0.255211,1.841327,0.456889,-0.145556,0.823770,0.433573,0.470355,1.453017,-1.076947,1.524507,1.162491,3.67,0,JB Hi-Fi,Other,POS terminal
314455,-0.783900,1.207557,0.049935,0.258736,0.465182,1.912495,-0.188263,-0.488584,0.158018,0.722274,-0.468161,-0.957349,0.540160,-0.820083,-0.538033,0.186583,-1.238514,-0.071148,-1.290822,0.211609,0.348324,-1.453744,1.302148,0.155645,1.377009,2.325885,1.839684,0.452813,79.63,0,Bupa,Insurance,Card present
314457,0.656090,1.970860,0.050815,0.010714,-0.526917,0.309432,1.892107,-0.980362,0.424760,-0.608435,1.238602,-0.057832,0.633186,1.383991,-0.026550,0.485488,-1.953531,-1.366236,1.548310,2.235254,-0.671793,-0.141277,-0.865977,-0.471096,-0.573487,0.167789,0.813265,0.272108,2.47,0,BP Service Station,Travel,
314565,0.862672,-0.681710,0.411080,0.062738,1.065424,0.025586,0.399560,0.048813,-0.396605,-0.272653,-0.915869,-1.476864,-0.500471,0.598820,0.088385,0.868272,-1.732393,-0.980033,-0.096531,0.417773,0.432256,-0.823873,1.978055,0.458663,-1.271582,-0.059315,-0.299172,0.091795,24.20,0,Woolworths,Food,
314797,-0.022553,-0.319199,0.682708,1.628929,-0.190761,0.784581,0.656945,0.326404,-1.077859,0.214501,-0.228003,0.765074,-0.236261,-0.649175,0.325180,0.502203,-0.840463,2.015959,-1.714591,-1.624533,0.309397,2.285163,-1.858803,-0.258771,1.661661,0.875684,0.439783,-1.162468,20.62,0,Spaceship Voyager,Investment,Recurring subscription
315061,-0.902566,-1.163559,-0.350143,0.146027,-0.955859,0.238864,1.396160,0.716792,-1.525165,-0.153919,-0.301204,-0.305815,-1.109842,-0.187274,1.574963,2.595876,0.902081,0.037621,-0.494652,-0.273231,-2.075155,-0.609429,-2.117850,-1.344860,1.033585,-1.937145,0.317528,0.823557,41.46,0,Origin Energy,Utilities,
315334,0.127732,-0.370542,-2.126010,0.421883,-0.091244,-0.738391,-0.057061,-0.548530,0.075910,-0.222820,1.528120,0.868623,-0.809964,0.233048,0.743931,0.170670,1.274463,0.940458,0.221782,-0.766864,-2.238105,-0.095353,-0.964722,0.427547,0.489398,-0.762209,0.683658,-1.079290,5.39,0,Coles,Food,
315370,-0.419189,0.237742,-0.086708,-1.094018,0.070133,-0.889300,1.183630,1.436646,0.475384,2.079489,-0.603695,0.842873,1.011152,-1.096911,-0.434156,0.639199,-0.221951,0.243335,0.407971,0.008318,-1.865962,-1.238821,0.866394,-1.147519,-0.094794,0.287781,-2.031494,-0.710205,2.42,1,Vanguard,Investment,
315534,-0.143264,-2.426240,0.539213,-0.928874,0.447168,-0.234461,-0.464520,-0.703252,-2.730454,0.128087,0.395009,-0.724681,-1.036241,0.899204,0.319829,1.880496,0.418492,-0.868417,-1.079970,-0.139606,-1.194494,-1.157059,-2.379154,0.278232,-1.175175,-1.118902,0.597454,-1.928822,33.01,0,Hoyts,Entertainment,In-store payment
315738,-3.045101,-2.313190,1.855922,-1.531502,0.409548,-1.257154,0.961133,-3.787926,-0.871529,-6.727419,3.771400,4.991993,3.123375,-6.171763,0.026225,1.518172,-4.555847,2.148318,1.922707,5.090100,-3.441635,-0.341231,1.439166,2.537699,-0.310792,-0.234096,-3.301735,1.093638,2.94,1,Allianz,Insurance,
316239,-0.182825,1.600387,-1.238242,0.717790,1.643823,-0.032691,-1.375768,0.002503,-0.028839,1.467932,0.474548,-1.746889,-0.901558,1.997787,1.136555,-2.192576,0.424464,-0.812734,-1.084527,0.967585,-0.655796,-0.150362,-0.728327,-0.719405,0.594420,0.563490,-0.192587,0.832191,15.51,0,KFC,Food,
316427,0.124753,-1.197130,-0.151665,-0.357315,0.213311,0.093535,0.649863,0.173637,0.968405,0.517332,0.240312,0.297285,0.598800,0.313502,-0.654005,0.317034,-0.430220,0.408194,1.298944,0.810121,0.931319,0.822175,-1.360812,-1.245223,-2.244102,-1.270445,0.037598,-0.189022,19.43,0,Amazon AU,Other,Tap to pay
316529,0.468845,-1.080400,-1.605723,-0.563153,-0.552620,1.468732,1.991533,0.347375,0.535488,0.238057,-0.634280,-0.144115,-0.963365,0.642585,0.611117,0.629208,-0.034898,-0.279811,1.107169,0.583986,0.193115,0.267168,-0.014283,-0.047787,-1.322785,-1.079294,-0.690018,-0.800732,24.01,0,Officeworks,Other,Card present
316552,0.054167,1.450010,-2.324578,0.124745,-0.069272,0.527222,0.966595,1.687899,-1.759793,-0.410772,1.433179,0.296660,-0.505109,-0.477977,0.808698,0.930940,1.127681,-0.830282,1.398180,-0.327851,-1.391302,-0.240808,-0.226553,-0.855909,1.111359,0.609975,-0.395905,0.433916,2.93,0,Shell,Travel,
316689,-0.897695,-1.420274,2.002351,-0.318470,0.116907,-0.440472,1.294131,-1.293550,-1.928965,0.063328,2.423309,1.094415,1.077455,-0.621790,0.452180,0.674281,0.002731,1.349991,0.396675,-1.605123,0.322047,-0.639815,0.949842,0.324764,-1.115672,-0.952697,0.529632,0.412033,73.18,0,Sydney Trains,Travel,Membership fee
316718,0.278172,0.356035,-0.524912,0.268483,0.321423,-1.850913,1.629556,-0.743633,1.540651,0.808009,0.117828,0.820664,0.625222,-0.098721,0.740266,1.615284,0.115694,-0.600213,-2.630730,0.363835,1.060196,1.140846,-1.736704,-1.113888,-0.743053,-0.045527,0.714121,-0.144953,1.07,0,Woolworths,Food,
316827,-0.865382,-1.894367,-0.900139,-0.117155,1.493701,-0.867596,0.152905,1.171494,0.031386,-1.425173,-0.411481,-2.056393,-0.984022,-0.219428,-0.257651,-1.160397,-0.167915,0.119269,-0.002579,-0.389716,-1.241509,0.609291,-1.235245,-0.748730,-0.276187,-0.204736,-1.642741,0.474317,2.63,0,Qantas,Travel,
317209,0.449256,-0.482775,-0.397235,0.792416,0.997766,0.565439,1.003825,0.068982,0.057176,1.048902,1.545583,0.088698,-0.303208,0.816618,-1.055147,-1.405526,-0.215713,0.070606,0.428206,-0.572868,-0.804250,0.065790,-0.103831,-0.382759,-0.622434,0.732744,-0.045023,0.888379,17.68,0,Officeworks,Other,Direct debit
317360,-1.053559,-2.550917,-1.625003,-1.210675,1.237459,0.840267,-1.186476,0.732452,0.823234,-1.642104,-0.657559,0.832731,1.814860,0.629331,-2.090246,-0.052870,0.044971,-0.103711,-0.494534,-0.996501,0.664429,0.575950,0.223634,0.175333,-0.868933,0.633402,0.896974,0.399578,122.92,0,Guzman y Gomez,Food,
317461,1.095386,2.073553,-0.217190,-0.786541,0.015949,0.427569,1.606858,-0.564115,0.863707,-0.417379,0.458621,0.689668,0.111023,2.009075,0.847017,-0.212069,-0.733600,-0.146201,0.539579,-0.196086,-0.084257,-1.533879,-1.562733,-0.326064,0.823019,0.257017,-0.809543,0.861764,42.80,0,Starbucks,Food,In-store payment
317483,-0.845560,-1.134832,0.285725,0.531411,-2.089547,-1.734867,-1.240664,-0.687666,0.812958,0.804707,0.715211,0.685556,0.916973,-0.148142,0.127711,-0.604361,-0.289663,-0.138939,0.160935,-0.366329,0.118565,0.765799,-0.826280,0.702520,1.244155,-0.751632,1.181317,1.303744,148.13,0,Big W,Other,
317719,0.684955,0.097045,0.718974,0.117125,0.166959,0.482702,0.865509,1.263639,-0.564447,1.459224,-1.663557,-0.159987,2.288544,0.055830,-0.427246,0.569070,0.391993,0.068557,-3.689608,-0.073661,1.173824,0.364825,1.675217,0.790751,-1.125418,0.457670,-0.178240,-1.169357,3.74,0,Qantas,Travel,
317847,1.484167,0.078899,-0.284165,-1.536626,1.711538,0.865040,0.619639,0.061767,-0.116539,-0.378223,-0.153301,-1.187274,-0.320138,-0.087117,-0.268336,-0.509291,-0.653122,0.730320,0.348505,-1.298335,0.638125,-0.236868,-0.579541,1.602225,-0.552183,0.026175,-1.021158,-1.001552,4.59,0,Starbucks,Food,Recurring subscription
318424,3.421007,1.953984,0.931665,-0.204989,-0.090055,1.205511,-1.268895,-0.864224,0.088854,-0.284576,-0.727059,0.365942,0.080283,1.250749,1.809688,0.024372,-1.634552,0.920749,-0.521428,-0.523817,-1.487059,-1.387742,-1.046683,-2.018679,0.316047,0.436276,-0.248449,0.695170,2.15,0,Grill'd,Food,Tap to pay
318677,-1.349760,1.463704,-0.104855,-0.516774,-0.187613,-0.335440,0.536010,-0.346751,0.064698,0.367062,0.064632,1.439990,-0.665560,-0.823680,0.067417,-0.367904,-0.753458,-0.215929,-1.620303,1.243447,-0.796434,0.484975,0.632743,1.201012,2.379421,1.557997,-0.403353,0.184150,48.40,0,Subway,Food,
318703,2.775104,-0.147358,2.201485,-0.991519,-1.003135,-1.773684,-0.729427,-1.502384,0.945385,-3.171112,0.792642,3.966510,0.868274,-9.459884,-0.643616,-0.730175,-3.086717,1.050864,1.140043,-0.736145,-1.395085,-0.859466,-0.344211,-2.009083,0.993602,-1.536445,1.587159,-0.859776,871.59,1,International Trader,Other,
318721,-0.592609,0.062206,1.037155,-0.535893,0.433111,1.619546,-0.738118,0.685160,-0.903944,0.287743,-1.229609,-0.874148,-0.613044,0.541551,1.595251,-0.903140,-1.030918,0.861289,0.949088,0.104230,0.155309,0.374329,0.375877,1.649131,-0.192820,-0.594600,-0.197931,0.261660,33.39,0,PlayStation Network,Entertainment,
318776,-0.136002,-0.197463,-0.421558,-1.322177,-0.388672,-2.396803,0.993444,0.420444,0.909414,-0.271615,-0.612081,0.475385,-0.293247,-0.070389,-0.006157,1.038365,-1.844611,-0.534391,-0.260642,0.419374,-0.049399,-1.408309,0.126287,-1.110583,-1.302102,-1.103807,0.123927,0.758219,0.50,0,Spotify,Entertainment,
318827,-0.073337,0.371223,-0.088886,0.528018,-0.649071,1.440889,0.120194,1.405434,0.700398,-1.012349,0.132822,-0.728696,-0.711117,0.946553,0.125702,-0.691044,0.371405,-1.100289,-1.007047,-0.542876,-0.677180,-0.753697,1.560592,0.902013,0.392770,0.868812,-0.942392,0.660758,11.85,0,Kmart,Other,
318896,0.658093,-0.684475,1.549647,0.943780,0.527880,1.171137,-0.492485,0.967545,1.333029,-0.260436,2.637999,-1.181350,-0.470183,-2.013284,-0.220782,-0.780045,0.761991,-2.423942,0.613415,0.322555,-2.034355,-0.084287,0.640974,0.481245,0.257446,0.585932,-1.439090,1.049032,10.23,0,Hoyts,Entertainment,
318912,-0.358411,-0.400818,0.517391,0.513069,1.654953,1.436074,0.184825,1.133141,0.013465,0.006393,-0.585881,0.018787,-1.388991,-1.094807,-0.934382,1.713101,0.465559,-1.425019,0.634369,2.048077,-0.384071,-2.269889,0.332297,1.038214,1.072707,-0.348827,-0.465145,-1.842447,10.13,0,Grill'd,Food,Membership fee
318927,1.104177,1.030177,0.960748,-1.344148,-0.456587,-1.416958,1.517367,-1.542465,1.325038,-1.564362,-1.215278,-0.503752,-1.218931,-2.267386,0.730335,0.836047,1.072678,-2.075216,0.346688,0.141132,0.031360,0.766074,-0.418030,1.082595,1.413460,0.134572,-0.777868,-1.048038,5.58,0,Steam,Entertainment,Membership fee
319066,-0.591204,-0.733591,0.308417,-0.266740,0.042390,0.782123,-1.366099,0.665020,-1.185730,0.023030,-0.065075,0.608325,-0.748489,-1.517321,0.114790,-0.522371,-1.545828,-0.537093,-0.813140,-2.640947,0.500502,-1.339668,0.591284,1.856996,-1.691071,1.290533,0.277424,1.328537,77.14,0,Bunnings,Other,Online purchase
319238,0.249434,-0.616430,2.026574,0.973722,-3.310537,1.354216,-0.343237,-1.057591,0.748826,-0.583985,1.315624,-0.999451,-0.950906,-1.868693,-0.627312,0.357878,0.665869,-0.382232,-0.367887,-0.336712,1.437957,0.394037,-0.660375,-1.299764,0.710338,-1.893808,-0.466790,1.258780,10.43,0,Bunnings,Other,
319614,-0.580965,0.883150,-0.883762,-1.119660,-1.198072,1.140382,-0.153997,0.535051,-0.450605,0.013502,0.068370,-0.106175,0.949152,3.103703,-0.452877,0.837734,-1.116832,1.303684,-0.809750,0.773159,-0.691065,-0.566809,0.734390,-0.324776,0.265890,0.436196,-1.129645,0.401495,4.44,0,Stake,Investment,
319843,0.888559,0.499215,0.581522,0.404730,1.293177,1.601970,0.063450,1.059574,0.294183,0.999283,-1.219260,-1.011609,-0.107392,0.286002,-0.112181,-0.843006,0.283292,-0.845227,2.177242,0.593525,-0.281870,-0.511207,1.206046,-1.112051,0.064507,-0.500130,-1.570534,0.091465,23.91,0,IGA,Food,
320111,-1.036732,-0.095394,-1.133584,-0.063621,1.179321,-0.046842,-1.470575,1.003889,1.058980,0.526716,-1.265918,-0.234648,-0.131434,-0.923309,0.683057,-0.003014,0.935955,-0.624852,0.295394,0.078568,1.371481,-0.036323,-0.175061,-1.590876,-1.169580,0.857541,2.024975,1.311134,4.80,0,Steam,Entertainment,
320137,-0.990960,-0.144903,0.020007,0.645651,-1.029186,1.653637,2.254500,1.751867,-0.537198,0.230165,-1.367147,0.205287,1.571437,-2.707355,0.957719,-0.275062,0.596043,-0.748148,0.289519,-1.028112,-0.211308,-0.781417,-1.362949,1.554665,1.680378,0.846497,-0.038446,0.492347,2.73,0,Hungry Jack's,Food,
320138,0.245227,0.807156,-1.186146,1.792030,0.171901,-1.480363,-0.305377,0.631664,1.274540,-0.970792,1.047965,0.256575,-0.584412,-1.092718,0.255048,1.492070,-2.136459,0.229683,-0.028319,-0.598285,1.208147,-1.425442,1.531333,-1.778323,-0.497850,0.040109,-0.480241,2.396746,10.58,0,Bupa,Insurance,
320149,0.326921,0.489417,-0.796627,0.503084,0.604157,0.537295,-1.230253,0.844618,-0.135654,-1.799979,-0.649990,-1.819555,-0.680388,-0.401864,0.147530,-1.394846,-1.777894,-1.349152,0.384176,-1.694772,0.522673,0.988696,0.494754,-1.988620,-0.997601,-0.452451,0.789612,-0.127286,3.41,0,Capstone Inc,Salary,
320350,-0.403162,0.994101,-1.022964,0.606724,-0.191210,-0.727045,1.398470,0.652502,0.583137,-0.478713,-0.148347,-0.880928,0.948872,-1.240377,0.512631,-0.157092,0.979481,-0.813882,0.005116,0.604784,2.078975,0.471115,0.903225,1.751623,-0.504897,-0.663156,-0.225618,-0.589280,119.60,0,Vanguard,Investment,
320437,-1.130045,-1.486513,-0.072768,0.647034,1.766386,-0.489098,-0.624659,-0.904922,1.519779,-0.886419,1.214616,0.303899,1.103527,-1.178639,1.550093,1.232034,0.067823,-1.975403,-0.224292,0.051090,0.082753,0.426029,-0.799073,0.362603,0.156726,-0.743855,0.540325,0.286515,15.62,0,RentPay AU,Rent,POS terminal
320563,-1.000215,0.421572,0.967495,-0.901669,-0.875413,0.233579,-0.098449,-0.698427,-1.993359,1.994880,-0.458017,1.131282,0.599098,-1.579441,0.409948,0.804359,0.557171,-0.814033,-0.242410,2.045976,0.350704,0.447308,-2.031081,-2.029221,0.173906,-0.358931,0.052878,-0.426677,48.24,0,Apple TV+,Entertainment,
320591,1.783553,-1.023090,-0.248424,-0.003940,-2.388777,0.081085,1.087023,0.072591,-0.082709,-0.174072,-0.543068,-0.898330,-2.021855,-0.833860,0.763025,0.599734,-1.191468,0.718333,-0.823849,0.311280,-0.222769,-0.908393,2.053831,0.429764,0.325147,-0.647650,0.705503,1.431494,58.22,0,Coles,Food,
320792,1.324473,1.766840,1.086793,0.780162,0.338393,0.673488,2.218086,0.593830,-1.060082,-0.199835,0.348483,0.416775,0.095093,-0.953350,0.106095,-0.296757,-0.129973,-0.217053,-0.296212,-0.089797,-1.800922,0.863152,-0.297886,0.799845,-1.548491,-0.023600,-1.339057,-0.382853,9.20,0,Woolworths,Food,Tap to pay
320929,-0.678732,1.473460,0.654428,-1.947611,2.756111,0.043748,0.516561,0.777476,1.748448,0.908929,1.589513,-0.843831,-0.625645,0.437358,1.006131,-0.091097,1.655709,1.253687,-0.815558,0.625997,1.202203,1.255711,-0.939668,-0.803726,0.942261,-0.025835,0.010064,-1.361767,8.83,0,Priceline,Other,
320983,1.181169,0.518902,-0.536458,0.818501,0.403606,-1.060704,1.048291,-1.289788,-0.403608,0.290155,-0.984145,0.124842,-2.714037,0.521796,-1.524847,-0.553926,0.273658,0.926119,-1.802712,-0.808570,-0.607705,-2.272227,1.166839,-0.237404,-0.414008,0.388779,0.570020,-1.309992,229.46,0,Hertz,Travel,
321466,0.312974,1.390739,-0.014818,-0.275154,0.097602,-0.833065,0.488070,0.489167,-0.728297,0.590852,1.238817,-0.742822,-0.296331,-0.399217,0.537119,0.710973,-2.507244,0.731676,-0.246074,-0.473557,0.713381,-0.147780,-0.251704,-0.290633,0.565971,0.440148,0.240283,1.162090,51.74,0,Coles,Food,Online purchase
321613,-1.098215,-1.669811,0.228907,0.012413,1.653284,0.293671,-0.191208,0.303581,1.537055,-0.269182,0.461248,0.341056,0.610946,0.445031,0.324998,-0.223984,-1.258985,-0.625163,-2.036304,-0.400045,1.043037,-0.845860,-2.091098,0.946228,0.866717,0.540466,0.928766,1.474663,15.24,0,Hungry Jack's,Food,
321765,-1.676564,0.228310,-0.863473,-0.781876,1.279177,-0.440206,-0.781149,-0.236451,0.211847,-0.675348,0.213200,-0.244561,-0.243882,-0.583737,-0.004381,0.662910,-0.319678,-1.808954,0.696153,0.659818,0.453431,-0.143469,-0.208010,-0.590008,-0.668580,-0.027396,0.427825,-0.058800,3.30,0,Amazon AU,Other,In-store payment
321818,-1.200784,1.353025,1.438856,1.808913,-1.497068,-0.154828,-1.490630,0.960269,0.768944,-0.198395,-1.047976,-1.162780,1.385667,0.297926,-3.224571,0.151897,1.273541,0.170165,-1.186792,-0.664048,-0.625618,-2.749569,-0.044976,1.729160,1.648531,0.390755,-0.309993,-0.366651,34.32,0,Subway,Food,Auto-renewal
321928,1.058975,-0.132907,-0.358286,-1.220174,0.098798,-0.454451,-0.462751,-0.379374,-0.157940,-0.672859,-0.850270,0.072956,0.445681,0.592207,1.976951,2.268299,0.134629,0.943184,0.088872,-0.797086,0.146288,1.671760,-0.365986,1.261543,0.287744,0.480077,-0.457763,0.771831,19.92,0,PlayStation Network,Entertainment,
321981,1.114719,0.444846,0.802333,0.197628,-0.601112,-0.608645,-1.093693,-0.609489,1.666708,-0.261573,-0.939180,-0.098889,0.010251,-0.133308,-0.452988,2.413634,0.708449,0.475054,0.153529,-1.245240,0.279501,0.641089,-0.590397,0.252844,-0.261733,0.038800,0.815995,-0.101067,52.52,0,Hungry Jack's,Food,
321993,0.740334,-0.199055,-0.160681,1.303846,0.617714,0.385195,1.057002,1.593550,-1.428531,0.241812,-0.449126,-0.717130,0.976793,-0.871986,0.061338,-0.133108,-0.044430,-0.322787,0.376302,-0.377667,0.235428,1.089567,0.895305,0.073397,1.104801,-0.874093,0.353888,-1.179774,16.12,0,Telstra,Utilities,Card present
322137,-1.063820,0.797459,-0.459518,-1.595811,-0.267699,0.620325,1.167763,0.116122,0.612832,0.243838,1.734783,-0.533464,0.419109,-0.829659,0.766819,0.984963,0.643992,-0.513410,0.707880,0.769864,0.156227,-0.119490,1.023508,-0.425122,1.211982,-0.491661,0.034907,-0.198993,24.10,0,Woolworths,Food,Online purchase
322146,0.788135,-0.121012,-1.431747,-0.641614,1.457379,-0.137069,0.370065,2.719568,0.982277,-1.222145,0.573479,-1.246779,1.745768,-0.265862,-0.291702,-0.485104,1.393008,0.228116,-0.635567,-1.189119,-1.212448,0.920925,-0.677980,-0.192061,1.303535,1.734788,-0.370360,-1.024998,15.00,0,Domino's Pizza,Food,
322198,2.432285,0.643979,-0.186469,-0.924506,0.049706,0.499438,0.316605,-0.233269,1.162994,-0.470565,1.378779,-0.491712,-1.485793,0.646599,-0.571431,1.490162,0.087528,-0.530559,0.006982,-0.707090,-0.951154,-0.090806,0.409750,-0.734080,0.497074,1.838982,-1.675928,0.678434,12.93,0,Starbucks,Food,Auto-renewal
322348,-0.511333,0.188439,0.947201,0.017145,-0.606758,1.328736,0.010845,0.929992,-1.311979,-0.602769,0.610350,-1.545513,0.820376,1.620678,-0.942361,0.658527,0.274005,0.202929,0.660121,-1.074477,0.090288,-0.024837,-0.584359,1.188066,-1.462306,-0.159183,1.669048,1.281564,673.69,1,Discount Mart,Other,Foreign currency
322489,0.359423,0.986559,1.131267,-0.675740,-0.305729,1.527360,0.631806,-1.275778,0.637888,0.071923,-0.429944,-0.452703,1.047347,0.587176,-0.046590,-1.552364,0.746006,2.339077,1.589733,-1.005194,-0.748340,-0.102018,-0.012516,-0.331015,0.521085,0.287970,-1.683834,0.034094,4.13,0,Spotify,Entertainment,
322866,0.363797,2.266058,1.118779,-0.086018,0.428393,-0.984663,0.357114,-0.306178,-0.396369,0.388770,-0.433382,-0.339884,-1.004652,0.879358,-0.161435,-1.641929,-1.287785,-0.535848,0.441161,-0.978567,0.451120,0.534637,-0.450364,0.746294,-0.109162,-1.996499,-0.040727,-0.436194,5.91,0,McDonald's,Food,
323280,0.746152,-1.581531,0.529828,0.817567,-0.468117,-0.857942,0.449329,-0.276103,1.075172,0.559200,-0.093561,0.034182,1.959640,-1.069850,0.688953,0.258193,1.594328,-0.247750,1.280239,1.357520,0.336260,0.231240,-0.850699,1.508166,1.062953,-0.579919,0.847380,-0.541322,31.44,0,Priceline,Other,
323586,0.574937,0.571697,1.020213,-1.612329,0.376647,-1.774508,1.697329,0.728981,0.282833,0.745136,0.763758,0.257767,-0.890736,2.166080,1.684068,1.234361,0.538657,-2.768977,1.291331,1.365492,-1.462200,0.325460,-1.337715,-0.196003,0.921786,0.443623,-0.196011,1.423238,78.97,0,Guzman y Gomez,Food,Auto-renewal
323797,0.489652,-0.443852,-0.978431,0.622251,-1.299127,-0.634849,0.332251,-0.116350,0.086168,0.315154,-0.069685,0.246125,0.627790,-0.232534,0.001560,0.557197,-2.140978,0.805991,0.319319,0.212681,-2.195694,1.014125,-1.238378,0.539166,-1.899606,0.652294,1.953811,1.889479,37.77,0,Virgin Australia,Travel,Auto-renewal
323862,0.467403,-2.345487,-0.226556,1.649406,-1.659258,-0.745630,1.164582,0.410885,1.553478,-0.242384,0.745663,0.058602,0.893510,-1.081273,0.940476,-0.334200,-1.132573,-1.189426,0.949729,0.009545,-0.520927,-1.349099,0.472174,-0.690995,0.141890,0.112636,-0.617739,0.944101,12.91,0,Steam,Entertainment,
324498,-0.677677,0.098224,1.351370,-0.791224,0.006163,0.796581,1.740295,-0.686620,-1.098611,1.896097,0.392067,0.589264,-1.501221,-0.461595,-1.258052,-1.184087,-1.180688,-1.907026,0.992771,0.427038,-0.082374,0.030296,-0.097801,0.521629,-0.561777,0.157032,-0.690196,0.277382,35.62,0,Hungry Jack's,Food,
324704,-0.769410,-1.118263,1.261279,1.125122,2.350290,-1.486341,-0.212853,-1.179429,0.160200,0.746306,0.732267,1.130474,-0.742981,-1.236087,-0.995199,-0.690844,1.308770,-0.996572,-0.659524,-0.210243,-1.303798,1.086646,0.295822,0.289576,-0.522471,2.116192,-0.531376,0.513467,27.83,0,Chemist Warehouse,Other,Recurring subscription
325071,-0.906662,-0.442845,0.761151,0.695749,1.499436,0.067743,1.186793,-0.411398,-0.888940,0.010543,-1.221393,1.070302,0.023510,-1.501489,-0.412432,-0.509892,1.255846,-1.110279,-0.053601,1.150218,0.005843,-1.047290,0.902861,-1.206395,0.655882,0.749129,-1.124810,-1.841984,16.94,0,Officeworks,Other,
325119,0.288674,1.250068,-0.955058,-0.211966,-0.935971,1.304423,0.146350,0.506169,0.585515,1.217628,-1.644301,-0.383971,0.261383,0.207945,-1.110843,-0.034593,0.291016,0.744004,0.123213,0.993202,0.073166,-1.739671,1.267834,-1.050580,-0.626817,0.060948,1.019831,0.670466,17.17,0,Bunnings,Other,Tap to pay
325625,-0.530415,-0.845126,-0.155104,0.632637,-0.211359,0.642874,-1.245291,1.102795,0.320870,0.508006,-0.019281,-0.484308,-0.526598,-0.039877,0.436238,0.730233,0.517755,1.684622,0.815982,0.912423,-0.736930,-0.159869,0.302947,-0.122390,-0.769749,-1.268408,-1.306587,1.723463,71.19,0,Shell,Travel,
325857,-0.980320,0.711073,0.098995,-0.948363,1.684583,-0.816394,-1.486781,2.299835,-1.447265,-0.811313,-0.685803,-0.753506,0.635992,0.921419,-0.538951,-0.350710,-1.429016,0.317006,1.712170,1.853828,-0.769703,0.998961,0.301059,-0.052027,-0.238328,0.812619,0.852952,0.349632,6.53,0,Belle Property,Rent,
326414,-0.143884,-0.706375,-0.681942,0.943659,0.789009,0.853685,-0.004439,-1.137359,0.214642,-0.248958,-1.265209,1.301612,1.247445,0.709646,0.416886,-1.588431,0.643115,0.648003,0.462966,0.488019,0.663888,-0.155506,0.635585,-0.021235,-1.142988,0.397564,-1.326073,-1.532419,41.65,0,Grill'd,Food,
326757,0.972678,-0.827284,0.941682,-0.845137,0.978851,1.306654,-0.955620,1.300701,1.407717,1.882387,-0.611191,1.116695,0.325634,-0.251363,0.261153,1.304688,-1.070945,0.998651,-0.563142,0.165377,-0.299695,-0.832978,0.259700,-0.611341,-0.635146,-0.717005,0.261922,0.144051,32.27,0,Hungry Jack's,Food,
327273,-1.857505,-0.209528,-0.990239,0.540493,-0.022311,-1.040269,-1.901554,0.234265,0.538383,0.382152,2.120647,-0.500719,-2.963103,-1.049628,0.387761,-0.286091,-0.063668,-2.044046,-0.604174,0.976356,-0.003953,-0.924427,0.247132,0.902632,-0.203988,0.036811,-1.295606,-1.245300,5.49,0,Vodafone,Utilities,In-store payment
327355,-0.561686,0.991372,0.809096,-0.718810,1.609919,-0.037345,0.381319,0.536898,0.598764,-0.386499,2.349290,-0.710574,0.511895,0.350858,-0.842055,-0.000731,0.602596,-1.320752,-1.807969,0.627254,1.289597,-0.936368,1.222220,-0.485121,-0.860264,0.150525,1.516783,-0.780320,6.93,0,Origin Energy,Utilities,Online purchase
327364,0.359991,0.457491,0.532836,0.989739,-1.581127,-1.301572,-0.912078,0.075736,0.326892,0.889002,0.587964,-0.258952,-0.448246,1.656447,-0.346915,-1.187984,-0.878008,1.446245,-1.540570,1.899103,-0.066358,-1.509615,1.515720,-0.543602,0.599648,0.878066,1.022146,-0.113681,8.31,0,7-Eleven Fuel,Travel,
327611,0.406057,-0.669095,0.846442,-0.535258,-2.490550,0.297079,-0.135660,-0.977097,1.201657,-0.622379,0.223602,0.150307,-0.557650,-1.123112,-2.858991,-2.251365,-0.780155,1.295526,0.650773,0.627236,-1.239345,-0.117172,-2.749917,0.698564,0.427856,1.094020,-0.683134,2.535655,35.64,0,Event Cinemas,Entertainment,POS terminal
328485,1.636424,1.012839,-0.681452,0.456792,-0.185477,-0.023757,0.400049,-0.061311,-1.100467,-0.882634,-0.547200,0.147931,-1.456888,-0.259794,-1.037955,-0.218565,0.851781,-2.123389,0.282702,-0.551093,-1.029594,-0.573638,0.090712,-1.160451,-0.351541,-1.949816,-1.151514,-0.362280,28.70,0,McDonald's,Food,
328729,-1.606851,-0.368386,1.751208,-0.830187,1.476251,0.190754,-0.383514,1.295649,-1.362189,0.615350,-0.709446,0.412515,-1.364315,-0.508086,0.279040,-0.031253,-0.204400,1.012561,-0.105883,0.970394,-0.657228,1.133833,0.049208,1.813728,0.175387,-0.667051,0.663813,0.965809,14.67,0,Origin Energy,Utilities,Membership fee
328869,-1.129098,-1.044198,-0.838883,-0.253149,1.404396,-0.702744,-0.174466,-1.694218,-0.720088,0.049012,0.758929,-1.243740,-0.160458,1.028957,-0.378024,-1.003998,0.893716,0.943728,-0.610705,0.941774,0.881361,1.417492,0.730579,-0.692194,1.003733,-0.757405,-0.904275,0.052543,43.37,0,Shell,Travel,
329011,-0.353544,1.574845,-0.233672,-0.192757,-0.552494,-1.327115,0.630783,0.348191,-2.288375,0.435498,0.398114,-0.319870,-1.793042,-1.245187,-1.296070,1.264823,-0.412514,1.330502,-1.475622,0.842054,1.976516,0.038325,1.129861,0.833441,-0.450309,0.611050,-0.700680,-0.569676,35.45,0,Aldi,Food,Card present
329349,0.755169,-1.200243,0.963767,-1.090941,0.181935,-0.357079,-0.353963,-0.083669,0.312688,-1.533226,0.471564,0.466958,-1.199258,-1.194795,0.941255,-0.160225,-0.715515,-0.368382,-0.038774,-0.451351,0.517686,-1.471705,0.576343,-0.633691,0.105359,-0.410360,-0.391803,0.483816,14.72,0,KFC,Food,
329362,-0.152611,-0.674130,-1.104155,0.733635,0.000435,-1.227005,-0.758020,-1.691039,0.516946,-1.573166,-0.168762,-0.630503,0.165550,1.515865,-1.887829,-1.096517,-1.382793,1.399136,-0.348713,-0.311524,0.879842,0.956166,0.145357,-0.460986,0.424789,-0.166517,1.230697,0.773938,12.40,0,Big W,Other,
329812,-0.373912,-0.337879,0.365202,-1.066067,0.389075,-1.364192,0.361199,-0.179384,2.839193,0.419874,1.845427,0.110695,-0.063146,-0.113217,0.378190,1.058566,0.541203,0.004624,-0.099633,1.642667,-0.426751,0.958769,0.639459,0.126046,-0.197417,-0.048608,-2.519419,0.596688,29.64,0,Grill'd,Food,
330494,-0.069838,-0.258099,0.139669,0.345800,1.986375,0.918256,0.429884,0.601877,0.902906,-0.080793,-0.619600,0.517824,-1.081190,0.266653,0.475499,-0.504105,-0.421434,0.045771,-0.160466,0.247694,1.765019,-1.601274,-0.736777,2.317519,-1.321170,0.819064,-0.346256,-1.255601,15.90,0,McDonald's,Food,Membership fee
330823,-0.662607,0.865002,-0.303588,0.536650,-0.339344,-1.741788,-1.310615,-0.165960,-0.197799,-0.780558,1.039543,-0.086515,0.844206,1.465081,1.049379,0.351189,-2.263394,-0.642299,-1.485892,-1.576372,1.040821,0.556098,1.779947,0.066909,1.904693,1.070503,1.036143,1.287910,44.18,0,Capstone Inc,Salary,
331159,0.353013,-1.254959,-0.558621,-0.599137,-0.721814,-0.745060,0.432929,-0.541850,-1.223947,0.043784,0.418606,-0.125277,0.757074,-1.242055,-0.068295,-1.781571,-1.580837,1.108648,-0.707100,0.831029,1.261895,-0.206367,1.091243,-0.512367,-1.739609,-0.645566,0.876418,-0.114464,20.36,0,Booking.com,Travel,Card present
331538,0.138837,-0.091484,-0.944276,-0.137518,-1.294928,-0.505980,0.058057,0.363477,0.127488,0.082606,0.570169,-0.761684,-0.556030,3.117970,0.999253,1.649726,0.010811,0.313231,-0.734966,0.183230,2.481606,0.717804,1.014919,0.696435,-0.545517,1.037136,0.778444,-1.048870,28.08,0,RentPay AU,Rent,Direct debit
331737,-0.857231,0.120826,0.428492,-0.405681,-0.308624,-0.576469,1.072396,-0.314779,1.504346,1.134042,-0.075290,0.152055,0.627436,0.402077,0.530582,-0.898405,-0.774687,0.232321,-1.121035,-1.070855,0.483054,1.143340,-0.574929,0.405905,-1.580323,-0.676268,0.239046,-0.229654,158.95,0,Chemist Warehouse,Other,
332037,1.322351,0.947260,1.982419,0.214860,-1.245022,-1.861047,-0.653159,-0.995602,-0.914981,-0.096133,-0.999661,-0.063579,-0.480781,0.373420,0.078605,0.362544,-0.669804,0.099314,-0.985296,0.569514,-0.620937,0.466347,0.591686,-0.894134,-1.638739,-0.997712,-1.034170,-0.893861,68.25,0,eBay AU,Other,Recurring subscription
332594,-0.510301,1.291638,1.517433,1.081182,-0.698033,-1.668314,0.363065,0.545419,-0.123326,-1.255087,1.958659,0.470273,-0.514589,0.548185,-0.786271,-0.419489,1.278603,1.721179,-0.322811,0.376682,-0.682377,-1.596569,-1.709941,0.112936,-0.633376,0.906553,-0.243412,0.008117,6.11,0,Hertz,Travel,
333062,2.026092,0.542461,2.172728,-0.529731,0.425978,0.159910,-0.396527,0.851009,-1.589147,-1.648951,-0.380547,0.180769,-0.991178,0.291995,2.120082,-0.532554,1.637134,-0.964775,1.495987,-0.274724,-0.692525,-0.358858,-0.542290,0.407409,0.521330,-0.360375,0.978359,0.273452,15.92,0,BP Service Station,Travel,Membership fee
334074,1.087436,-0.182088,0.009752,0.030137,-1.171721,0.403736,-1.237791,-0.113699,0.062355,0.098530,0.615380,1.045078,-0.078168,1.092574,-1.352339,0.408980,-0.617241,-1.860931,-0.024657,0.527540,-1.685552,-0.515082,-0.640478,0.732503,-0.600241,1.387314,1.978787,-1.469767,100.33,0,Aldi,Food,
334177,-2.476207,-0.869055,-0.271277,-1.182619,0.637982,-0.231281,0.075212,-0.006014,-0.889415,-1.006811,1.067224,-0.743166,0.143096,-1.029221,1.807557,-0.068989,-0.075075,-0.081653,0.793107,-0.354056,-0.694632,-0.351366,1.123425,1.402293,-1.185076,-0.188176,-0.384155,-2.447412,3.65,0,BP Service Station,Travel,
334652,1.308358,0.620443,-1.754907,2.061670,0.959574,-0.396472,-0.348306,-0.817584,-0.959748,0.012292,1.122565,-0.646341,0.550965,0.553730,1.128948,0.874525,-0.542905,0.229666,-1.403585,1.011629,-0.704670,0.839926,1.515592,0.160871,-1.172860,1.368505,1.606762,1.660654,14.81,0,Vanguard,Investment,Card present
334741,-0.687338,-1.428870,1.311527,-0.737664,0.083122,0.780595,0.247650,-2.031531,-0.012763,-0.757141,-0.508294,0.254259,1.819625,-1.007583,-0.761052,0.104563,-0.651120,-0.684594,-0.988060,1.021449,-2.611878,0.119386,0.795709,0.007076,-1.206835,0.198807,-2.348846,1.918487,6.13,0,Uber,Travel,
335591,-2.753624,0.069885,0.744677,-1.182259,0.138902,0.356839,-0.242892,-0.687640,0.725229,0.253968,0.905165,0.342148,-0.943385,0.755380,0.792636,2.380921,1.692475,0.108880,-0.188441,0.322667,-0.226029,-0.030715,0.332595,0.755946,-0.231786,1.940650,0.654889,1.285789,53.94,0,Starbucks,Food,
338366,0.008529,0.165942,0.624420,-0.053995,-0.476995,-0.432247,-0.189488,0.484672,0.185343,0.602079,-1.006855,2.286161,0.208466,-1.016787,-0.078932,-1.162144,-0.666064,-0.037369,-1.460154,1.133672,0.042197,0.554762,-2.044247,0.051181,-0.570533,0.577536,-0.713975,0.891631,44.75,0,Sydney Trains,Travel,
339276,0.468459,0.032497,-0.164993,0.679723,-0.155674,0.377059,-0.423577,-0.199978,0.580465,-1.664452,-0.642800,2.498676,-0.011603,0.694102,-1.158955,-0.191835,0.988347,1.161178,0.059900,-1.203097,-1.752312,1.016261,1.421855,0.406807,0.328162,0.548689,1.284194,-1.468649,120.42,0,Domino's Pizza,Food,
339465,0.526184,1.115913,-1.449605,-0.604116,-1.609554,0.137990,-2.243157,0.083050,-0.262336,0.503123,0.304768,0.771298,-0.628746,-0.406745,-1.478712,0.332409,-1.090597,-0.392002,-0.178095,1.320396,0.087188,-0.173129,0.651714,0.564946,-0.011528,-1.486265,0.478364,-0.751552,42.51,0,Medibank,Insurance,Direct debit
340442,0.746572,-0.600114,0.224977,0.470262,-0.128298,0.610538,0.747781,-0.284217,-0.719815,0.357004,0.197726,-0.276610,-0.299749,-0.512248,-2.061540,-1.134289,2.631040,-1.581951,0.056512,-1.424139,-0.235698,-0.132365,-0.196382,-1.057752,0.324400,-0.084527,0.110487,-0.250164,0.50,0,Grill'd,Food,
341874,-1.406939,-1.962765,-1.811677,-0.774434,0.537991,1.013685,0.471238,-0.148769,-0.408313,0.466613,-1.029475,0.643372,0.704125,-1.218602,0.216345,0.073649,-0.189171,0.178038,-0.350432,-0.030701,-0.222402,-1.853360,0.578963,1.504821,0.165071,-1.973523,-0.688711,-0.283634,6.67,0,RentPay AU,Rent,
343062,0.943783,2.092126,1.047447,0.619592,0.357517,1.087708,1.395793,-0.134192,-0.020817,-0.647489,0.258799,-1.130870,2.339593,-0.695962,0.366996,-1.432280,0.047930,1.080452,-0.081510,0.765992,-0.612732,0.513408,-0.447201,0.712378,-1.488229,-1.813920,-1.355906,0.897627,14.85,0,Event Cinemas,Entertainment,POS terminal
343511,-1.527715,-0.602278,-1.067851,0.135421,1.347493,0.505522,-0.238329,-0.033934,-0.286876,-0.298907,-0.623805,0.569784,-1.105392,1.034511,-1.581984,1.382114,1.349341,1.369980,-0.539850,0.314497,2.002069,1.543737,-0.109403,-1.070254,0.185013,-1.724861,1.132185,1.505763,46.51,0,Translink,Travel,
344539,-0.075489,-1.366932,-0.220400,0.013962,2.281452,0.560141,0.608596,-0.574801,0.340783,0.040127,-0.748794,-0.558300,-0.450271,0.623963,-0.937238,1.060922,0.511659,-0.656977,-0.174472,-0.039136,0.533030,0.288761,-1.074138,0.170646,-0.568746,-2.800413,-0.756931,0.201915,45.81,0,Amazon AU,Other,
344552,1.444426,0.098677,-0.065379,-0.625938,-0.098251,0.844601,-1.797510,0.029887,1.084319,1.427485,-2.009578,-0.543178,0.101738,0.643720,-0.227329,-1.019336,0.720443,1.790881,0.164341,-0.494854,0.286694,-0.220483,0.355114,-0.566231,-1.062117,-0.059758,0.977850,1.102766,21.38,0,Guzman y Gomez,Food,
345491,-0.629062,0.176623,-1.092209,-2.353428,1.717697,-0.751029,0.080337,-0.686547,0.285779,0.130823,-0.755841,-0.909463,-0.759090,0.676213,-1.928356,-0.107778,1.558470,-0.941304,0.056869,0.119344,-0.373099,1.685749,1.210633,-1.665530,0.220444,0.435022,-0.474095,-0.124064,25.57,0,Translink,Travel,Membership fee
345599,-1.767327,-0.615616,1.191320,0.048291,-0.297795,0.686672,1.281383,-0.206912,-0.357256,-0.495332,0.784091,0.593184,-0.663133,-1.960547,-0.627841,0.601132,2.343049,-0.072653,-0.994661,0.554302,1.289766,-1.733714,-0.564892,-0.195572,-1.060128,0.865276,0.153620,-0.294858,4.42,0,Sydney Trains,Travel,
345599,-0.499386,-0.050978,1.447577,-0.534958,-0.340951,-0.245931,-0.979186,0.901835,0.431847,-1.496097,-1.049272,-0.519449,0.592650,0.738455,-0.228237,0.601890,0.653163,-0.184076,0.629880,0.711251,-1.619907,-1.681528,0.254092,0.587700,-0.183388,0.207652,-0.629638,0.184069,46.34,0,EnergyAustralia,Utilities,
346003,0.857132,0.256791,0.418026,-0.161806,0.554221,-0.597549,-0.042267,-0.091629,-0.389898,-2.206079,1.014752,-0.933092,0.337928,1.575144,0.559206,-0.179588,-0.740892,-1.011920,-0.974704,0.977425,-0.626471,-0.419856,0.338550,-0.570703,-0.837372,-1.270647,0.874014,1.307478,19.76,0,Guzman y Gomez,Food,
347220,0.230505,-0.589878,0.674034,-1.612917,0.064386,-0.514778,-1.113082,-0.491129,0.981575,-0.856070,2.002814,-0.651717,0.473931,0.572771,0.618063,1.030930,-0.286660,-0.784827,-0.253880,0.165394,1.234328,0.253244,1.546027,0.329457,0.432935,0.601449,0.153520,1.310179,14.21,0,Bunnings,Other,Recurring subscription
350309,0.037041,-0.540547,0.720316,-0.134402,0.289594,0.123933,0.188918,0.260531,-1.121948,0.160973,1.470561,-0.377170,-0.703847,-1.001843,-0.598294,-0.686012,-0.569810,1.309015,2.099721,-0.554466,1.266133,-0.286849,0.624828,0.959473,1.618500,0.041482,1.182771,3.003950,13.39,0,Apple TV+,Entertainment,
354372,-0.028858,-0.630351,-0.019096,-0.094008,-1.523122,0.180326,1.627892,-1.013010,0.313683,1.966436,1.178209,1.326229,-1.087984,-1.559732,-0.219657,0.098461,-0.549001,-0.738578,-0.036308,1.524737,1.989132,1.992616,1.393230,1.343122,1.033323,-0.359569,0.255503,-0.625859,78.88,0,Domino's Pizza,Food,Membership fee
357127,0.225635,-1.160892,-0.398122,0.969882,0.525397,0.288674,-0.139383,0.371825,2.060751,0.176648,0.086003,0.181154,0.162301,0.334175,-0.786681,1.432541,-0.617594,-0.243935,1.916703,-1.580608,-0.867883,-0.173868,-0.863051,1.464580,0.240949,0.087257,0.688273,-0.027644,0.66,0,eBay AU,Other,
357204,-0.357401,1.198118,0.217780,0.539905,-0.212129,0.242775,-1.307605,0.968770,0.066471,-0.061604,1.310175,-0.036930,-0.749769,0.882061,-1.426819,0.222047,1.086379,-0.156709,-0.488391,-1.426564,-1.894758,-0.945051,-0.038327,0.663020,-0.040041,0.543401,-0.359558,-1.243651,22.81,0,Coles,Food,Auto-renewal
357445,-0.567541,-0.423646,-0.446609,0.229560,-0.377572,1.241579,0.161700,-0.336045,0.230704,-0.638157,0.923361,-0.872728,0.193085,-1.595775,1.074404,0.651292,-0.112866,1.008560,0.706590,-1.552067,-0.629502,0.464147,-0.967246,-0.219003,-0.307301,-0.492212,-0.187558,-0.232500,15.79,0,IGA,Food,
358554,1.705131,-0.286828,-1.311899,-0.979306,0.652842,1.263809,0.411272,0.039917,-0.156038,0.788723,1.034243,-1.112951,-2.226590,-0.881095,-0.509377,0.436813,0.980514,0.507816,-0.843591,1.511599,-1.876465,1.217004,-1.627609,0.201514,0.077055,-0.116803,-0.312521,1.491857,2.85,0,CommSec,Investment,Membership fee
359431,0.523874,-0.601687,-0.277798,-0.471531,0.713959,-1.047630,0.187007,0.111027,-0.520242,-0.587465,-0.341093,0.165509,-2.462783,0.611591,-0.642246,-1.305988,0.418148,-0.918268,0.006726,-2.650537,0.394732,0.762200,-2.767642,-0.937445,-0.237163,1.785624,0.154960,-1.293145,19.92,0,Coles,Food,
361539,1.062452,-0.753014,-1.367057,-1.181517,-0.167255,0.946828,1.268581,-0.714117,1.606602,1.209410,0.146253,-0.265674,1.642539,-1.068861,0.146823,0.967253,0.525791,0.256868,-0.034242,-0.128773,-0.168273,-0.814606,-0.864913,-0.129336,-0.795130,1.665135,2.232114,0.148736,71.62,0,JB Hi-Fi,Other,Card present
361752,-0.375318,-0.758153,-0.386464,-0.945745,0.503213,-2.241141,-0.007532,-0.627308,-0.650383,-0.115000,-1.837858,0.994828,-0.014505,-0.148186,0.205527,0.814905,0.320123,1.619707,0.278980,-0.488371,-0.550577,-1.409186,0.649739,1.472244,1.560042,0.120997,0.577140,1.847209,20.61,0,eBay AU,Other,
362305,0.303231,0.432886,0.465109,0.348016,0.354322,-0.162947,-0.312304,1.144838,-1.208362,-1.238755,0.762772,0.760441,-0.297387,-1.167283,1.069374,-0.384602,-0.406924,0.310295,0.987734,-0.750087,-0.195691,1.516234,-0.077981,-0.667054,-1.090061,-0.109703,1.650823,1.492852,15.63,0,Uber,Travel,Card present
364101,2.296701,-0.038220,1.661791,-0.640476,0.633118,-1.537528,-1.681116,-0.317306,-1.162977,0.008867,-1.311408,0.153568,0.104660,-0.888217,-0.068756,0.665205,0.286841,-0.048646,-1.559312,-0.787150,0.408241,-0.992285,-1.361138,0.293397,0.962388,1.526334,0.968509,1.509388,35.62,0,Domino's Pizza,Food,Recurring subscription
364656,-1.083132,1.964212,0.772065,0.548065,-1.171611,-1.116846,-0.277676,-0.213798,-0.906919,-0.252141,0.725809,1.428933,-0.118296,1.114146,-0.756603,0.823607,1.428152,1.565966,0.190841,-0.894108,0.146681,-0.021693,0.924385,0.619379,-1.247205,-1.898272,1.682200,0.043184,34.01,0,KFC,Food,Online purchase
365422,-0.879789,-0.559605,-1.024023,-0.878891,0.739686,0.056853,-0.985503,-0.733076,-0.917263,0.148494,-0.226128,-0.913583,0.908604,-1.292225,0.067069,-1.730851,1.078046,-0.019339,0.498349,-1.927459,0.909050,0.254152,-2.375046,0.815312,0.232524,0.096529,0.275158,1.435666,18.22,0,NRMA Insurance,Insurance,In-store payment
365479,-0.665616,-1.583483,-0.636870,0.750322,0.993845,0.396359,-1.217381,0.025989,0.136804,0.029735,1.620137,0.163267,1.158299,0.047567,-0.350019,0.458922,0.910973,-1.837541,-0.601812,-0.320269,-0.710851,-1.507063,0.465908,-0.252827,-1.240391,-0.398353,-1.512348,0.566316,9.77,0,Vanguard,Investment,
366053,-0.422558,-1.603070,-1.066904,-0.600831,0.831904,0.253800,1.161531,-0.113836,0.888098,-2.442213,1.131667,0.800911,-0.372900,-0.833740,0.074022,0.466653,-0.061656,-0.158748,-0.481158,-1.231169,1.008191,0.263281,0.334060,0.103640,0.627912,1.405116,0.471446,0.563949,4.69,1,Wire Transfer Co,Other,Unverified buyer
366213,-0.593063,-0.305616,-0.518570,-0.881312,0.996158,-0.132061,-1.303775,-1.222316,-0.183374,-1.462745,0.284167,0.761747,-2.416889,1.343261,2.212799,0.137288,0.696548,0.459375,0.051904,-1.207798,-0.221040,-0.676773,-0.471531,0.757171,-2.290073,-1.031566,-1.188616,-0.151827,103.84,0,Officeworks,Other,
366428,0.404265,0.242371,-0.355133,0.980215,-2.247518,-0.430049,-0.187386,-1.806785,0.817372,0.078591,0.608616,1.151463,-0.702856,0.626701,-0.542716,0.477305,-2.728109,0.635548,-0.366206,-1.444587,0.268962,-0.218701,0.402230,-0.130949,1.145766,0.907863,0.143541,0.887000,32.22,0,AGL Energy,Utilities,
366875,-0.794734,1.472606,0.855601,0.889831,0.093058,1.757047,-0.996740,0.000917,0.193851,0.274023,-1.356740,0.102039,0.241630,-0.912720,0.657197,-0.662103,-0.581801,0.392866,1.474834,-0.131781,-1.163310,-0.335725,-1.027926,0.347404,-0.404422,-0.622125,1.181215,-0.407082,71.11,0,KFC,Food,
367151,0.265151,-0.531796,-0.832440,0.697491,0.195588,0.416416,0.754651,1.147075,0.410833,0.651725,0.538900,0.318324,-0.190616,1.596148,0.002465,1.124389,-0.843813,0.486295,-1.497449,0.777467,-1.569829,0.023907,0.501361,-0.067275,-2.466888,-0.332795,-1.058220,-1.313550,2.80,0,Qantas,Travel,
368243,-0.021587,1.699786,0.748922,-0.790272,-0.817930,0.735487,-0.433572,-0.755055,-0.926625,0.533481,0.093330,0.408433,-1.894545,-0.215092,-0.704214,-0.025716,1.430906,0.153327,-1.677278,0.001697,0.075282,1.918244,-0.260192,0.749119,-0.538159,1.192369,-0.853931,0.323192,27.05,0,Officeworks,Other,Online purchase
368323,-0.674854,-1.235643,0.021643,-1.112420,1.257013,-0.294210,1.328636,0.670964,0.900281,0.351436,-0.387373,-0.477871,2.050161,0.146146,-0.438314,-0.901911,-0.039448,-0.639130,-1.217761,0.751232,-0.185492,0.996671,-0.188846,0.387029,-1.166747,0.125925,-1.752713,0.438091,2.98,0,KFC,Food,Auto-renewal
368418,-0.273260,-0.702733,0.365403,0.292949,1.016403,0.211840,-1.342302,1.238339,-0.820151,-1.605964,-0.077896,-0.731788,-0.708460,0.020219,0.398168,-0.751598,-0.688134,0.331383,1.030371,-0.423579,-0.961667,0.117291,-1.180635,0.608005,2.164535,-1.555844,-0.279354,1.421194,30.80,0,Spotify,Entertainment,
368535,1.354536,-0.640379,-1.225526,-0.855335,1.387970,0.641198,0.573589,0.575989,1.383061,-0.719021,0.327737,1.177154,0.667709,-0.541566,-0.560022,-1.080889,-0.506785,-0.070949,0.526370,1.414104,-0.015420,0.128032,-0.756959,0.325312,0.086435,0.546545,0.528840,1.314436,11.80,0,Steam,Entertainment,
368577,-0.664021,-0.660019,-0.624816,-0.027052,1.288311,0.391143,-0.552827,1.305862,0.529532,0.237029,0.468947,0.914799,-2.358519,-1.809841,-0.347414,1.248342,1.357198,1.269231,1.483645,-0.489864,-0.611677,1.719439,0.230528,-0.689543,0.176612,-0.532486,-0.202031,-0.140672,9.81,0,Starbucks,Food,
368672,-1.353248,0.356626,0.437814,-0.551093,0.483512,0.878373,-0.095291,-0.383385,0.702056,0.895468,0.399421,-2.776773,0.839448,-1.225978,0.158805,0.191019,-1.571239,0.114931,2.734469,-0.826644,-1.787260,-0.773407,-0.139215,0.214834,0.595859,1.525986,0.085029,1.422126,9.66,0,Starbucks,Food,Tap to pay
369502,0.315394,5.150145,-0.070249,1.290977,-1.864011,0.646436,1.126507,0.519127,1.116302,-3.709575,1.069920,6.069222,-1.763053,-6.809728,-0.714819,0.041745,-1.835697,-0.540627,0.087663,2.612832,-2.215028,-1.173744,0.565620,1.870523,-0.251955,0.819381,-0.284714,0.039993,2.36,1,,,
371256,1.069341,-0.378675,-0.597762,-0.485622,-0.658381,-0.613719,0.452207,-0.550503,-0.636326,0.257300,-1.628338,0.678061,-1.249804,0.709441,-1.490033,1.049138,-0.404654,0.219342,0.431655,0.102264,0.392053,-1.157860,-0.288037,0.658414,-0.475052,-0.057327,0.427550,-0.873262,37.00,0,Subway,Food,
372799,0.004755,0.000754,1.373617,1.520950,-0.618096,-0.706458,0.017092,0.456041,0.997448,0.559775,-1.294547,-0.970367,0.250560,-1.080751,-0.526454,1.393145,-1.323845,-0.527632,-1.450515,0.305680,0.828172,-0.951784,-1.302364,0.143487,1.459713,0.421708,0.951763,0.128046,41.35,0,eBay AU,Other,
373004,-0.758704,0.957609,-1.560648,-1.703999,-1.028082,0.424963,-0.296753,-0.939022,0.760554,0.365608,0.669714,-0.652141,0.800744,0.205506,0.917360,-0.853976,0.724774,1.310889,-1.359816,-0.152389,-1.132046,0.412780,1.690635,0.865286,-1.080969,0.387108,1.956393,1.110213,11.56,0,Airbnb,Travel,Recurring subscription
373132,-1.409805,0.855413,-0.208208,1.035815,-2.460452,-0.223310,0.473251,-0.455505,-0.078332,0.789728,-0.817490,0.752822,-0.990988,-1.540077,-1.179858,-0.470978,-1.363983,0.842055,1.440850,-0.633211,-1.031465,0.317482,0.024689,-0.569541,2.367294,-1.028535,-0.714684,-0.295877,115.85,0,Bunnings,Other,Membership fee
373410,1.183780,0.221425,-1.410599,-0.254331,-0.167377,-0.101171,-0.956574,-0.472169,0.581796,0.471540,0.124737,-0.138623,0.257710,1.373234,-0.271076,0.425160,0.228014,0.501096,-0.474246,0.622103,0.360169,0.373698,1.845422,0.018371,-0.512313,-0.382387,0.939606,0.529722,79.30,0,Raiz,Investment,
373938,0.475227,-0.173032,1.662677,-1.030071,1.759928,1.075937,0.231542,-1.450510,-1.425680,-1.484048,1.783983,-0.309609,1.281676,-1.178932,0.450839,1.622926,0.162533,0.491557,-2.259000,1.374375,-0.380623,0.932927,-0.395868,2.610273,0.348878,1.567644,0.392766,-0.062315,4.74,0,IGA,Food,In-store payment
374298,-1.948452,-0.046982,-1.209956,2.024306,-1.161883,-0.112418,-0.197166,-2.772131,0.532940,0.381060,1.536490,-0.002902,0.366154,-0.291627,0.062589,-0.995857,0.004062,-2.244562,0.463726,-1.512667,0.832454,0.400364,-0.165646,-1.011289,-0.218083,-2.007072,0.040806,2.066576,13.51,0,eBay AU,Other,Auto-renewal
374308,0.410921,-0.081294,-0.174871,1.611447,1.595439,-0.836923,1.337270,0.797971,-1.051462,0.860528,-1.473191,0.426212,-1.196537,-1.070368,1.093163,0.410759,-1.283962,-0.619686,-0.125296,-0.374715,0.426396,-0.426298,-0.141849,0.855395,1.231428,-0.177053,-0.017343,-0.716059,23.64,0,Officeworks,Other,Recurring subscription
374412,0.390808,0.340193,1.119342,-0.461177,0.109897,0.069321,-0.685788,0.201074,-0.041258,-0.334981,-0.286091,-0.530494,0.372052,-0.746490,-0.364291,-2.167097,-1.331799,0.553117,0.912212,-0.747364,-0.249834,0.373009,0.257415,0.370283,1.432759,-1.416457,-0.164137,0.089635,1.65,0,Hungry Jack's,Food,
374487,0.259250,-1.234462,0.562865,-0.581159,-0.886904,-0.107252,0.422203,-1.426269,1.527944,-0.464441,-1.194219,-0.674463,-0.366085,-1.392641,1.201309,0.086840,-0.427944,0.872253,0.707414,0.055037,0.282744,0.795980,-0.877931,1.318778,-0.190601,-0.715912,-1.508106,0.826782,13.04,0,Sydney Trains,Travel,Card present
374920,1.678138,-0.991217,-0.228873,0.633356,1.529401,1.779970,-0.277442,1.321558,0.074957,-0.608872,-0.192766,-0.377442,-1.723122,-0.476439,-0.158741,0.565202,1.098161,0.031939,-0.042822,-0.007872,1.428734,1.119800,-1.222280,1.670631,1.481942,2.677056,1.668978,-0.884868,11.82,0,Kmart,Other,
375091,0.506488,0.683945,-0.196501,-0.675871,-0.919536,-0.623499,-0.329380,1.453080,-0.333797,-0.291672,0.363036,-0.429876,-2.017599,1.407565,-0.340105,0.563464,-0.622799,-0.912432,0.314567,1.490983,-0.332023,1.592620,0.053295,-1.363971,-0.260926,0.054027,-1.734972,-2.028500,27.60,0,BP Service Station,Travel,
375141,2.022517,-0.236555,-1.624586,-0.160017,-0.428099,1.046823,0.085021,-0.338046,0.720600,-0.094291,0.676261,0.769339,1.215216,0.921414,-2.268709,-0.422284,-2.097467,1.101748,-0.046369,-0.197055,0.348698,-0.167891,-0.355344,-1.874649,-0.275288,0.223634,-1.290500,-0.265050,24.94,0,Sydney Water,Utilities,
375421,-0.008791,-0.071097,-0.093733,1.807416,0.136916,-1.320716,-0.453910,-1.229143,-0.639211,-0.533548,0.386655,1.341898,-0.672302,-1.007713,0.504396,-0.245046,-0.282095,-1.146517,1.392703,1.171143,0.709223,-1.429572,0.896291,-0.955241,0.019528,1.075889,-0.149547,-1.098149,14.53,0,Domino's Pizza,Food,Direct debit
376115,-0.539094,0.110448,0.241776,0.492673,1.382706,-0.473512,1.055016,0.880453,-0.204563,0.205778,-0.914551,-0.126906,-0.912374,0.690152,0.448915,1.936060,0.348267,0.123029,-0.624247,0.293161,0.252536,-0.730788,-0.911857,1.423939,-0.971990,-0.044240,0.905461,-0.641844,110.13,0,Spotify,Entertainment,
376192,-0.120586,0.613060,-0.779303,0.147204,-0.019789,-2.337586,2.379608,-0.833506,-0.110105,-0.122485,-0.822578,0.069817,-0.703449,0.032138,-0.457677,0.725863,0.526736,0.342130,0.794014,0.302990,0.884779,0.536183,-0.757948,0.596314,-0.497226,-1.399218,1.130965,0.907860,4.29,0,Disney+,Entertainment,
376774,1.801602,3.409073,-0.272593,-2.425173,0.586292,1.495095,-0.842122,1.188316,-0.278151,0.769110,0.471950,0.667246,-0.359723,0.785868,-1.348501,0.340323,-1.431883,0.329173,-1.481678,-0.534100,-1.845410,0.278972,-0.067657,0.970009,-0.790387,0.060023,0.234046,1.663854,8.79,0,Big W,Other,
377149,-2.018016,-0.732812,-0.130945,0.699302,0.371388,0.306936,0.115899,-0.609421,0.389663,-0.979632,-0.399763,-0.977620,0.732065,-0.748833,-0.942756,0.596089,-1.399714,-0.943936,-0.337857,-1.477289,-0.818274,0.930112,-0.559701,1.925264,1.251679,0.014968,-0.293307,-0.402458,50.72,0,Virgin Australia,Travel,
377647,0.322801,-0.121224,-1.101325,1.192365,-0.580621,0.332406,0.258029,-1.861373,-1.073420,-0.172196,-0.590047,-0.524456,-1.165594,0.497814,-0.323431,-0.276129,0.590800,-0.329549,-0.775532,0.257933,1.390782,0.856441,0.471718,-0.521037,1.112453,-0.275219,0.553097,-0.291940,35.57,0,Steam,Entertainment,Tap to pay
377887,0.279773,-0.695258,-0.543607,0.394381,-0.381526,-0.906053,0.154753,0.715040,-1.909108,-0.206325,0.849088,0.106530,0.163883,0.312665,-0.601569,0.400171,-0.483456,-0.798842,0.407098,-0.234900,2.105693,-1.054878,0.760436,1.535416,1.590382,-0.577233,1.560327,-0.024075,1.09,0,Grill'd,Food,
377904,-0.513721,-0.751698,-0.791826,0.179898,0.037685,-1.554228,-1.495402,-0.650205,-1.192239,0.107573,0.605701,0.798072,-0.108938,0.147401,-2.182441,1.314645,-0.539806,-0.397341,0.976305,0.681852,0.394182,0.369552,-1.769436,-0.477406,-0.422441,-1.403392,0.294698,-1.024627,13.55,0,Guzman y Gomez,Food,
378066,0.252925,-1.256503,0.949199,-0.545518,-0.369309,0.171148,-0.905124,-0.668050,0.051065,0.108284,-1.975454,-0.860247,-0.631096,0.182396,1.428165,-1.434323,0.435056,0.105349,1.090558,-0.067712,1.187497,0.236914,2.174353,0.341960,1.319499,-0.525585,1.417480,-1.439319,12.74,0,Sydney Trains,Travel,
378529,-1.431198,-1.874629,-0.249578,0.514047,-0.100710,0.087037,0.935588,0.256157,0.706930,-0.259727,1.439761,1.221649,-1.557666,-1.218647,-2.384686,-0.374770,0.469942,-0.468525,-0.132415,0.361288,-0.011097,0.191376,-0.839073,0.650462,1.277329,0.082640,-1.666798,0.033657,128.81,0,Grill'd,Food,Tap to pay
378776,-0.658888,-0.073058,-0.362532,-1.006164,0.728774,1.019169,0.771295,-1.694420,-2.156193,0.200070,2.044829,1.425796,0.446513,-0.588121,-0.227312,-0.109395,0.374642,-2.128626,-0.921240,-1.297297,-0.685739,1.156621,-1.078638,-0.707641,1.539221,1.193286,0.583247,-0.425162,15.78,0,7-Eleven Fuel,Travel,
378802,-1.361897,-0.328203,-1.191350,-0.460155,1.126391,-1.103152,-0.285511,-0.688237,0.355592,1.927198,-0.364546,1.110469,0.301167,-1.217153,0.582068,-1.477937,-1.559677,0.812893,0.145240,-0.343086,0.187689,-0.075164,-1.357125,-0.257154,-1.490420,-0.018052,-1.645678,-0.172051,31.63,0,Origin Energy,Utilities,
379227,0.425476,1.243012,0.948061,0.749012,0.294377,0.971363,-0.127409,0.072052,1.769784,0.126589,0.011107,1.217022,-0.632380,-1.106420,0.722413,-1.368145,-1.667351,-0.528642,-0.378803,1.305172,0.799292,-0.335462,0.546880,-0.736868,0.992391,0.832880,-1.077584,0.553392,2.24,0,Amazon AU,Other,POS terminal
379396,0.985637,-0.689914,0.111747,-1.576117,0.805054,-0.998181,-1.874837,0.942277,-1.134628,-1.766213,-0.053957,0.336212,1.563389,2.365676,0.350311,-0.275516,-0.663652,0.227825,-0.677289,0.245204,-0.421887,-1.450580,-1.519873,1.644850,-0.559191,-0.536604,-0.162898,0.398237,4.15,0,Woolworths,Food,Tap to pay
379416,2.221527,1.666491,-0.444658,0.595828,-0.112859,0.225713,0.153959,-0.069812,-0.258105,1.568736,-0.337549,0.397507,1.067958,1.434720,-2.419886,-0.863689,0.156387,0.049792,1.166504,0.356107,-0.103771,0.504819,0.014637,-2.082159,-0.787532,-0.568962,-0.705993,-0.442868,105.96,0,Spotify,Entertainment,
379639,1.103983,-1.042473,0.922407,-0.303045,-2.039915,0.090941,0.178797,-0.311610,0.926519,-0.380109,-0.404402,-1.001442,0.051704,0.024674,0.389878,1.980401,-1.513907,0.878803,1.293353,0.479603,-1.633653,-0.510332,0.371888,1.837528,1.311636,-0.379952,0.248650,0.899520,15.56,0,7-Eleven Fuel,Travel,
379887,0.022239,-0.815995,-1.288475,1.456456,0.354688,-1.710201,-0.225786,0.045356,-0.857586,-1.919207,0.383693,-0.668795,1.969177,1.083404,0.347625,0.088425,-0.566701,-0.625873,1.842619,0.561348,1.726877,-1.870522,-1.207967,1.048778,1.040686,1.711822,3.126428,0.796472,12.35,0,Domino's Pizza,Food,Tap to pay
380602,-0.690003,1.345813,0.017306,0.573569,0.106731,-1.682991,1.832964,0.355858,2.426692,0.314194,0.155335,0.082850,0.188067,-0.345433,-0.296552,-0.294631,1.121828,0.634587,0.279670,-1.091895,0.620860,-1.162740,0.586597,0.227351,1.594230,-1.970365,0.454529,-1.340216,31.73,0,Aldi,Food,Auto-renewal
380615,-0.438426,-0.799641,0.776167,-0.116097,1.101799,1.349775,0.340816,-1.167681,1.050842,-0.326210,-1.497955,0.630972,0.085888,-2.235408,1.356521,-1.108344,-0.659608,0.714172,-1.503393,0.798117,0.443340,-0.789182,0.740863,0.410074,-0.890352,-0.970977,-1.427295,-1.443850,12.19,0,Apple TV+,Entertainment,Auto-renewal
380992,-0.693303,-0.025833,0.913345,0.544181,-0.541613,-0.635792,-0.777970,-1.274647,-0.449211,-0.396487,0.818395,0.588676,0.463228,0.914878,1.034955,-0.048627,1.036028,-0.915803,-0.532345,0.323076,0.954585,0.533485,-0.894912,1.339225,-1.658136,-0.412639,-0.931618,0.223136,49.87,0,7-Eleven Fuel,Travel,
381073,-1.282788,-1.501809,-2.207014,0.951440,0.814423,0.665905,0.073970,1.511333,-1.073929,0.349178,1.036937,-0.786454,0.832826,1.303578,1.688911,0.601236,0.625724,1.111820,-1.865847,1.357162,0.265127,0.200378,-0.829638,0.373138,-1.131086,1.254511,0.231618,1.793833,9.10,0,Starbucks,Food,
381306,0.269663,-0.136998,1.898648,1.401945,-0.208027,-0.195325,-0.695742,-1.877988,-1.804106,-1.137830,-0.883462,-1.533058,-0.150712,-0.349166,-0.958683,-0.787910,0.223183,-1.012724,1.139857,-0.196369,-0.059559,1.761885,-0.999897,0.471538,2.026611,1.384073,0.919256,-0.992020,6.33,0,7-Eleven Fuel,Travel,Card present
381430,-0.209540,-1.344554,-0.310426,-0.157473,-0.731536,0.295427,1.582016,0.400390,-1.217731,0.067794,-0.576367,1.604083,0.090294,1.955255,0.291973,-0.486893,0.926089,0.144993,-0.585564,-0.533416,1.356657,0.251894,0.390157,-0.413038,1.419091,-1.246794,-0.263764,-2.405654,47.56,0,Domino's Pizza,Food,Recurring subscription
382144,1.003201,-1.327326,-0.967132,0.390479,0.693540,-0.485639,-0.814902,-0.465981,-0.591297,-1.389501,0.168903,1.014145,-0.159657,-1.217145,-0.862195,-2.367808,-0.966976,-0.876517,-0.171850,-0.243061,-0.459253,1.559388,0.618628,1.064380,-1.205038,0.428288,1.446530,0.619032,1.72,0,Big W,Other,Online purchase
382219,0.251640,0.827260,-0.765516,0.572576,-0.793137,1.269861,0.736983,0.067681,-0.485873,-0.674960,0.531322,0.397630,0.502475,-0.255354,0.122673,0.725224,0.433977,1.291055,-1.059770,0.988174,-0.949330,-0.768695,0.281548,0.760245,-0.168514,-0.962458,0.618644,0.644349,10.90,0,Subway,Food,
382604,-2.190455,0.889211,0.294952,2.191469,1.644236,-0.672469,-0.413001,0.204618,-2.069535,0.021516,-2.081550,0.355508,-0.792742,-1.233084,1.472995,-0.059598,0.943529,-0.840374,2.135144,-0.108209,-1.113925,-0.734759,0.007553,0.101342,0.540427,2.113010,-0.572047,2.708080,2.35,0,Aldi,Food,
382689,-0.097552,-1.994805,0.043359,-0.241200,0.007885,-1.743506,-0.464629,-0.999038,0.675205,0.970359,1.096636,1.619620,-0.943558,0.001791,1.229723,-0.216841,0.287793,-0.009270,1.554555,-0.438060,1.031158,0.250633,-1.866526,1.436588,0.005739,0.842415,-0.632854,-1.609874,18.31,0,LJ Hooker Rentals,Rent,
382785,1.811648,-0.299221,-0.016127,0.136932,0.252448,1.903356,0.387395,2.260269,1.636318,-0.692036,0.726087,-2.334785,1.309893,0.229942,-1.716874,-1.734393,-1.280433,-0.549714,-1.020670,0.253873,2.592692,-0.394001,1.540599,1.564832,0.729936,-0.653239,-1.345404,1.075538,6.94,0,eBay AU,Other,
382931,-0.009233,0.517985,0.095572,1.362594,-1.534411,0.354787,0.288862,-0.480553,0.038244,0.915808,-0.437587,-0.951288,0.564912,-0.060028,0.356687,0.342218,0.420474,-1.461060,-0.254549,-1.256671,1.224092,0.376015,1.864426,-0.025966,0.713599,-1.374600,-1.248182,-0.405308,7.70,0,Event Cinemas,Entertainment,
382964,-1.239408,-0.745170,-1.517615,0.552969,1.012333,-0.311688,-0.256527,-1.157172,0.201211,-0.590572,-0.743304,-1.027739,-0.369288,-0.299674,0.557462,0.381638,-0.932687,0.045442,-1.651947,-0.233270,1.166551,-0.406047,-0.113232,0.796370,-0.634219,0.217933,-0.206566,0.542313,8.12,0,Disney+,Entertainment,
382995,-0.956373,-0.418062,1.485235,-1.880696,-0.749740,1.154036,1.574645,0.666171,-0.748049,1.256977,-0.618542,-0.593603,-0.246658,0.686660,-0.204064,0.556832,-1.961879,0.984144,1.145479,0.625608,0.421069,-0.780742,0.976933,-1.237731,-1.014924,-1.372480,-0.488260,0.653943,6.00,0,Priceline,Other,
383140,-1.336313,1.331284,-2.380323,0.370561,-0.605904,1.005544,-0.979097,-1.855231,-0.601597,0.556978,0.246742,-0.631543,0.505327,0.658022,0.540691,-1.807012,-0.542710,-0.631699,-1.395824,-0.814223,-0.023159,-0.494835,-0.083826,-0.788776,0.596064,-1.776374,0.207690,-1.036084,46.56,0,Chemist Warehouse,Other,
383565,-0.079884,-0.374153,0.039231,-0.677463,-0.075557,-0.246815,-1.890309,-0.322560,-0.881624,-1.393100,-0.015104,-1.243992,-0.414658,0.819740,-0.061042,0.078509,0.258312,-1.309149,-0.257105,-1.173479,1.769972,0.980206,1.096965,0.520228,1.061395,0.897521,0.448255,0.720512,134.77,0,Stake,Investment,Direct debit
384055,0.351651,2.004178,1.153059,0.292416,0.931686,0.788830,-0.079591,-0.513635,-1.371344,0.345005,1.373055,1.034561,-0.020804,0.088143,1.595230,1.774235,0.828717,-2.478854,1.358480,0.442382,0.172981,0.378401,0.671802,0.501934,-0.725283,0.413513,-0.278908,0.022840,15.03,0,Officeworks,Other,
384066,-1.343541,-0.549959,0.295065,-2.023180,1.029363,0.925812,-1.232049,-0.732826,0.372381,0.808209,0.482982,-1.974593,0.068034,0.751634,-0.815955,0.067792,-1.236906,-1.912996,-0.014192,0.711739,0.511995,-0.229065,-0.412178,0.004082,-0.270512,1.514443,-1.821900,-0.220838,77.07,0,Chemist Warehouse,Other,
384219,0.569644,0.556196,-0.968263,0.449859,0.250954,-0.222737,-2.114002,-0.236791,0.342452,0.224763,0.512428,1.434861,1.617437,0.760318,-1.456601,-1.867036,0.563359,0.646590,0.285483,1.694226,-0.602158,0.237386,0.916281,0.165880,-1.656932,0.262730,0.984687,-0.702970,7.32,0,Aldi,Food,
384676,-1.976189,0.030795,0.617366,0.555793,1.072534,0.611045,-0.419560,1.198340,0.378081,0.031804,0.610946,0.388364,0.749833,0.110751,-0.365646,2.009939,-2.088560,1.356204,1.740699,0.612623,-0.000796,1.155006,1.345985,0.179461,-0.077435,-0.367311,1.253366,-1.781384,6.19,0,Officeworks,Other,
384721,-1.209593,-0.486158,1.217491,-1.245368,0.590092,1.067167,1.574600,0.164558,0.978453,-2.166818,0.574221,0.261304,-0.790962,-0.564328,1.853590,0.237222,-0.014788,0.249638,0.727723,0.538387,-0.763295,0.707890,1.227359,0.819385,0.857085,1.165790,-0.071143,-1.648333,11.64,0,McDonald's,Food,
384722,-0.578483,-0.702552,1.465309,0.322466,-0.302059,-1.612815,1.352301,-0.415216,-3.407291,-1.540934,-0.380259,0.460522,1.092879,-0.282986,-0.962638,-1.786929,-0.171374,0.037579,2.429304,-0.353134,-0.893987,-0.800057,0.638499,-0.754387,-0.063809,0.585822,0.794557,-2.777142,243.58,0,EnergyAustralia,Utilities,Direct debit
384900,-2.253371,-0.804111,-0.113339,-2.175461,0.285631,0.325704,1.479688,0.952057,-0.580086,1.314258,-0.119259,0.787010,-0.761971,-0.261067,-0.421398,-0.153875,1.121139,-2.410107,0.212714,-1.098828,0.752642,0.335125,0.784012,-0.148006,-0.160402,0.611768,-0.518455,0.116023,89.35,0,Event Cinemas,Entertainment,
385161,0.352946,-0.984485,-0.904423,-0.543027,-0.344478,0.175179,0.545029,0.435236,-0.058458,-0.177379,0.751824,0.702373,-1.717132,-0.514712,-0.117733,0.048594,-0.247821,0.755372,0.726709,1.065823,-0.498542,-0.748178,-0.571077,1.148237,1.462064,-0.785238,0.022441,0.989479,9.15,0,Virgin Australia,Travel,Direct debit
385366,-0.422576,1.608043,-1.403292,0.868383,-2.484365,-2.496875,0.756114,1.955163,-1.536959,0.248090,0.720589,-0.294530,0.569674,-1.775359,0.974174,-0.620705,-0.482505,1.281070,-0.595645,0.019861,-1.200600,-1.189148,-0.752104,0.079540,1.674719,-0.200738,0.003862,0.270105,18.22,0,Amazon AU,Other,
385451,0.429838,-0.455794,0.405759,-0.506236,0.607936,-2.341083,0.387864,0.280490,-0.455713,-0.296243,2.432167,-0.351151,-0.532657,0.250334,1.030496,-1.287941,0.876375,1.004544,-2.225597,1.027239,0.177908,-0.297964,0.850929,0.697176,-1.297930,-1.392208,-0.192700,1.272174,5.50,0,IGA,Food,Tap to pay
385720,-0.383396,1.308567,-0.056595,-0.319114,0.012143,-0.839642,1.583843,0.221689,0.874540,0.872700,-0.029485,-1.237932,0.025152,0.202759,0.475227,0.390763,0.043922,0.961460,-0.213177,-0.998085,0.259594,-1.968812,-0.667156,-1.191119,-1.120030,-0.207819,0.653472,-0.820665,16.27,0,KFC,Food,
386031,1.175959,-0.004452,0.896053,2.429688,-0.569562,0.528142,0.925785,-0.924171,1.047493,-0.328718,-0.245507,-0.536305,-1.486324,1.134046,0.766707,1.487470,0.200010,-0.705702,0.111519,-1.161760,1.639328,-0.292642,-0.827352,-0.802291,-0.399928,1.074056,1.397840,0.908128,33.76,0,Disney+,Entertainment,Tap to pay
386379,1.883168,0.374459,2.444686,2.171447,-2.207304,-0.596600,1.563691,-1.786586,1.357664,-1.871401,-0.097790,-1.117244,-0.924373,0.427142,-0.751135,-1.318979,-1.944979,-0.320640,0.735311,-0.451506,0.248801,1.342289,-3.219962,-0.129415,1.559907,0.069456,0.786138,0.196921,2.91,0,Vodafone,Utilities,POS terminal
386379,-0.971232,0.472195,-0.731851,-1.129854,-2.179425,-1.155678,0.193275,-1.077050,0.446172,0.481397,-0.309368,-0.967096,1.337924,-1.720388,-0.312306,-2.260379,0.003006,0.640040,-0.126955,0.664160,-0.183093,0.088976,-0.701254,0.104794,1.742271,0.656098,-1.634000,-0.622316,1.87,0,Subway,Food,
386555,-0.967250,0.206442,-0.111197,-0.077899,-0.084050,-0.681101,-0.336902,-0.592894,-0.894899,1.585099,-0.061752,0.154414,-0.640262,-0.213954,-0.339109,-0.377716,1.141006,-1.667910,0.696452,-0.791687,-0.587522,-0.712309,-1.758657,0.526705,0.261338,-0.434826,1.452282,-0.276149,34.57,0,Origin Energy,Utilities,
386931,-1.448488,-1.291063,1.475241,0.679236,1.315501,2.755956,0.189176,-0.205523,1.421356,-1.322766,-0.529912,-0.078352,0.377255,-0.796231,0.941628,-0.226173,-0.512309,-1.109883,0.133360,-0.114142,1.300880,-0.708661,1.007999,-1.570547,0.446335,-1.619066,-0.460718,-0.363838,13.97,0,Suncorp,Insurance,
387134,-0.447688,0.387752,-0.462991,0.112616,-2.569362,-0.326994,1.443382,-1.404395,-0.182193,0.156280,-0.079301,0.514838,0.852244,0.397101,-0.517563,-1.079265,2.041683,-2.012702,-0.521466,-0.221791,0.378354,0.117440,1.326934,1.769709,-2.287905,0.749958,-0.711944,-0.624074,49.50,0,Translink,Travel,Card present
387384,-0.472160,0.935761,-0.975356,-0.826495,-1.331062,0.603992,-0.177697,-0.141946,-1.735738,0.195204,-0.760129,0.868705,0.363826,-0.391779,-0.163837,0.473412,-0.456735,1.452040,0.713396,-0.799046,0.493724,0.564908,-1.798486,-0.988703,1.157930,-1.302547,-0.278518,-0.955574,33.14,0,Big W,Other,
387424,0.209586,1.492008,-0.067922,-0.727841,-1.003619,1.573236,-0.723327,1.736301,0.147677,-1.206887,1.381167,-0.056475,0.166251,0.845181,0.121269,1.062183,1.021962,-0.127694,-0.824789,0.554669,-0.586031,0.888938,-1.220987,1.040583,-0.983244,0.365262,2.856815,0.463510,18.56,0,Apple TV+,Entertainment,POS terminal
387578,0.837235,2.461022,0.890268,2.174720,0.691306,-1.687994,-0.924784,-0.619241,-0.595251,0.275411,-0.036726,-0.881042,0.236427,1.748587,-0.174231,1.879040,0.447005,0.848436,-0.442253,-1.750229,1.199527,-0.655784,-0.607396,-0.157878,-0.165576,0.345757,1.883801,-0.062894,111.66,0,Acme Corp Payroll,Salary,In-store payment
388006,1.026051,-0.858853,-0.595370,0.590785,1.364016,0.066748,0.730251,2.498223,-0.271281,-0.369067,1.733880,-0.416350,0.331483,-1.016145,0.804211,0.533515,1.535053,1.369163,-2.222212,1.775531,-0.098291,0.088659,0.404498,-1.059670,0.789213,0.516512,0.462953,-0.556564,4.42,0,Spotify,Entertainment,
388140,-1.696054,-0.727555,-0.282613,-0.017318,0.632398,-0.430968,-0.666734,0.477059,0.111151,-0.759617,0.346617,-1.099030,-0.056641,-0.269774,0.945729,-0.716334,0.207157,2.143466,2.905235,0.207269,1.408721,1.214311,-1.602975,0.943338,-0.914960,1.022817,0.134867,-0.386369,21.29,0,Airbnb,Travel,POS terminal
388568,0.769922,0.126444,0.524270,0.441871,0.224791,-1.204574,-0.439510,0.176610,2.425656,-2.832811,-1.356405,-1.356937,-1.066641,0.322306,-0.786541,0.851868,-1.066816,1.054551,-1.389439,0.130663,-1.774680,-0.139913,-0.622542,-0.977763,1.745008,0.860660,1.535586,0.067067,23.51,0,IGA,Food,
388799,-0.689880,-0.008180,0.025008,-1.391491,1.822215,-1.477602,0.537176,-0.707453,0.598504,0.880303,-0.020107,-0.502244,-0.375649,-1.298232,0.878239,0.585508,1.250892,-1.924118,-0.153478,-0.710325,1.057431,-1.043582,1.303423,1.470824,-0.402024,0.250360,-0.231613,1.662294,751.65,0,eBay AU,Other,
388874,-0.507074,-1.398427,0.696495,0.388219,0.681639,-0.139621,0.047443,0.602508,-1.294410,-0.925207,0.200558,0.381908,0.217758,0.792436,1.631705,-1.356430,-0.247448,-0.866459,-1.247957,0.652957,1.432643,1.217576,1.106706,-2.208752,1.646545,-0.204884,-3.052307,0.533585,84.61,0,Optus,Utilities,
388879,-0.243273,0.963610,-0.910101,-0.633269,0.120600,0.895436,-1.429727,-0.774857,-0.461112,0.367174,1.107431,-0.436535,-1.166220,-0.511916,-0.038112,-1.139490,-0.992516,-0.494350,1.148946,0.893289,-0.082622,0.338944,1.152726,-0.620123,1.472058,-0.880820,0.776224,-1.667563,3.07,0,Subway,Food,
388899,0.390194,0.703319,0.736595,-0.306556,-0.370511,3.018573,-0.248057,0.910592,-1.269192,-0.637878,-1.302781,0.467465,0.251063,-1.211395,-1.127579,-2.079927,-0.098767,-0.218025,-1.081983,-0.063812,-1.889328,-0.238213,-0.209058,-0.372183,-2.618404,0.084915,0.114841,-0.328961,35.39,0,Amazon AU,Other,Online purchase
388912,-0.552095,0.647610,-1.196018,-1.065757,0.490445,-0.496374,-0.326138,0.217967,0.985759,0.195346,-0.533934,-0.737491,-0.849964,0.848360,-0.368007,-0.083098,1.875217,0.082117,-1.100971,0.765972,-0.283745,0.455603,0.064239,-0.096689,-0.898927,0.572421,1.469256,0.607522,53.63,0,Booking.com,Travel,Auto-renewal
389091,-0.125136,-1.228807,-0.424500,-0.425887,0.196726,1.909284,0.690192,0.088208,0.347359,-1.551983,0.818014,1.595160,-0.783309,-0.047141,0.079268,-0.348734,1.502895,0.586620,-0.169457,0.046175,-1.063605,-0.462557,-0.824936,0.259817,-1.251518,0.823910,2.055954,-0.995492,41.00,0,Origin Energy,Utilities,Auto-renewal
389171,-0.375299,-0.414939,0.556876,0.581775,-0.075412,-1.428995,0.605599,-1.600146,-1.799887,0.373408,0.950483,-0.525100,0.609874,0.437132,-0.921685,0.122361,-0.792343,-1.963276,0.196149,-0.314973,-0.760396,0.047430,0.318319,-1.060475,0.883861,0.097710,-0.208316,0.185298,8.49,0,Allianz,Insurance,
389225,0.019954,0.225652,1.263470,0.420442,1.141502,0.551747,0.037887,0.310712,2.590179,0.081561,-0.064676,1.490936,-0.534624,-0.237576,0.981596,-0.753453,-1.043822,0.104074,-0.979560,2.192375,-0.579907,0.068664,0.127171,-0.389823,-1.677767,-0.634465,-0.061497,1.443064,53.75,0,Hungry Jack's,Food,Recurring subscription
389366,-0.678989,-2.824665,-0.499847,-0.490830,0.848169,1.190320,0.203875,-0.999983,2.892416,0.931879,0.384271,1.961132,-0.894553,-0.510106,0.660895,0.668360,1.521405,-0.487338,1.256315,-0.338968,0.249696,-0.451039,0.430928,-0.806362,-1.245307,-0.408473,0.572492,2.176724,35.20,0,Officeworks,Other,Auto-renewal
389379,-0.020115,-0.886560,1.005053,-0.065270,-1.343557,-0.005265,-1.348754,0.926265,-0.411495,-0.674349,-0.030958,1.489657,0.891198,-0.132478,1.231540,-0.619086,1.266908,0.231722,0.432962,1.874207,1.686555,1.357451,-0.164852,-0.328173,-0.540305,-0.653164,1.424436,0.647031,548.49,0,Capstone Inc,Salary,
389501,0.065185,1.096007,-1.012311,0.620526,0.043734,2.381479,-1.371983,0.123468,0.416360,-0.098740,0.201554,0.754502,-0.790236,-0.182561,-1.468730,0.629788,0.202725,0.591821,0.962424,0.284829,1.302580,0.946539,-0.888664,-1.186635,-0.139689,-0.135217,0.570989,1.858224,216.06,0,Subway,Food,
389708,0.840174,0.980370,-0.846005,-0.399201,-0.713403,-1.551964,0.064219,-0.197023,0.525125,-0.049162,1.713968,0.869649,-0.312926,-0.080839,-1.902384,0.519199,-0.137881,-0.027152,-1.631834,0.016246,0.056837,0.755683,0.235467,1.061037,0.831268,0.280686,-0.977261,1.053584,5.27,0,Coles,Food,
389791,-0.694085,-1.811083,-0.431377,-0.608703,0.831826,0.678905,0.956169,0.344235,1.166677,0.171989,-2.420988,-1.291932,-0.970388,-0.160807,0.606207,-0.432748,-0.021958,1.304831,0.255139,-0.646152,0.007548,-0.028092,-0.436967,0.681545,-1.220103,-0.817590,1.549973,-0.263378,25.77,0,Woolworths,Food,Direct debit
390469,-0.247567,0.394442,0.453432,0.598299,-0.475401,-0.132784,0.700485,0.302809,0.045034,0.936344,-0.865309,-1.388601,1.285730,0.320310,0.423555,-0.331164,0.475423,0.738283,0.993665,0.303137,1.343148,-0.269593,0.389602,0.513732,1.002561,0.373205,0.482797,2.059121,9.25,0,PlayStation Network,Entertainment,In-store payment
390535,0.858863,0.035087,-0.934840,1.685740,0.068377,-0.344561,0.536662,1.529530,-0.326074,0.227947,0.696270,1.564867,-0.885761,-0.722754,-0.824781,0.848949,-0.291542,-0.185460,-1.458482,-0.351981,0.791850,1.073061,-1.239189,-0.403626,-0.453597,2.071288,-0.896275,-0.651621,12.51,0,McDonald's,Food,
390703,1.502271,-0.409358,-0.146078,1.166147,0.588456,0.082724,1.774449,0.434689,-1.059269,-0.936552,2.384211,-0.189844,0.233532,-0.247285,-1.584156,-1.148965,0.172156,-1.878509,0.132080,-0.259781,2.730276,0.174259,1.896606,-0.626576,0.661434,-1.341987,0.297945,-1.496888,37.19,0,Translink,Travel,
390822,2.148223,0.018089,0.093503,0.954688,-0.624275,-0.502318,-0.007050,-0.751158,1.398652,-1.536692,0.879437,0.566497,0.953350,0.098056,-0.798880,-0.864191,0.851478,0.908418,-1.652779,-0.244330,0.238492,-0.578910,-0.143977,-0.222977,-0.377089,0.403451,-0.560790,-0.574203,49.05,0,Big W,Other,POS terminal
391234,-1.695804,0.527341,-1.477410,0.001258,1.045635,0.936019,-0.210242,-0.099425,-0.754602,1.156316,0.980300,-0.093898,1.479227,0.148929,1.358333,-0.166967,1.929809,-0.481917,-0.970247,0.369061,-0.137994,0.797812,-0.715825,0.986217,-0.103525,-0.597599,-0.650039,-0.888712,34.06,0,Sydney Trains,Travel,
391683,-1.341254,0.392003,-1.167150,0.143112,-0.060833,2.262675,-2.077393,-0.966611,-1.161775,0.716789,1.467403,0.395847,-0.285586,-1.694011,0.059117,-0.539620,-1.018940,1.984598,-2.302436,0.859796,-0.256531,-0.676143,-0.952117,0.057261,-1.310278,0.894412,-0.482127,-0.257528,25.42,0,Coles,Food,
392040,-0.380052,-0.086733,-0.237108,0.185255,1.328194,-0.601011,-0.187404,-0.864464,-0.054952,1.148072,-0.864111,-0.385963,-0.138350,-0.677054,-0.453857,1.446971,1.368557,1.320120,0.047201,0.209409,0.087806,1.423750,-0.241916,0.033950,-0.633474,1.174733,0.249409,-0.061076,11.08,0,Raiz,Investment,Online purchase
392114,-0.495386,1.435697,-1.058522,0.358702,-0.029682,2.447629,0.802897,0.182653,-0.172016,1.486473,0.679981,-0.350046,0.893811,-1.390379,1.276702,-0.834805,0.259621,1.877499,0.031120,-0.775416,0.185542,0.292638,0.403726,-1.183413,0.210426,0.600693,0.384842,-0.905173,7.32,0,Kmart,Other,
392336,-1.234221,-0.635788,0.247435,0.234717,1.181022,-2.647489,-0.079905,-1.017706,-1.088870,0.552653,-0.159653,-0.133609,1.577823,0.182161,0.265574,1.006290,1.233596,0.687039,-0.157562,0.399893,-1.969503,-1.293052,0.634254,0.050141,-1.385157,0.320661,0.195982,0.784184,23.93,0,Telstra,Utilities,
392498,0.084628,0.205188,-0.174581,-1.155996,1.052133,-0.098150,0.107891,0.099716,-0.988101,-0.892891,1.493735,-0.969077,0.483661,0.641153,0.296788,0.253308,-1.922593,0.406916,1.200764,0.409984,-0.604717,2.756157,-0.061517,-0.740282,2.372953,0.329385,-0.840705,0.224992,59.31,0,Subway,Food,Recurring subscription
392529,-1.284065,-1.013402,-0.973182,0.678788,-0.006047,1.685965,0.527397,0.855377,-1.803428,0.061839,0.821104,-0.437626,0.922257,-0.220016,0.032482,-0.931026,-0.106311,-0.314354,-0.113370,-0.415164,0.217880,1.211421,-1.301816,0.415095,-0.742244,0.165268,-0.163219,-1.585594,6.97,0,IGA,Food,Tap to pay
392549,0.851173,1.341685,0.927634,0.327915,-0.141409,-0.697065,-0.559881,-1.078196,0.209627,-0.569564,-1.437893,-1.579806,-1.525040,0.456093,2.061772,-0.598088,-0.242985,-0.180365,-0.680946,-0.560317,0.699327,-0.321295,0.923570,1.299828,0.260447,2.167360,-1.533934,-0.198685,56.64,0,Guzman y Gomez,Food,
392576,1.744734,-0.168731,1.201012,1.374871,-1.725028,1.305811,-1.689909,-1.399498,-0.470219,-0.598640,1.091220,1.098400,0.654151,-0.824482,-0.487503,-1.054842,1.201819,-0.596293,-0.390816,3.431806,0.586301,-0.055914,-1.508245,0.890236,0.232261,0.187150,-0.386845,1.826410,175.25,0,Origin Energy,Utilities,
392607,1.456066,0.333096,-3.037273,0.724610,0.414725,0.112764,0.674426,-0.334286,0.845105,0.032995,1.741348,1.381876,0.704054,0.390749,-0.689069,0.058850,1.406417,0.306688,0.433176,0.384706,0.590740,-1.721115,-0.534437,0.181257,1.039648,-0.002804,-1.157236,-0.109735,13.32,0,Kmart,Other,
392987,0.458295,0.226268,0.576526,0.791290,-0.410027,-0.908631,-0.748723,1.167699,-1.322328,0.218036,0.780984,-1.356186,-0.614694,-0.874302,-1.240345,0.049805,0.649860,0.324972,-0.723351,1.010015,-1.912498,0.330918,-0.525260,-1.244676,-0.489862,-0.878353,0.085219,0.426109,24.37,0,Shell,Travel,
392997,-0.634682,-0.547660,1.639679,-0.426385,0.871233,-2.459760,-0.306010,0.517688,-0.377442,1.091117,1.173534,-1.280347,0.279241,0.738292,1.816408,-1.490567,0.100831,0.845253,-1.158337,-2.198910,0.376322,0.487379,-0.664976,-0.047288,0.419850,0.762568,-1.277794,1.265452,4.12,0,Vodafone,Utilities,Card present
393009,0.003393,-0.532533,-2.027130,-1.069028,0.979335,-1.210304,0.258159,-1.170955,0.529332,-0.323592,0.059304,2.801849,0.014960,-1.979613,-2.378842,1.829857,0.718473,-0.589862,-1.487666,1.234110,0.221574,1.056516,1.071266,1.205471,0.987668,-0.603124,1.257266,0.736721,18.34,0,Vodafone,Utilities,
393025,0.184646,0.835539,1.743153,1.681018,1.312573,0.228530,-1.963950,1.751354,-0.027506,-1.813584,0.287282,-0.237357,1.811520,-0.918460,0.151431,-1.073150,-0.981194,-0.017112,1.062275,0.823563,0.403844,-1.095224,-0.456563,0.113968,-0.823571,0.826470,1.688170,-0.059156,26.07,0,Chemist Warehouse,Other,
393145,0.175571,-0.578897,2.238813,0.780343,0.407519,1.125676,2.214599,0.524111,1.684782,-0.326784,-1.843436,0.489588,-0.951546,-1.842271,0.737161,-0.407531,0.882428,0.517820,0.080541,-0.649798,0.209194,0.491779,0.537108,0.971630,0.806058,0.572094,-1.201194,-2.649861,24.59,0,Optus,Utilities,
393711,0.107255,1.493898,-1.102277,-1.172859,1.035527,0.944738,-1.264470,0.383831,1.603959,-1.127440,-1.170623,1.866220,-0.142986,1.152759,2.059756,0.772891,-1.171128,-1.106346,1.858403,1.584196,0.345030,-1.112027,-1.424699,-1.175482,-1.264572,0.139014,-1.735757,0.348285,17.30,0,Suncorp,Insurance,Tap to pay
393803,0.590321,0.392795,-0.145575,-0.137643,0.313968,0.208237,1.456653,0.974616,1.882342,0.492622,0.837135,0.641559,-0.530302,0.011507,-0.525224,1.532525,1.846202,0.709697,-0.938082,0.308904,1.473501,0.627573,0.154675,-0.209282,-0.856642,-0.370499,0.502044,0.757443,118.19,0,Apple TV+,Entertainment,
393963,0.927968,-0.287511,-0.301787,0.651570,1.043140,-1.212134,1.517260,-1.654778,-0.771960,1.639649,-0.454585,0.873375,0.366385,0.984443,1.415360,0.057195,0.641820,-0.939087,-1.634961,1.175704,0.364353,-0.047679,-1.404745,-0.259482,-2.037329,-0.859337,1.186819,0.193047,409.91,0,Amazon AU,Other,Online purchase
394308,0.414969,-0.169097,1.006784,-0.237798,0.276771,-0.263890,-0.063969,-1.430011,0.035974,-0.790950,-1.785877,-3.088344,0.787528,1.269254,-0.160213,0.999388,-0.807009,1.218955,-1.325554,1.378505,0.750158,1.422126,-0.445592,-1.353563,1.890003,0.689671,0.775546,2.140271,198.06,0,Big W,Other,
394429,-1.392674,-0.803140,0.062949,-0.169328,2.058599,-2.036050,-4.312496,-0.214118,0.062850,-1.015679,-0.042220,-0.387335,-0.679182,1.021026,0.482814,-0.044548,0.603674,-0.824179,-2.034543,0.161447,0.626349,1.121132,-1.336431,0.963063,0.570960,-2.073695,0.315434,0.441776,4.14,0,Starbucks,Food,
394464,-1.910379,-0.735739,0.088176,1.592511,-0.923712,-0.508507,-0.239444,-0.146020,-0.562026,-0.349738,0.117543,0.222459,0.389971,0.438789,-0.154630,0.531108,1.061368,0.099856,1.538605,0.443061,-0.950182,-0.301272,0.388967,-0.570764,-0.646873,1.174482,-0.591065,0.614533,34.95,0,Sydney Water,Utilities,Tap to pay
394465,1.811923,1.990869,0.749338,0.039525,1.531489,1.000385,-0.643847,-2.129867,-0.899593,1.362042,-0.440360,0.194504,0.752426,-0.380197,0.773572,0.753127,-1.236642,-1.572875,-1.592207,-0.544932,0.160090,0.176042,-1.165673,-0.871581,0.031377,1.994099,0.156303,-0.570131,61.80,0,Big W,Other,
394830,-0.496838,-0.576812,-0.135957,-1.307611,-0.569870,-0.343765,-0.575336,1.357681,-0.643395,-0.406323,0.422689,-0.967910,0.511754,-0.390985,-0.721169,0.888824,-0.342405,0.592552,0.155418,1.030153,0.204590,0.077072,-1.527138,0.279859,0.409412,0.265077,0.506270,2.808869,37.67,0,KFC,Food,
394845,1.472046,0.397140,-1.293559,0.051238,-0.609098,-1.626260,0.036184,1.733451,0.107624,0.661000,-0.387598,-2.799764,-0.276430,-0.498147,0.230957,-0.354745,0.606212,-0.257465,-0.203990,-0.362920,0.742996,0.164142,-1.243717,1.525197,1.699314,-0.851055,1.785859,0.157046,24.19,0,Belle Property,Rent,
395023,0.179876,2.785816,0.334629,-0.097020,-0.510926,-1.748414,0.274626,-0.113268,1.334690,-2.419394,-1.677956,-0.267318,1.167887,-1.936778,-2.889924,0.168991,-1.440167,0.295121,0.751735,1.292202,-0.310400,-0.445369,2.080770,0.930352,1.457443,0.479351,-0.375708,-1.738887,5.72,0,Booking.com,Travel,
395062,-0.934671,0.690944,2.850955,0.115843,1.963566,0.839661,-0.292507,0.925672,-1.950393,0.485798,1.133922,0.922048,1.155221,0.136068,0.366034,0.232893,-2.152766,2.407469,0.152562,-0.738104,-1.348455,0.022495,0.126069,0.934027,-1.285204,-0.807748,-0.537822,-1.015948,20.92,0,RentPay AU,Rent,
395085,-0.185586,0.658708,1.244249,0.061405,-0.476481,0.531224,-0.222842,1.160221,0.386605,0.192184,-1.136598,1.970805,1.212060,0.723956,-0.193595,1.291983,-0.131920,0.764708,0.613797,-0.734774,0.683808,0.851033,-0.208167,0.820049,-0.290051,0.494588,0.068948,-1.018541,9.28,0,Translink,Travel,
395146,-0.377676,-0.255489,1.109904,0.371895,-1.411910,1.957262,0.867219,1.469246,-0.982669,0.042746,-0.207958,-0.396528,0.430016,0.283981,-0.776804,0.971327,0.351899,0.256559,0.451469,-0.279029,-0.702541,0.226406,0.685473,0.511936,0.583118,2.276322,0.911861,0.019184,19.22,0,IGA,Food,Auto-renewal
395450,-1.908091,0.791309,-0.438719,1.014941,-1.159709,0.101023,-0.980203,-0.405706,2.467716,-0.454018,0.142380,-0.988103,-1.593273,0.698180,1.049140,-0.311894,-0.392724,-0.506197,-1.413706,-0.365229,0.252606,0.498307,0.641590,-0.997752,-0.902667,-0.671454,1.913558,1.589331,21.93,0,RentPay AU,Rent,Membership fee
395912,1.938269,0.119470,1.534244,1.271047,-1.992973,0.252050,0.465510,-1.131523,-0.301005,0.483067,1.725696,0.483112,-0.957777,-2.022160,-0.721926,1.699760,0.070630,-0.379904,0.703827,0.348765,0.303561,0.963853,0.097448,-1.872620,-0.337182,0.990721,0.272721,-1.101878,25.24,0,Apple TV+,Entertainment,POS terminal
395923,1.121166,-1.093217,0.280555,-0.122297,-0.349782,-0.131457,0.726358,0.412595,0.346425,-0.011621,1.714034,-1.060733,-1.462214,1.735504,0.890865,-1.734576,0.992418,-1.448960,1.467447,0.010758,-0.209869,-0.564730,-0.031969,-1.454577,0.022070,-1.052394,0.383610,-1.458306,6.13,0,KFC,Food,
395954,0.610328,-0.171116,0.097511,0.201531,0.093774,-1.232824,-1.589489,0.182319,-0.679806,-0.584531,2.225718,-1.218596,0.830478,-0.027219,-0.306897,-0.801236,-0.471008,-0.037604,1.360606,-1.669358,0.208209,-0.170528,0.472016,-0.578060,0.034967,0.612488,0.514340,0.480230,25.16,0,Aldi,Food,POS terminal
395990,0.068354,0.525063,0.908076,-1.620211,2.060024,-2.936076,-0.754039,0.675872,0.598208,2.264679,-0.390134,-0.188767,0.384918,1.793905,-0.266343,-0.790007,-0.499666,0.882267,0.762084,0.757745,-1.671217,-2.143177,-0.649694,0.471280,-0.126754,-0.972190,0.014370,0.190544,141.50,0,Uber,Travel,
396016,0.480401,0.355597,-1.849761,0.960157,-0.483393,0.087053,1.539239,-0.792253,-0.878988,1.651282,0.418809,-1.813364,-1.854038,0.003162,-0.797986,-0.795181,-2.375059,0.693607,-1.054852,0.666665,-2.080173,0.214502,1.014787,-0.971147,0.269704,0.082379,1.098921,1.860518,1.10,0,Hertz,Travel,
396301,-1.644122,-1.427431,0.787046,0.433810,-1.444077,-1.368989,-1.480235,1.712006,-0.204597,1.343495,-0.184255,-1.077086,1.193214,-0.582609,-0.426893,-0.982192,-0.573360,-1.346931,-0.322020,0.041914,0.985116,0.693872,-2.699689,-1.378941,0.292257,-0.055335,-0.401956,1.463367,8.48,0,IGA,Food,
396327,0.564233,-0.283742,0.320239,0.258368,-1.067176,-0.164483,-0.010687,-0.128137,0.618282,1.080909,-1.943021,1.476513,-0.688733,0.031525,0.432056,-0.587729,0.336123,0.891880,0.255842,-0.144080,-1.847524,0.005662,-1.613575,-0.760248,0.656693,-1.014191,-0.709643,-0.651204,95.50,0,Officeworks,Other,
396327,0.341011,0.133752,0.756763,-1.894391,-0.117375,1.358332,-0.456483,-1.464033,-1.498353,1.212433,0.433257,-0.635667,1.313447,-0.694748,-0.287106,0.970791,2.653672,1.760003,0.002565,1.485326,1.177957,0.944374,-0.624937,-2.257198,0.424799,-0.783016,0.217234,0.778837,99.46,0,Virgin Australia,Travel,
396426,-0.080524,0.814770,0.973838,1.840188,0.424765,1.543331,-0.982421,1.871265,0.681618,0.555902,-1.127567,0.548904,0.054024,-0.853297,-0.287631,-0.063230,0.189395,0.063553,0.164976,0.829582,-0.006826,1.268936,-0.198356,-1.290304,-0.133923,-1.080855,-0.209848,0.348128,7.42,0,AGL Energy,Utilities,
396494,-0.241362,0.726698,1.096785,0.974136,0.523643,-1.470893,-0.201776,-0.233440,-0.564178,-0.107998,0.992989,1.142818,-0.371760,1.208211,-0.359493,-0.603880,-0.051652,-0.121247,0.616229,-0.139093,0.657291,0.765560,-0.167384,1.051598,0.172367,-0.072084,1.053878,-0.771042,10.06,0,Tech Solutions Pty Ltd,Salary,
396810,0.299811,1.557364,-0.221703,-1.596695,-0.102671,-1.758803,-0.558568,-0.492309,0.677884,1.029889,0.469624,-0.627914,-0.311043,-0.245389,-1.871337,-1.052800,-0.487155,1.594280,-0.405566,-1.218848,1.704319,0.049935,-0.660237,0.087515,-0.768940,-0.200003,-2.155281,2.199357,33.53,0,eBay AU,Other,POS terminal
396874,-0.356526,0.855545,-0.342619,-0.392345,0.948072,-0.115902,1.103433,0.721200,0.219613,-2.402910,0.185965,0.699121,0.272063,-1.182886,1.281225,0.157471,0.507027,-1.020848,0.144173,0.378393,-0.959150,-2.410979,-0.225509,-0.561868,0.362451,1.577857,-0.064565,-0.381863,115.14,0,Netflix,Entertainment,
397117,1.310260,0.340666,0.306879,0.239555,0.242068,-0.191839,-1.333036,1.089737,-0.501871,0.317276,-0.843373,0.492513,0.808169,1.473107,-0.544131,-0.897323,0.440225,-0.852198,-0.567227,0.042238,1.596177,-0.267203,0.551967,1.494953,-1.354373,0.525576,-0.193413,-0.477651,86.24,0,Allianz,Insurance,Recurring subscription
397174,-0.241598,-0.558274,0.287371,-2.268539,0.629869,-0.025393,0.097473,-2.265795,0.181359,-0.818611,-0.863366,0.199116,0.815089,-0.730566,1.580293,0.508801,-1.194415,-0.632951,1.431052,-0.080424,-0.462020,-0.001624,0.095906,-0.132547,-1.678780,1.790819,1.261870,-1.739872,55.94,0,EnergyAustralia,Utilities,Recurring subscription
397258,-0.522153,-1.582816,-0.348074,-0.742291,-0.238490,-0.789338,1.009053,-0.257270,-0.681451,1.868028,-0.389182,0.566561,1.833037,0.090154,1.329621,-0.666194,-0.764698,0.442050,-1.873265,-1.090161,1.053140,0.338573,0.634337,0.634725,-0.498506,0.955128,0.472050,-0.508514,13.19,0,Starbucks,Food,
397315,-0.535264,0.034178,-0.442833,-0.849293,0.005948,-0.869155,-0.303788,0.693182,0.852263,0.089571,-0.379906,-0.936303,0.054086,0.274733,1.589734,-0.102089,0.235566,0.014226,1.124541,-0.774569,-0.035503,1.130960,-2.011120,0.873631,-1.384950,-0.519328,0.446947,0.730078,35.21,0,Spotify,Entertainment,
397404,-1.546565,-0.363069,1.505224,-0.726425,-0.313443,-1.683230,-0.230866,-0.886219,0.889112,1.472223,-0.379503,2.380133,-0.399158,1.043574,-1.285516,0.023889,-0.284549,-0.225123,0.888255,-0.303981,2.123050,-0.354826,-0.323358,0.891093,1.144832,0.027026,0.079011,-0.776658,85.59,0,Translink,Travel,
397496,0.270360,-0.469821,-0.128470,1.440626,-0.772673,1.526249,0.126503,0.221440,-0.108844,-1.341180,2.218453,-0.418326,1.411474,-1.231189,0.100212,1.256044,-1.056162,-1.064174,-1.331018,-2.820798,1.111694,1.091930,0.527791,-1.778363,-0.343128,0.643384,0.060733,-0.864916,16.61,0,Hertz,Travel,Recurring subscription
397553,1.281650,0.320294,0.088986,1.013517,-1.477304,-0.570964,0.894381,-0.460283,-0.425782,0.596834,1.763855,-1.256001,1.592951,-1.693107,1.624261,-1.389541,0.298292,-0.076853,0.204938,0.173443,-0.826285,1.967212,-0.030441,-0.162363,0.684761,-0.100587,-0.925452,0.575665,35.25,0,Hertz,Travel,
397744,0.431357,0.180150,0.735166,-0.828343,-0.503644,0.004350,-0.474706,-0.208987,-0.105949,-0.099980,-1.070321,0.258132,0.480820,1.161755,0.828232,0.274216,-1.319869,-0.555699,-2.387403,0.354763,-0.131358,0.784881,0.133528,-0.947602,-0.685565,-0.685482,-1.682581,-1.620889,3.90,0,Big W,Other,Online purchase
397751,-0.088240,-0.141558,0.189723,2.704656,-1.612950,1.714303,0.945924,1.947244,0.459372,0.934225,-2.481163,-0.322715,-0.223694,-0.377125,-1.154317,-0.448975,1.582971,1.177585,-0.132155,1.049134,0.402975,-0.707614,-0.336795,0.308425,1.506393,-0.273405,1.245824,0.407481,23.93,0,Domino's Pizza,Food,Direct debit
397791,-0.302527,-1.080135,-1.132735,1.191283,-0.146473,-1.540197,1.602738,-0.299983,-0.602027,-0.708767,0.222469,0.302132,0.744879,0.659489,1.205897,-0.013010,-1.352447,-0.406244,0.190495,-0.213237,1.086904,0.818188,0.207533,1.006606,0.985957,1.903864,-0.255433,0.243183,3.90,0,Qantas,Travel,
397909,-0.268563,0.944051,1.200478,0.875444,-0.973868,0.802880,-0.129923,-1.144028,0.221895,1.075560,1.324129,1.260079,-0.339946,0.112721,-0.265059,0.841627,-1.629801,0.730304,1.214891,-0.476213,-0.261974,-1.202822,0.753025,1.041539,0.926405,0.001940,2.402336,-0.671938,15.57,0,LJ Hooker Rentals,Rent,
398075,1.840498,1.706798,1.098611,-2.223478,0.219627,-0.864829,0.459863,-0.685890,-0.192014,0.543079,-1.164927,-1.172966,0.434206,0.016723,-0.583978,-0.168846,0.080912,-0.409335,0.161765,-0.521613,-0.542439,-0.444709,-0.515168,2.255860,0.537692,1.212051,2.511759,-0.314945,211.47,0,Amazon AU,Other,
398427,0.369637,1.082848,1.399511,0.882578,0.503537,-0.413955,-1.440483,0.571671,0.700547,1.699710,1.604337,0.117178,-0.238794,0.545088,-0.427233,-0.631184,-0.786578,-0.340002,-1.397478,0.586983,0.164089,-0.235021,-0.445426,-0.692030,-1.356679,0.212893,-0.842782,0.617177,9.30,0,SelfWealth,Investment,
398570,-0.308316,-0.121223,-0.820374,-0.404882,-0.792692,0.539313,0.653937,-0.257686,0.189098,0.318063,0.432466,1.322831,1.058414,-1.369391,-0.975602,0.186462,0.481130,0.177847,-0.888058,-0.052635,-1.435457,1.303071,-0.427068,-1.258593,-0.428613,0.853208,0.682607,-0.550190,25.33,0,Steam,Entertainment,
398875,-0.288561,-0.230612,-1.057954,-0.073202,0.144952,0.032837,0.321213,0.469307,-1.953209,0.182825,-0.650893,0.198098,0.835134,1.524065,0.969514,0.353523,-0.622106,0.577123,0.200444,-0.501780,-0.315857,-1.892088,-0.191320,2.337010,-1.122148,-0.995238,-0.330178,0.041390,73.62,0,Big W,Other,
399069,-0.196271,-2.543697,-2.170473,0.361354,-2.424448,1.222259,2.083974,-0.716988,0.477693,-0.054419,0.239784,-0.465051,1.228215,-0.940614,-0.267424,-0.593174,-0.476525,-0.685401,1.171321,0.244069,1.863357,-0.315351,-0.714948,-1.191678,0.876863,-1.377761,1.416913,0.578729,8.82,0,Spotify,Entertainment,
399409,2.071081,0.074549,-0.289245,0.569978,0.184829,-0.539462,-0.784243,-0.647863,-0.328665,-0.884233,-1.237030,-0.954288,-0.221925,0.995048,-0.914000,0.414831,-0.115136,0.101354,-2.086772,-0.485830,-1.901822,-0.208857,-0.371238,0.549886,0.862928,0.319344,-0.062780,0.108984,25.45,0,NRMA Insurance,Insurance,In-store payment
399477,-1.255533,-2.025976,-2.005880,-1.155125,-0.399862,-2.164395,-0.287974,-0.199494,1.147452,-1.401347,-0.242207,1.024251,1.000824,0.909224,-0.249774,-0.412140,-1.166963,-1.481159,-0.409785,0.683933,-0.058838,-0.095552,0.876892,-0.109446,-0.632465,-1.151617,0.631205,-0.209483,32.26,0,Kmart,Other,
399722,-0.205836,-0.495252,0.952670,0.339462,1.929892,1.448913,-2.345651,-0.184345,1.431372,-0.438882,-0.187864,-1.570806,-0.303810,1.256076,0.590528,-0.802889,0.552771,1.151052,-0.508643,1.091201,1.295735,0.616916,0.119124,0.838545,-0.000188,-0.727112,-0.939430,0.839864,17.11,0,Domino's Pizza,Food,Online purchase
400046,0.617155,-0.885770,-1.226071,-0.073325,-0.812550,0.659143,0.157446,0.755902,-0.156587,0.731234,-1.215889,1.905997,-0.878582,-0.895313,-0.713134,-0.788452,-0.173061,-0.215715,-0.473023,0.625139,-0.795346,0.745720,-0.007367,-0.711708,-1.048461,0.963624,0.212944,1.313761,7.51,0,Apple TV+,Entertainment,POS terminal
400449,-1.298045,-0.019632,-0.788108,0.791807,0.899129,1.575457,-0.356390,-0.258484,1.181926,-0.223517,-1.671348,-0.213289,0.254802,-1.285489,-1.777692,-0.092912,-1.320157,-1.161833,0.738270,-0.036519,0.155132,0.400130,-0.178419,-0.566787,0.078491,0.460831,0.357299,2.608913,33.02,0,Event Cinemas,Entertainment,
401309,0.551937,0.395843,-0.266874,-0.449946,-1.182866,0.016454,0.236034,-0.585514,-1.078780,-0.937942,0.937359,-0.437898,-0.724101,0.756932,-1.601732,-1.681176,1.112690,0.940683,1.286335,-1.261487,2.034775,-1.124059,0.495479,0.703276,0.526023,-0.548353,-0.097674,-0.087430,1.97,0,Guzman y Gomez,Food,
401674,1.335955,-0.795770,2.950451,-0.156982,1.074468,-0.622214,-1.070692,-0.653212,-1.336364,0.064186,-0.798323,0.042692,0.839375,0.702023,-1.257058,0.390297,0.741953,-0.622846,1.184728,1.611429,0.561938,0.040944,0.642034,-1.100822,0.802114,-1.880329,-0.009678,0.866628,28.92,0,JB Hi-Fi,Other,
401814,0.251464,0.713493,-0.602907,1.347317,-0.395703,0.590738,0.670998,0.245601,0.314827,0.811253,1.293866,-0.593986,-2.227408,0.193166,-0.374306,0.135673,-0.121480,0.769983,-0.396812,-2.106286,0.561738,0.742010,0.328669,1.268158,0.193460,-0.393829,-1.008545,0.638359,5.79,0,Chemist Warehouse,Other,
401997,1.087043,-0.793965,-2.359469,0.029500,1.672930,-0.030067,1.015996,1.987483,-0.172483,0.046421,-0.816151,-1.069205,0.914269,-0.673021,-0.267069,-1.366711,0.097740,-1.547448,0.341254,0.732541,1.394012,-0.902146,-0.098532,-1.161977,0.223106,-0.281794,1.714280,-0.285426,47.95,0,BP Service Station,Travel,
402116,-0.794936,-1.206240,-0.107590,0.820225,-0.432080,0.297853,-1.030618,-1.354440,-0.689372,0.227979,-1.095717,0.616632,-1.231892,-0.023484,-0.980779,0.843239,0.678412,0.028927,-0.396268,-0.008911,-0.934915,-0.410459,-0.526574,-0.954616,-1.145733,0.469908,-1.253038,-1.338864,3.19,0,Aldi,Food,Online purchase
402141,-0.484081,1.858025,0.854675,0.198757,0.480627,-0.342817,0.361479,-0.877575,-0.733249,-0.218726,1.133793,1.141079,0.819707,-0.816700,0.913932,-0.938426,-0.408433,1.220490,-0.354068,-0.080637,0.703704,0.829776,0.453027,-1.372298,1.868700,-0.815835,1.289475,-0.765610,13.05,0,IGA,Food,
402304,1.052311,-0.419980,-0.495982,-1.853509,2.925453,1.850433,0.350432,-0.205198,-0.421972,0.496100,1.213889,1.976333,0.026162,0.132328,0.989918,0.234808,1.614912,0.788860,-0.626814,-0.763098,0.471715,2.760338,-1.511698,1.755557,0.895937,0.057709,-0.516087,0.673263,70.25,0,BP Service Station,Travel,
402393,-0.848378,-2.073153,-1.676385,-2.344772,0.807613,0.540063,1.967252,2.081417,0.803686,-1.413527,-0.116100,-1.141221,1.126927,0.349740,2.168830,0.712845,0.291712,-0.028052,1.521135,-0.469261,1.308667,0.151152,-1.017665,0.938250,-0.293564,0.750950,-0.031146,-1.193881,24.41,0,Belle Property,Rent,
402477,1.002355,0.152645,0.797874,0.767422,1.349051,0.694515,-0.600682,1.204573,0.280380,-0.641657,-2.051943,0.270935,-0.959885,1.640278,-1.244149,-0.592187,1.012993,1.068425,-0.902334,-1.120968,0.084287,-0.538487,-0.040915,0.390012,0.566462,-0.943345,-0.014440,0.378430,3.86,0,Spaceship Voyager,Investment,
402798,-0.491615,-0.954898,-0.486279,0.166464,0.297417,-0.604568,0.441522,0.693821,-0.949147,2.107585,-1.180127,0.023190,-2.024889,0.377835,-1.159381,0.209727,-1.198428,0.842840,0.294079,-0.202409,0.538557,0.186913,-0.969429,-0.359737,-0.636484,0.135766,0.625505,0.334335,672.61,0,CommSec,Investment,
402970,-0.720953,-0.270690,0.655402,0.716560,0.808862,-0.802199,-0.432716,-0.331019,0.802662,1.245979,2.012556,1.549772,0.756393,0.105325,0.346447,2.099154,-1.215150,1.049068,-0.074245,-2.406565,-0.257878,-0.203186,-0.963228,0.170519,-1.010777,1.547456,0.046208,1.425620,6.78,0,Booking.com,Travel,
403124,-1.226507,-1.026149,0.882164,-1.603829,1.265004,1.869305,-0.710495,0.515191,-1.057952,1.755990,1.495644,1.089108,-1.006451,-0.703404,1.131586,-1.006772,0.457756,0.425766,-0.308376,1.039480,-2.165725,0.012541,1.228527,2.856722,-0.642039,-0.999326,-0.545650,-0.791700,21.22,0,Origin Energy,Utilities,
403384,0.713452,1.220082,0.045462,0.901277,-1.151668,0.047883,-2.046620,0.520133,-0.643950,0.452666,0.928763,1.166159,0.824912,-1.889461,0.787841,1.143152,-0.651609,-0.741247,0.329391,-0.227034,-0.969357,-1.894552,1.577943,0.717343,0.384289,1.587889,-1.840696,0.638361,12.86,0,Guzman y Gomez,Food,
403395,-0.576787,-0.249864,0.949364,-1.574998,0.129632,0.125391,0.305668,0.964332,1.163052,-1.335909,0.894600,-0.594740,-1.421289,1.410825,-0.979464,0.524194,0.580068,-1.099502,-0.683495,1.322266,-0.336231,1.136251,-1.259234,-0.256155,-0.757861,2.672488,2.516774,0.253192,104.36,0,Guzman y Gomez,Food,
403485,-1.520666,6.638036,-2.281065,-2.558127,-1.892020,-6.014189,-1.183994,0.690883,0.854294,-5.104596,-1.389855,-5.437681,-0.131626,8.649463,-1.677111,1.707292,7.990879,-0.292336,-0.141779,2.668348,-2.504607,-0.157034,-0.687159,3.003269,-0.070001,-7.355127,-0.703270,2.106359,379.94,1,Prepaid Card Reload,Other,Manual review
403652,1.666278,2.535094,-0.275211,0.435042,2.095909,0.968205,0.826890,1.386572,1.240985,-0.208731,0.875367,-1.099287,0.512983,0.005191,0.871254,-0.387894,-0.018530,-0.117070,-0.218717,0.975973,1.804194,0.055395,-0.212686,0.423766,-0.974065,-0.189193,-0.732657,0.823354,6.56,0,Virgin Australia,Travel,Card present
403664,-0.332542,0.092623,1.163664,-0.076296,0.632354,-0.721480,0.702547,0.528930,0.295597,1.263405,0.475763,-1.283951,0.047629,1.354386,-0.939428,-1.698541,-0.181579,-0.760038,0.002155,-0.510666,0.606281,1.741195,1.664336,-0.149736,1.564159,-0.645204,-0.009345,0.359036,9.38,0,Disney+,Entertainment,
403681,-1.974902,-1.012094,0.927935,0.679349,-0.321485,0.807064,0.006155,0.059661,-1.569735,0.246238,0.325455,0.182455,-2.866000,0.249122,-0.038328,0.373275,-0.194656,0.576495,-2.115129,0.662031,-0.945454,-0.005306,-1.111691,1.042118,0.127367,-0.620836,0.947279,-1.010868,10.26,0,Coles,Food,
403875,-0.176508,-0.270012,-1.298750,-0.710135,-0.301405,1.806442,-1.566187,0.346510,-1.211460,-0.236856,-1.193390,1.052609,-0.480784,-0.834477,0.904177,0.740239,1.103246,-1.514997,0.569319,-0.941746,0.226800,-0.781924,-1.024150,1.295668,0.062453,1.188842,-1.301196,-0.199865,69.11,0,IGA,Food,
403910,0.968003,-1.329249,0.531880,-0.342228,0.424876,1.640079,-0.742525,-1.780973,-3.285067,0.562436,0.472532,-0.327723,-1.080644,-0.981646,-0.226751,-1.794835,-0.292754,1.226665,0.327016,0.221109,-0.564372,-0.499924,-0.148848,-0.603388,0.629996,-0.969314,-0.726013,0.556485,28.68,0,Officeworks,Other,Card present
404036,0.328652,-1.055810,-2.141551,1.467464,0.350180,0.271381,-1.663613,-0.410762,-0.401014,1.020376,-2.324116,0.432248,0.517451,0.138322,0.258879,1.103114,-0.319747,1.779137,0.312860,-0.011186,-0.295288,-2.141433,-1.110507,-0.470677,0.506765,1.055646,0.590114,0.636509,3.57,0,Kmart,Other,Online purchase
404221,-1.391799,-0.862029,-1.026631,-0.577645,-1.770032,0.646976,-1.006737,-0.198443,-0.761549,-1.719582,-0.216135,-0.367801,-0.851258,0.328466,0.230969,-0.201397,0.259381,-0.236958,-0.021056,-0.965521,-0.534765,-0.155537,-1.431412,0.575905,0.350980,1.199467,1.218057,0.608178,19.38,0,Booking.com,Travel,
404597,1.829833,1.430037,-0.332069,-0.287552,0.897870,-0.010525,0.196667,0.536681,0.211745,1.601631,0.349785,1.635602,-0.576101,-1.405998,0.524509,0.175105,-1.351085,1.698448,0.445877,0.727540,-0.898166,-0.363325,-0.558480,1.469790,-0.598550,-1.175671,0.833942,-1.256987,15.29,0,Bunnings,Other,Card present
404686,-0.023745,-0.321411,-1.180020,-1.559793,0.538628,-1.149892,-0.400628,0.382057,-0.373189,1.248150,-0.469582,0.674734,1.722115,0.299577,-0.332026,0.368588,0.831111,0.998722,-3.108685,0.587588,0.174151,0.876612,-1.235441,1.041821,0.792873,-0.409214,-0.281247,-0.063408,82.73,0,Subway,Food,
404735,0.217919,0.251681,0.878178,0.600466,-0.978099,-0.296938,-0.578463,0.939800,1.248577,-0.150944,-2.800827,0.835770,-0.574272,-1.228466,-1.266959,1.569620,-1.685875,1.611658,-0.085524,0.308412,2.110857,-1.072147,0.398155,0.878310,1.033785,-0.598052,-0.879841,-1.798917,7.89,0,Tech Solutions Pty Ltd,Salary,Card present
404747,1.741225,-0.236942,-0.230413,0.893742,1.491636,0.176415,0.224418,-0.485828,-1.217502,-0.366758,-0.299639,1.658243,-0.776671,-0.227539,-1.574575,-0.406441,-0.724511,-0.337712,0.340351,-0.610369,-1.833945,2.061515,-1.010894,0.331761,1.289678,-1.312508,-0.444347,-1.030527,63.53,0,KFC,Food,
404990,1.224444,0.595680,0.368991,-0.098607,-0.387737,0.566093,-1.129116,-0.317788,-0.493969,0.863351,1.983727,-1.600212,0.906002,0.223041,0.147787,-1.302701,-1.083842,-2.255450,0.655877,-0.652251,1.273504,-0.794762,1.660314,-0.706055,0.063912,0.120517,-0.640609,0.925680,12.60,0,Sydney Water,Utilities,
405045,-0.531434,-0.718885,1.434313,1.102961,-0.789394,1.131232,-0.721456,-1.546821,0.602065,-1.593213,-0.612242,-0.405944,0.912732,1.279154,0.795987,-1.262408,-0.318752,0.506877,0.528201,-1.068886,0.053223,0.942716,-0.745089,-0.872074,-2.416338,-1.415580,0.214674,-0.190024,31.67,0,Acme Corp Payroll,Salary,
405090,-2.515333,-0.317875,-0.270454,-0.833695,1.978424,-1.117053,0.215838,-1.591547,-0.477658,0.755886,1.014408,-1.699529,0.411550,0.498544,-0.868261,1.639244,0.265119,-0.220677,0.151975,-0.376355,0.578398,0.155668,-0.300208,0.560277,-1.152534,-0.802222,1.868112,-0.717813,15.03,0,Priceline,Other,Recurring subscription
405535,1.357098,-0.598859,-1.056272,-0.562040,-1.390458,0.375747,0.742590,-1.125239,-1.132629,0.673817,0.070215,-1.016611,-0.400822,-0.014470,-1.692487,0.015000,-0.727404,1.492547,0.498883,-0.922292,1.033140,-0.741624,0.522410,-1.095742,-0.109839,0.114422,1.272449,1.517269,3.98,1,,,
405556,-1.332470,-0.159649,-1.097769,-0.271752,0.350878,-0.041346,-2.726539,-0.862511,0.586990,0.750610,0.742999,0.575468,1.086171,0.564025,-0.432010,0.225496,-0.264354,0.279495,0.802822,0.559690,-0.178123,0.670845,-0.118114,1.092777,-0.551141,-2.675455,-0.465980,-1.707522,26.33,0,Shell,Travel,Auto-renewal
405659,0.440294,1.266034,-0.151456,0.387713,0.094616,0.782590,0.655645,-1.523519,0.456471,0.388915,-0.739246,0.993679,1.334387,0.736108,-1.358685,-2.082397,-0.548424,1.502050,2.346230,0.229864,0.159740,-0.059679,-1.225055,0.003276,1.518426,-0.069545,3.209493,-0.751352,74.06,0,Steam,Entertainment,Tap to pay
406031,-1.100751,-0.602450,0.811354,0.383771,0.233214,0.274968,-0.469230,-0.927559,2.216784,-1.052015,-0.413317,1.148574,0.488856,-0.567103,0.647890,0.055641,0.651498,0.326509,-1.311098,0.763864,-1.445189,-0.328162,-0.262504,-1.289187,-0.375351,1.639312,-0.129219,0.277863,1.17,0,IGA,Food,Card present
406349,-0.816445,0.722513,-1.302276,-0.704387,1.433962,1.424059,0.497327,0.937394,0.002710,1.107446,0.135215,-0.172715,-1.309271,-0.371052,-0.477420,0.430786,0.566448,0.024457,0.495446,1.421255,-0.070799,-1.036549,0.187087,1.115837,-0.039649,-0.296559,-0.127539,0.520580,2.85,0,Airbnb,Travel,POS terminal
406464,0.428073,-0.186183,-0.338715,0.486134,0.143709,-0.780887,-0.318762,-0.192075,-0.081009,-0.122079,0.123978,-1.842289,-1.565551,-0.591633,-1.222970,-0.403792,-1.077603,-0.830645,1.271821,-0.651523,0.153252,1.169549,-1.996737,-0.524142,-0.620442,0.570377,2.255799,0.229577,25.41,0,Suncorp,Insurance,
406629,0.643526,-1.025485,-1.204178,-1.064366,-0.005643,0.793295,-1.316859,-1.053473,0.218451,-0.540916,1.134799,0.021540,0.533144,0.457296,-0.377712,0.416657,-1.590977,0.403358,-1.784127,-0.294810,-0.897355,-1.517228,0.947642,0.462355,0.479479,0.655037,-0.140677,-1.395355,1.55,0,Domino's Pizza,Food,
406802,-1.102419,-0.026909,0.823433,-0.971323,0.879120,0.681752,0.945780,2.546750,-1.031131,-0.432040,-0.950056,0.436686,0.510692,-1.295947,-0.429932,-0.928117,-0.319651,1.079945,-0.906428,0.291775,2.275673,0.344182,0.672712,1.246235,-0.246450,-0.619942,1.371228,0.393983,4.20,0,Woolworths,Food,Card present
406814,-0.741222,0.578788,0.353116,-1.277927,1.193315,1.249032,0.802362,-1.936948,-1.014498,0.003086,0.074742,0.989608,0.563018,-0.501203,0.334144,-1.019934,-0.100263,1.318175,-0.275484,0.370841,0.597540,0.245863,0.682082,-0.151110,0.080428,1.565380,1.267576,-0.156316,18.27,0,Coles,Food,
406965,0.384700,1.286085,-1.295859,0.265407,-0.275057,0.039076,-1.067442,0.000892,1.622742,-1.763363,0.295588,0.377701,-0.243237,-0.822880,-0.543601,0.635665,-0.913509,-0.121656,-0.696496,-0.188567,0.311977,0.747945,-0.772578,-0.966815,0.315563,-0.809201,-0.473318,0.214196,148.11,0,Starbucks,Food,
407551,0.136603,0.668309,0.102922,-0.674676,-0.448226,0.844737,2.179777,-0.642913,0.012167,0.452861,0.203378,-0.074352,0.381635,1.396335,1.694326,0.512743,-1.371649,0.853467,-0.641516,0.576931,0.011402,-0.469813,-0.621836,-0.258519,0.184088,-1.906414,-1.785777,1.746896,11.77,0,Hungry Jack's,Food,Recurring subscription
407572,0.568858,-0.744976,-0.606906,-1.141063,1.785849,-0.568768,0.188510,-0.009094,-0.707455,-0.455261,0.118561,1.158601,-0.227018,-0.346537,1.894114,-0.824379,0.501430,0.237327,0.194942,0.125252,-0.503171,0.177870,1.335361,0.826290,-0.455718,1.127285,0.045980,0.852544,11.07,0,IGA,Food,
407584,-1.404985,1.196989,-0.187068,0.058511,-1.518400,2.678528,-0.201560,-0.781923,1.282010,0.491508,-0.805589,-0.585496,0.824143,0.702607,-0.168275,-0.612597,0.655380,1.259670,-0.645420,-1.139505,-0.370379,0.688254,1.454263,1.882365,-2.150615,1.114755,0.860305,-0.167159,12.47,0,Officeworks,Other,
407613,-0.051920,-3.553155,0.081499,0.070199,-1.239900,0.253764,-1.925347,-0.361823,0.923191,-6.147112,-0.269806,-7.175201,-0.688288,7.965985,0.603956,-1.579862,1.927291,0.601261,-0.372326,0.321451,-0.682083,-3.066509,-0.491551,1.609670,0.000026,-0.383018,-0.248484,-1.650574,578.07,1,eBay AU,Other,
407653,0.393129,-0.343257,-0.693968,-0.456940,1.180374,0.603848,-0.703705,-0.230373,-0.738347,-0.764679,-0.538721,0.405343,0.094975,-0.617171,0.627597,-0.164893,0.574857,-0.876177,-0.702906,-0.069674,-0.868384,-1.215231,0.080606,0.567652,-0.301463,-0.726397,-0.198973,1.422024,7.79,0,Disney+,Entertainment,
407675,0.624441,-0.174824,-1.327343,0.797698,-2.134412,1.541180,-1.422231,0.920517,1.020108,-1.033836,0.178317,1.016111,0.786248,0.021733,0.556172,-1.419779,-1.484909,0.501310,-0.287516,-0.191022,0.483161,1.544949,0.786384,-2.113700,0.828400,-0.012678,0.741673,-0.160213,31.87,0,Grill'd,Food,Tap to pay
408053,-0.484817,0.427600,-1.659623,-0.457389,-0.214483,-0.192286,0.780940,-0.972435,1.325881,0.106798,1.584649,-0.416545,1.002799,0.271068,0.447407,0.809214,0.092038,-1.590163,-0.686187,1.777310,0.636163,-0.024127,-0.449384,0.113703,0.080845,0.266782,-1.022632,0.178178,12.66,0,Disney+,Entertainment,Membership fee
408223,-1.132005,0.938272,-1.292977,-0.101982,-0.048927,-1.498596,-0.303607,-0.118903,0.374747,0.596065,1.391288,0.399796,-0.217841,-0.715414,2.177422,-1.069673,-1.986268,-0.647226,0.811244,0.331897,-0.523024,-0.048375,-1.095069,-0.687133,-1.964929,-0.567096,-1.497386,1.323822,3.78,0,Guzman y Gomez,Food,Auto-renewal
408340,-1.196030,-0.116353,-0.057967,-1.045030,-0.901768,-1.698717,0.148559,-1.179946,1.961724,-0.456275,1.302418,-0.194031,0.919282,-1.753818,0.540714,-0.461674,-2.028384,0.033027,0.355244,0.478118,1.170205,0.027118,1.595952,0.892137,-0.695885,0.267878,-1.609593,0.114674,2.20,0,Hoyts,Entertainment,Membership fee
408356,-0.046383,-0.119457,0.424274,0.992040,-0.251943,-0.690259,-0.933017,-0.331181,-1.504105,1.343076,0.084819,-0.826576,0.389562,1.369204,-1.272191,0.340159,-1.655118,-0.670815,1.095140,1.806234,0.115597,-1.315447,0.532361,1.913877,1.220315,-1.090137,0.275359,1.230102,94.63,0,Qantas,Travel,
408464,0.862323,-0.408377,-0.083274,1.844982,0.592953,-1.697464,0.714395,0.623167,1.327026,-0.111404,0.798759,0.753258,-0.283687,-1.471915,-1.193164,0.516985,0.586019,0.722327,-0.553927,-0.695482,-0.083604,-1.836516,-0.474361,-0.217998,-0.534837,-0.021578,-1.086490,-1.009162,19.01,0,Origin Energy,Utilities,
408527,0.095988,1.520103,1.954319,0.694713,0.874361,-0.916903,-1.275447,1.175987,0.198449,-1.151022,-0.355120,-1.017036,0.409252,0.650011,0.021921,-0.145482,-1.242728,-1.298436,-0.915037,-0.129980,-0.041065,-0.839602,0.766684,-0.454235,-0.422384,1.952722,-0.625524,-0.525522,2.06,0,Stake,Investment,
408649,-0.183402,1.762122,1.141799,0.358494,1.108599,0.198872,0.032104,-0.770411,-2.372835,-0.918098,-0.211751,-0.655267,-1.326227,0.651969,-0.732623,-0.403550,1.984552,-0.949883,0.660224,-0.313406,-0.661252,-1.296280,1.151953,-0.143067,-0.231592,0.277858,-1.500767,0.436308,18.74,0,Tech Solutions Pty Ltd,Salary,
408841,1.932574,-0.289595,-0.607894,-0.628600,0.236234,0.311289,0.867045,-1.042424,0.799753,-0.174600,-0.019275,-2.286664,0.526669,1.997854,-0.454003,1.352602,0.425921,1.863765,0.731118,1.638345,-0.389147,0.295527,-0.959597,-0.210537,-0.141765,-0.814951,0.517177,-0.647319,10.30,0,Aldi,Food,In-store payment
408982,1.688981,-0.257411,-1.041146,1.277520,-0.739268,1.700012,0.854855,-0.187484,2.900113,-0.310060,1.921126,1.158718,0.116286,0.933820,-1.281953,1.169003,-0.596057,-2.285500,1.401246,-1.069291,-1.021194,1.253549,-0.036233,1.118629,1.109011,-0.674212,-2.451503,0.506151,12.76,0,Officeworks,Other,In-store payment
409658,1.217737,-0.303212,0.642467,0.490524,-0.163706,0.798895,2.332193,1.484655,-0.247121,-0.064447,0.071585,-1.401420,1.261157,-3.102802,-0.342588,2.255229,-0.598223,-0.636799,0.093834,-0.333880,1.576778,-2.063079,0.478856,0.090525,0.393576,0.867999,1.053577,0.477454,25.64,0,McDonald's,Food,
409848,0.343483,2.431719,-0.209607,1.327003,-0.204640,-0.435854,-0.876973,-1.532396,-0.051845,1.676281,-0.445107,-0.242546,-0.247694,-1.202705,-0.458588,-0.202689,-2.025020,-1.525532,0.748032,-1.297256,1.181424,1.347628,-0.508856,0.124905,-0.527428,-1.522683,1.176541,-0.818796,18.86,0,Subway,Food,Direct debit
409967,-0.604509,-1.357825,0.307503,-1.678782,0.350359,0.486565,-0.095562,1.437009,-0.522504,0.068033,-0.687604,0.045452,-0.563516,0.616253,-1.928636,0.340309,-0.455035,0.497099,0.642612,-1.019771,1.193869,-0.638091,0.863485,0.878275,1.072149,0.297595,-0.126794,-0.594920,1.14,0,Qantas,Travel,
410240,-0.033358,-1.080883,0.181543,0.327365,0.438163,0.039235,0.291993,-0.353304,1.071099,-0.059224,0.605496,0.974500,0.934870,-0.141230,0.756275,1.601861,-1.373689,0.246768,-0.887229,-0.245531,1.270913,-0.981141,-0.026626,1.423588,0.238144,1.715929,-0.647875,-1.794439,8.12,0,Ticketmaster,Entertainment,Recurring subscription
410328,-0.094250,-0.095350,-0.582187,-1.339204,1.289376,-0.065381,-0.824753,1.552527,-1.231678,-0.335871,1.868455,-0.977873,0.262477,-0.453731,0.020918,-1.250067,-0.677690,-0.035907,0.309753,-0.756897,2.154695,-0.114633,-0.219731,-0.710427,-0.435177,-1.043385,1.211806,-0.281367,230.47,0,Woolworths,Food,
411164,0.074952,-0.221742,-1.265462,0.099579,0.615130,0.171357,-0.254707,0.573199,-0.267088,-1.024053,-1.138613,1.797006,-0.719860,0.068573,0.967435,0.686542,0.233765,1.699777,1.505988,-0.584831,1.217084,0.616900,-0.461754,1.041391,1.118509,-0.185742,-0.148032,0.211678,4.99,0,Subway,Food,
411180,-0.239954,-0.586756,0.724511,2.333529,-1.010443,1.853105,2.017429,-0.362585,-2.265906,-3.938994,-0.843500,5.510059,-2.350867,-7.483711,-1.564643,1.358860,-4.638442,3.557981,-0.301146,2.459899,0.020184,-2.604929,-1.435599,-0.717857,0.235750,1.763672,0.093062,2.348665,1.35,1,Virgin Australia,Travel,
411350,0.083266,-0.717732,-0.457839,0.525186,-1.126586,0.634652,1.733677,-0.533255,-0.856652,-0.375827,-0.490899,2.066936,-1.265401,0.359704,-0.574556,-1.110599,1.264510,-0.119355,1.505992,-1.605486,0.118167,-0.422365,1.241001,-0.629992,0.086829,-0.521929,-0.198910,-0.298483,24.31,0,7-Eleven Fuel,Travel,
411536,0.166332,1.494700,-1.564055,0.467817,0.685146,-0.864518,-0.181685,0.561907,-0.487795,-0.580688,-0.808329,-1.488119,-0.762621,-0.401298,0.377796,0.460090,1.282873,0.127633,0.186542,0.917351,-1.044916,1.313180,-0.291672,-0.529252,-0.932414,-0.333298,-0.126940,0.624761,10.76,0,BP Service Station,Travel,
411604,-0.166400,-1.576025,1.337812,1.001596,-1.027427,0.150197,0.257740,0.930154,-1.075782,-0.585255,0.601043,-0.702565,1.691603,0.460836,0.556760,-0.321666,0.311570,-0.581553,0.836409,-1.579062,0.942671,1.202318,-0.777596,-0.528551,0.529508,0.794731,-0.537464,0.568008,10.77,0,Raiz,Investment,
411825,0.563999,0.481397,-1.491066,0.437351,-0.421185,-0.857967,-0.134207,0.178487,-1.880031,0.509883,1.133484,0.154769,-1.314116,1.463746,-0.291021,0.367342,-1.264010,-0.306472,-0.252697,-1.488136,-0.157638,-0.231394,-0.939999,-0.446245,0.279950,0.203697,-2.377668,-0.465957,125.72,0,Aldi,Food,Direct debit
411932,2.322967,2.195704,-0.158242,0.115217,-1.337105,-1.748864,-0.441752,0.274547,-1.606475,-0.435819,-1.367220,0.195902,-1.375185,0.988258,0.653846,1.142076,-1.013258,-0.174433,-0.879766,-1.773402,-0.295917,0.089623,-0.846738,0.335180,-0.646605,1.331351,0.275830,-0.365171,41.95,0,KFC,Food,Recurring subscription
412012,-0.256460,0.763997,1.104527,0.639715,0.280794,0.349137,-1.548100,0.692006,0.736451,-0.261484,0.601387,0.628614,1.936637,0.857249,0.359689,-1.012717,-0.709619,0.800228,0.676164,0.719346,0.768194,0.412568,-2.293772,0.077721,0.520960,0.134478,-0.394210,-0.032575,12.04,0,Telstra,Utilities,
412022,0.784548,0.703190,-0.293567,0.495548,-0.247850,-0.409875,0.247336,-0.826518,0.586536,0.129841,-1.032896,0.373002,0.227406,-0.231007,-1.178960,1.249279,-0.203462,0.685774,-1.664293,0.062559,1.312394,-0.460950,0.732413,-0.272437,0.360363,0.533301,-1.314883,0.467853,24.97,0,Guzman y Gomez,Food,
412271,-0.548096,-0.315470,1.258621,-1.086539,1.927366,0.312280,-0.604996,-0.087509,-1.332585,-0.735633,1.708805,1.408506,0.291210,0.142112,0.352462,-0.233796,-0.528598,-0.998948,-0.384911,0.335637,1.000882,-0.924591,-0.489585,-0.604941,0.698430,1.436885,-1.878079,-0.022599,42.06,0,Hungry Jack's,Food,In-store payment
412369,-2.004104,-1.262583,-0.131341,0.497026,0.736049,0.213770,0.071200,-0.048358,0.805116,-0.306224,1.044521,-1.213442,-0.687959,-1.325222,-0.742641,-1.007292,-0.121528,0.776661,0.809168,-0.809058,0.758792,-0.461579,-0.878094,0.968481,1.219823,0.253371,-0.444013,0.065973,50.54,0,Booking.com,Travel,
412600,1.888835,1.299244,-1.365700,-1.476813,-0.293304,1.460921,0.642254,-0.365281,-0.031329,-0.441897,-0.487069,-1.176016,0.250909,0.531485,-1.832208,-1.279453,-0.899261,0.315456,0.887238,-0.794367,-0.093801,0.371058,0.417450,-1.194833,-1.340452,0.859414,-0.139856,-1.093450,25.33,0,IGA,Food,
412819,-2.216782,-0.659283,0.166903,2.748994,-0.149728,-0.954069,0.464226,1.017443,-0.039455,1.976582,-0.012995,-0.430876,0.906896,-0.972913,1.444572,-0.767667,0.111603,-0.826614,1.096428,0.020557,0.919664,-0.618755,-0.233875,-1.430511,-0.195368,2.305627,-0.071433,0.130421,13.96,0,KFC,Food,
412921,-0.479341,0.274848,-0.241156,-1.301813,-0.053545,0.740594,0.513161,-0.060630,-0.278959,-0.064564,1.350815,-1.534235,-1.795428,0.710056,-1.071495,0.412076,0.125617,0.469676,-0.184732,0.090253,-0.285953,-0.127577,-0.647069,-0.928941,-1.448153,0.286231,0.395149,-1.784084,157.06,0,Booking.com,Travel,
413004,0.442704,1.001052,-1.573626,0.136396,0.194309,0.118318,0.850655,0.048117,-0.935958,-0.409561,-0.005630,0.088991,0.765421,1.809203,1.884104,-0.825164,-0.421309,0.631443,-0.386978,1.528955,-0.568602,0.081482,-0.569712,-1.790887,-1.605533,0.213547,0.659892,-0.145226,11.90,0,Disney+,Entertainment,
413159,1.189517,-2.463867,-0.207096,-2.053065,1.293159,-0.038724,1.138042,1.173034,-0.483149,-0.874828,-0.265921,0.407146,0.207253,1.092849,-1.254442,0.959706,0.421050,0.965718,1.407438,1.371327,-1.889919,-0.660518,-0.031647,0.425459,0.887500,-0.303300,-0.673108,-1.626844,9.79,0,Guzman y Gomez,Food,
413999,1.174710,0.013807,0.185837,-0.446127,0.641181,-0.061104,0.800219,-0.375552,-0.343235,-1.134858,-0.849280,-0.723549,0.053620,0.585966,-1.810493,-0.434655,-0.523677,-0.838526,-0.873768,-0.903958,-2.659751,1.502678,0.488308,0.285975,0.646413,0.203566,-0.253074,-0.752011,8.61,0,KFC,Food,In-store payment
414095,0.377773,-0.829420,-1.570316,-1.128970,-0.424354,1.104674,0.210799,-0.137244,0.920337,0.787751,0.465529,-0.116391,0.817692,0.655939,2.196543,-1.177906,0.599119,-0.421467,-1.695793,0.824714,-0.144764,-0.674257,0.141583,-0.321021,-0.684506,1.197926,-0.471450,-1.178991,10.54,0,Ray White Property,Rent,
414220,0.987799,0.465704,-0.099343,-0.312563,-0.404425,-0.650197,0.139981,-1.209577,0.539505,-0.000132,-1.249300,-0.417328,-0.524143,-1.221661,-0.763138,0.070622,0.368711,-1.492231,-0.401892,0.898391,1.696889,0.375284,-0.527160,-0.067154,-0.857840,0.765939,1.238309,0.017550,208.41,0,Guzman y Gomez,Food,Recurring subscription
415952,-0.600749,-1.014572,0.236810,-1.333613,0.718858,1.159002,1.616417,-1.703204,-1.101585,-1.665593,0.072088,0.659912,-1.483802,-0.496291,-0.287038,-2.030555,-0.910397,-1.089363,-0.590983,-0.353416,-1.005957,-0.213997,1.028809,1.075354,1.203488,0.115866,0.491110,-1.889444,20.84,0,Translink,Travel,POS terminal
416234,-0.539767,0.525448,1.349030,0.110764,1.174113,-1.563480,0.655974,1.471053,0.237004,-1.026182,-0.272883,-0.533235,-2.716022,1.654483,0.229561,0.946093,-1.972773,-1.849143,-1.000537,-1.503425,0.256618,-0.525282,2.153388,-1.158963,-1.280358,0.739685,1.132046,0.186687,50.82,0,McDonald's,Food,Card present
416285,0.961606,-1.400929,-2.895613,-2.649787,-2.469997,-3.553037,-0.193916,0.902779,-1.030691,-3.744144,1.873059,-7.692000,0.428349,10.337917,-2.490856,-1.900838,1.804157,0.936115,-0.036653,-0.015767,3.112945,3.502721,0.336816,-1.760049,3.141451,1.977438,-0.598339,2.003289,1.57,1,CommSec,Investment,
416429,-1.246683,-0.961623,-0.218545,1.175792,-0.716095,-1.699812,0.330478,0.429661,0.160455,-0.945464,-0.978562,-1.327675,2.302606,-0.852616,-1.302730,1.665470,0.524944,0.346235,0.091956,1.132447,-1.295942,0.039518,-1.768381,-0.453521,-0.718557,-0.229077,1.097358,-0.711121,10.12,0,Airbnb,Travel,
416784,0.969660,0.166294,-2.128527,2.196007,-0.589096,0.645674,-1.249881,-0.146793,0.566174,-0.993353,-0.176919,0.344453,-1.444313,1.352490,0.725215,-0.083658,0.336797,-2.243954,0.008256,0.816184,0.061103,0.133634,-0.137050,-0.761659,-1.202182,-1.283079,0.202106,0.116574,26.21,0,PlayStation Network,Entertainment,
417352,0.014224,-0.127061,-0.611617,0.116499,-0.455158,-0.942705,1.236510,0.156923,1.016005,-0.113702,-0.241542,-0.881217,-0.223661,-0.600089,-1.077986,0.388089,1.041384,-1.428280,0.241578,1.349990,0.303011,0.877048,1.495766,-1.095232,1.686431,1.791896,0.503692,-0.504820,173.96,0,Qantas,Travel,
417446,-1.246535,1.239896,-0.650290,-0.429685,1.292115,-0.964825,-0.771366,0.403828,1.530592,-0.291043,-0.947615,1.296039,0.045165,0.067200,1.412555,1.353761,0.143767,-0.357867,0.033880,-1.861837,-0.329154,-0.682872,-0.676187,-2.202396,-0.423169,-0.620338,-0.230327,1.274940,58.01,0,Virgin Australia,Travel,
417901,1.626580,0.769482,1.484549,0.032707,0.057437,0.797509,-0.466119,0.651244,-0.631870,-0.607762,-0.033357,0.987024,-0.104213,-0.573666,-0.791042,-0.740774,0.220442,-1.586239,0.793041,-0.254975,-0.233345,-0.170305,0.238643,0.867201,-0.158346,1.444365,-1.369769,-0.735254,5.43,0,Origin Energy,Utilities,Tap to pay
418172,0.440603,0.667280,0.070623,-0.550889,-0.756300,-1.315842,0.972512,-1.581542,-0.218645,-2.315668,0.589607,2.501818,-0.470579,1.098254,-0.415340,-0.419533,0.518841,-0.095285,-1.338071,-1.424616,0.266164,1.044912,-0.717176,-0.091326,1.059779,-1.100693,0.680449,-0.931987,3.10,0,Kmart,Other,
418456,1.003219,1.905545,0.960814,-0.501376,2.201402,1.010616,-0.860380,0.590578,-0.548695,-0.305715,0.738395,-0.154198,-0.792030,3.194028,0.808102,0.751049,-0.174716,-1.706079,0.590442,-0.695461,-1.740745,-0.081264,0.330544,-0.375378,0.668858,-1.008627,-0.468276,0.226088,4.35,1,Ray White Property,Rent,
419295,0.086097,-0.035736,-1.365444,0.557529,0.678540,-0.675432,1.700272,-0.500008,0.477811,1.985017,-0.151810,-0.690155,-0.942651,0.725518,-0.488316,0.287190,0.737622,1.014521,-2.166230,-0.794966,0.434409,0.732946,0.557205,-0.094612,-0.321131,-0.641788,0.485778,-0.389992,70.95,0,Starbucks,Food,Online purchase
419832,2.078189,1.206521,1.790126,-1.037797,0.210152,1.206709,0.522158,-0.039005,0.659882,0.183237,-1.555177,1.074984,-0.624928,-2.501572,-0.252279,0.153105,1.901838,0.960152,-1.341539,2.007044,-0.415189,-1.765949,0.251327,1.103560,1.627266,0.014665,0.512806,0.039880,9.65,0,McDonald's,Food,
420295,-1.483351,-2.186238,-0.402553,-1.651200,0.853662,0.684089,0.775479,-0.503450,-0.425074,-0.161888,1.532667,2.332298,1.053595,0.251442,-0.859393,0.536909,0.409790,0.999132,1.173434,-0.321760,0.174454,-0.193306,-2.002424,0.083106,1.300544,-1.760753,-2.625765,-1.856280,19.89,0,Amazon AU,Other,
420993,-0.965609,1.040313,0.253604,-0.117616,-0.098751,-0.674170,0.853732,1.266649,0.382271,-0.536958,-0.093609,0.671102,-1.020797,-1.097123,-0.556967,0.588209,-1.073595,-0.308898,-1.738547,-1.103447,0.245399,1.497018,0.024438,-0.644509,0.706940,0.605382,1.416124,1.509845,35.51,0,CommSec,Investment,Tap to pay
421694,0.357389,0.034113,-0.624007,-0.196816,0.380643,0.220876,-1.743569,-0.800460,-0.283869,0.797940,1.880202,1.306471,0.511518,1.641247,-0.423330,-0.402848,-0.352835,0.006092,-1.146290,0.962078,0.174596,-0.783594,1.400120,0.117060,-0.297822,0.737250,-0.251538,-0.707260,112.86,0,Translink,Travel,
421731,-1.121363,0.374728,-2.653937,0.757438,-0.764377,0.252247,1.109978,0.117797,-1.030278,-0.559296,-3.348062,-0.670877,0.419639,1.574054,-0.441784,-0.013277,0.699565,-2.850823,0.335487,-0.682446,1.517350,0.164227,-0.078968,-0.743254,-0.850474,0.652445,-0.387040,-0.529837,148.06,0,Vanguard,Investment,
421783,-0.049129,0.997000,0.026083,1.344808,0.207513,-0.849095,-1.680652,-0.954378,-1.397438,-2.614183,1.234818,1.000319,-0.202215,0.183564,-0.967188,0.834968,-0.583563,1.022003,0.225258,0.094583,-0.413920,-0.834358,-1.383737,1.102941,1.299073,-0.149215,0.269998,-1.384207,18.59,0,Hungry Jack's,Food,In-store payment
421839,-0.138793,0.789983,1.311085,0.671754,0.539060,-0.761580,0.323671,-0.632160,0.461387,1.159849,-0.499272,1.534311,-1.030975,-0.467778,0.503263,-2.162394,0.026655,1.192834,-1.138341,-0.574788,-0.386277,-0.243073,-0.981671,-1.147714,0.474401,1.150084,-1.422936,-1.015930,28.65,0,Uber,Travel,Tap to pay
422746,-1.607045,-0.779294,-0.734188,0.132669,-0.282410,0.168667,0.281636,0.705090,0.953108,0.124649,-1.845249,0.881882,-0.916163,-0.723519,1.609893,-0.190919,-0.271222,-0.326540,-0.843538,-0.051388,0.998547,0.302537,-1.950915,-0.021745,-0.769068,-0.294735,0.070026,1.226897,6.51,0,Sydney Water,Utilities,Recurring subscription
423126,-0.003814,-0.352917,1.108621,0.945125,-0.089431,-0.890321,-0.112910,-0.206283,-0.090321,0.995376,-0.952520,-0.445564,-0.571224,-0.219694,0.810964,0.696540,0.104779,0.155681,1.694948,-0.609569,0.376061,-1.069495,1.158833,0.162992,-0.614239,1.028749,0.042517,-0.697970,4.89,0,Hoyts,Entertainment,In-store payment
423178,1.701557,1.591894,-1.472180,1.381308,-1.338218,1.430665,-1.288758,1.106945,-1.117864,-3.239011,0.140736,0.822576,-0.123536,-0.291538,1.037053,0.946890,-0.037231,-0.273116,-1.233207,1.376712,-1.349744,0.606769,0.566819,0.804065,-0.545917,0.745402,0.323182,-0.099149,23.20,0,KFC,Food,
423573,1.418261,-1.129016,0.582876,-0.079627,1.099205,1.469142,-0.323197,-1.997898,-1.800060,-0.154910,-0.382416,1.105452,0.007658,1.331134,-0.380209,-1.176666,0.682056,-1.067289,1.527507,2.725686,-0.913282,1.035505,-0.151378,0.524697,0.673673,0.087953,0.165892,1.672393,13.30,0,Northwind Industries,Salary,
423997,-1.068751,0.775503,-1.042214,-0.109759,0.213025,0.962049,-0.571680,-0.086910,-0.229673,-1.601107,1.334714,0.225562,-2.018123,0.051982,0.369653,1.107603,1.118749,-0.535691,-1.529784,0.751403,0.089423,-0.273868,-1.090258,-1.087030,0.114098,0.783597,1.399192,1.131384,29.72,0,Qantas,Travel,
424577,1.116365,0.351954,-1.903190,0.609971,1.445012,-0.024199,0.963941,-0.861448,-0.602312,-0.268245,0.656969,-0.270432,0.550864,-0.151378,-0.152365,-2.432225,-2.142125,-2.044921,-0.638426,-0.274108,-0.097431,0.613749,0.329699,-1.525679,1.246299,-0.921219,-0.881939,-0.290417,11.11,0,Acme Corp Payroll,Salary,POS terminal
425850,0.449118,-0.382538,-1.249968,0.025528,0.276627,-0.657099,0.494921,-1.218439,1.150206,2.285797,-0.334488,-2.123086,-0.414771,-1.334482,1.430700,-0.428773,-0.327915,0.000625,-0.144918,0.577016,-0.476756,-0.233965,-0.094793,0.476534,-0.069736,-1.092088,-0.277312,-0.098388,12.26,0,Coles,Food,
426530,0.224129,0.245540,-1.067655,-0.662593,-0.323092,0.029649,-0.897813,-1.461600,0.210569,-3.041144,0.335567,0.511894,0.158041,1.259788,1.051407,-0.692109,0.943690,-0.968953,0.459711,0.721647,-0.949343,-0.141558,-1.379066,-1.018595,-2.465004,-0.499353,-0.912299,0.624912,823.71,0,Kmart,Other,Online purchase
427559,0.766855,1.741154,-0.641485,-1.380494,1.453930,-0.247371,0.216786,-1.293327,0.310825,1.429945,-0.682384,-0.935278,0.566125,-1.240489,0.690504,-0.594595,-2.185857,0.570718,-0.876082,0.068058,0.889965,-0.486315,1.413957,0.020965,0.718884,-0.229400,-1.578440,-1.588526,20.42,0,Shell,Travel,Direct debit
427785,0.268400,-0.271172,1.386181,-2.221861,0.996337,-0.288840,-1.130173,-0.297883,0.157663,-1.665661,0.390245,-0.564922,0.996359,2.674275,-1.195640,1.222940,-1.037318,0.344257,-0.172331,1.038849,1.309978,0.006964,-0.617569,0.599597,1.619884,0.658531,-0.570476,0.790368,8.83,0,Big W,Other,
429353,-0.085767,-2.086067,-0.658133,0.385683,0.165570,-1.075961,0.199593,0.076632,0.856624,0.686983,0.563050,-0.452430,-0.273694,-0.012843,0.000616,0.639962,-1.006198,0.208989,2.178289,0.437677,-0.131319,0.218036,0.805265,0.201685,0.102529,-0.115010,0.998806,-0.577652,24.23,0,Shell,Travel,
429828,-0.629507,-0.526516,-1.505988,-0.483219,1.060185,-1.593527,-0.037087,0.731160,0.727587,-3.317712,0.095271,-0.341281,0.032249,0.735620,1.237503,0.094563,-0.457186,-0.663827,-0.124659,0.178493,1.761799,-0.397043,0.208330,-0.035431,-0.010989,0.159824,1.887961,0.183216,24.78,0,Subway,Food,
430346,-0.376931,-0.056293,1.106443,-1.926454,-0.600729,1.136871,-0.491068,-1.238979,2.422150,-4.165781,1.176764,2.537893,0.939900,-8.006122,0.284464,0.788597,-6.052800,-0.551346,0.507534,-0.970437,-2.842865,-0.080271,0.494652,-2.222888,0.748586,3.088019,-0.814969,3.271298,1627.54,1,Cyber Goods Ltd,Other,
431759,0.343291,-0.092829,0.134074,-0.280042,0.593440,-0.656271,-0.702357,0.077601,-1.081527,-0.828879,0.636139,0.828130,-1.719819,-0.707586,-1.093958,-1.261621,-0.696703,0.676153,-0.015350,-0.995047,-0.135944,0.335052,-1.092557,1.383942,-1.250588,1.363196,0.243598,-0.320943,45.92,0,Domino's Pizza,Food,
434532,0.227747,0.397089,-1.043326,1.866457,-2.457561,1.156382,-0.327765,-0.379762,-0.305371,1.334360,-2.153036,0.049495,-0.108358,0.765025,0.830674,0.115915,-0.173168,0.174397,-0.296771,-0.327568,-0.931063,-0.802516,-0.917457,-0.166931,-1.088248,1.295046,-1.342625,-3.015328,56.67,0,Steam,Entertainment,Direct debit
434879,0.402644,-0.135401,-0.329032,-0.328760,0.721576,1.910407,0.013600,-1.720129,0.310518,0.231979,0.157713,-0.082769,-0.175278,0.661393,0.144884,-0.715305,0.707432,-0.824630,-0.687354,-0.521039,0.649664,-0.388693,0.269360,-0.347983,1.491356,0.152983,-0.224935,-0.660110,8.38,0,Aldi,Food,
435281,0.697383,1.163219,-1.412585,-0.246927,-0.555946,-0.628303,1.609944,-2.529106,1.007280,-0.668164,0.294541,0.167903,0.605494,0.242081,-0.600532,0.042169,-0.556209,-0.468347,1.676413,0.812441,-0.038838,0.858298,-0.505647,-0.140627,-1.242563,1.594729,-0.128294,-0.271607,118.78,0,Sydney Trains,Travel,Tap to pay
435444,0.087628,0.544092,1.512109,1.502081,0.321332,-0.509721,-0.582140,-0.212894,0.854723,0.820750,1.388657,-1.238805,-0.761269,-0.066878,-1.075363,0.131262,0.817186,0.415993,0.560353,-0.412461,0.559553,0.885624,-0.241262,1.153190,2.001234,-0.622957,-1.342282,-0.769416,37.01,0,Aldi,Food,
435911,1.107799,-0.461179,-1.034017,-0.130435,0.106782,0.971078,0.437593,1.113243,0.508818,-0.621614,0.721893,-0.036376,0.480873,-1.802520,0.657690,-0.107292,-0.206575,0.059298,0.693769,0.135898,0.734518,0.810785,0.335506,-0.173009,-2.441662,1.261629,-0.066538,-0.138551,29.65,0,LJ Hooker Rentals,Rent,
436285,-1.739226,-0.564096,-0.116223,0.349765,-0.474172,0.202792,-1.557713,0.263287,-0.699567,-1.408048,0.287710,0.623864,-2.382739,0.902569,-1.132569,-0.576292,0.027014,-1.481606,-0.856435,-0.693335,0.199699,-0.953604,-0.593734,0.902269,-1.197324,1.531646,0.616132,-0.676599,112.98,0,KFC,Food,Tap to pay
437561,0.192611,0.379607,1.436268,-1.099596,1.424155,-0.653282,0.910039,-0.009674,0.248601,1.167915,1.445007,-0.840458,-0.255001,1.069466,-0.727589,-0.754604,0.505159,1.096954,-0.561870,-0.499299,-0.527657,0.285754,1.264786,0.959264,-1.087626,-1.031543,-0.338414,2.299077,115.72,0,Sydney Water,Utilities,
438091,-0.662179,0.318320,1.297627,-0.288236,0.271021,-1.624064,-0.500320,1.826403,-0.041999,-0.795469,0.292942,-0.717168,0.130765,1.447000,-0.159533,0.525746,0.268729,0.480409,-0.536290,-0.791380,0.975569,1.365308,-1.193860,1.330980,-0.758506,1.109861,1.202113,0.621764,100.96,0,Booking.com,Travel,POS terminal
438581,0.150653,0.595192,0.192673,-0.400078,-0.323499,-0.902542,-1.242082,1.817138,0.299769,1.308346,-0.318436,-0.400896,-1.074101,0.384018,0.711066,-0.288226,-0.649514,-0.207519,-0.735551,0.038514,-0.036863,-0.656980,0.402419,2.428455,0.385301,-0.041491,1.127363,-0.381842,59.86,0,JB Hi-Fi,Other,Membership fee
439207,0.130003,-0.710674,-0.285798,-0.123209,-0.016232,-0.181141,0.754056,0.486535,-1.173232,-1.500197,0.378846,0.339395,0.217631,-1.465070,-0.009428,-2.694327,-0.471368,0.227028,0.514240,-0.918693,0.585578,0.778937,-1.127487,0.219204,-1.478790,-0.126084,-0.048656,0.257349,15.71,0,McDonald's,Food,Recurring subscription
440036,0.353003,0.165694,-0.170872,1.594374,-0.419738,1.873444,0.355802,1.033182,-0.118700,-0.383741,0.504648,-0.309939,-0.179012,-0.746806,1.193083,-1.163123,-0.900445,0.916842,-0.891667,0.408350,-0.517073,0.818175,0.925593,0.362353,-0.064860,0.546625,0.480095,-0.816534,120.94,0,Vanguard,Investment,
440460,-2.539110,-0.974722,0.127933,0.517158,1.588053,-0.178109,-1.166463,-0.657000,-1.555394,-0.371828,0.670615,0.984310,1.293642,-0.120801,-0.677535,-0.907574,0.966114,1.701989,0.396031,0.327388,-0.495050,-1.155524,-0.852587,-1.373172,0.276901,1.689254,-0.332869,1.163015,2.96,0,Aldi,Food,
445084,0.864677,0.014653,0.516629,-1.007668,-0.360434,-1.025968,-0.153239,-1.654527,2.673774,-0.784720,-0.356314,-1.192167,0.713838,-0.360399,0.556100,0.054724,-0.422550,0.136169,-0.743322,0.767372,0.521296,-0.208398,0.537929,-0.672741,0.400227,-0.119899,0.568122,0.870027,22.09,0,Kmart,Other,Direct debit
445147,1.357564,-0.333236,-1.463825,-0.424716,-0.196381,1.261077,-0.202544,-1.430808,3.080606,-0.503532,-0.301592,-1.308224,-1.556296,1.710344,1.127658,1.106010,-1.147775,0.802944,-0.016977,-2.119939,-1.433584,1.192437,0.124866,-0.147710,0.533301,-0.683368,-1.530845,-1.778970,60.54,0,McDonald's,Food,Direct debit
446792,-0.235760,-0.015397,1.287585,-1.211801,-1.319597,-2.102326,0.236419,0.999290,-1.502283,0.010409,-0.018800,-0.910294,1.217516,1.539793,-1.373199,-0.956801,0.073265,1.069689,0.240191,1.246011,1.165930,-0.890596,1.238179,0.186391,-0.321654,-0.044087,0.016485,-0.637904,36.70,0,Big W,Other,
447255,-0.898949,1.963473,0.773884,0.387610,0.611172,1.164588,-1.189171,-2.612348,-1.032169,1.425240,-1.094459,-1.215811,-0.683067,0.457051,0.228857,-1.209658,0.599873,1.333442,0.473201,-1.141936,-0.429712,1.548864,0.835368,1.338807,0.384635,-0.175114,0.063645,1.187391,32.70,0,Shell,Travel,
449456,1.513763,0.073233,-0.423284,0.983999,-2.143235,0.420550,-0.058898,0.589557,0.651006,-0.376470,-1.962788,0.778027,0.408973,2.236226,1.302981,-0.475658,2.383787,-0.037496,-0.027334,-0.463800,-0.065841,-0.531781,-2.603241,-0.685965,0.446084,1.379307,0.965891,0.115123,53.30,0,Ticketmaster,Entertainment,
449534,1.989930,-1.601985,-1.282381,-0.005355,-1.573183,-0.922446,0.586267,0.457057,2.983401,-0.265095,-2.515076,-1.071228,-0.120819,0.281588,-2.327381,-1.679102,-0.043798,-1.678636,1.895225,0.182138,-0.625829,2.082026,0.087492,1.150304,-1.097049,0.428579,0.530194,-1.362350,11.29,0,Domino's Pizza,Food,
450406,0.744050,-1.381754,-1.897913,-1.146812,-1.333646,1.523144,-0.757176,-0.163564,-0.323037,-0.353795,1.007897,0.557555,2.205717,-1.276222,0.910417,-0.622337,-2.053775,1.472403,-1.142107,1.816680,1.106313,-0.837332,-0.651734,-0.132217,0.049285,0.655350,-0.668820,-1.254969,357.08,0,Woolworths,Food,In-store payment
451234,-1.080270,-0.266212,-0.377540,-0.836434,0.432429,0.461288,0.234464,0.718168,0.427184,1.551860,-0.935486,1.638566,-0.292496,-0.163162,-1.623873,-0.588359,-0.506071,-1.729825,0.888187,0.169948,-0.737440,-0.313226,-1.396822,-0.215065,1.516494,-0.116627,0.455004,1.337693,7.00,0,Chemist Warehouse,Other,
451463,-1.730634,-1.164650,1.283815,0.624999,0.292515,-0.685903,0.589970,-0.154821,0.918821,-0.295827,-0.347351,0.391800,0.910236,-0.794392,-1.033810,0.226308,1.684176,1.093008,0.460974,0.849182,-0.595320,-1.611958,-1.429152,-1.408395,-0.772019,0.462176,0.261220,-0.809542,34.27,0,Northwind Industries,Salary,Membership fee
452259,-1.088763,-0.338648,0.472438,-0.396248,0.192622,-1.345865,-0.692234,-0.215955,-2.140813,2.249819,-0.394807,-0.256134,0.699915,0.252181,-0.203722,-0.596985,0.469904,0.103507,1.936754,0.466119,-0.093449,-0.818489,0.065885,-0.766408,0.687279,0.129534,0.488851,0.525969,3.02,0,IGA,Food,Card present
452287,0.018502,-2.090201,0.613664,1.003292,-0.831395,1.021428,-1.585821,-0.446349,0.316924,0.377987,-1.030912,-1.005637,0.299831,-1.196873,0.195547,-1.561883,-0.177895,-0.742054,-1.061688,-0.496250,-1.611356,-0.485115,0.013017,1.360700,-1.530420,-0.916382,0.232778,0.731529,2.35,1,Subway,Food,
452397,1.070407,-1.388416,0.683530,-0.622568,-1.813134,0.228410,-1.310689,0.260406,-0.549989,-0.982616,0.972187,1.137030,0.662216,-1.652827,-1.619630,-0.018435,0.440156,-0.462882,1.437040,0.776553,0.188983,1.379241,-0.324855,0.551419,-0.141626,0.860979,0.783046,0.348054,29.11,0,eBay AU,Other,
453049,-0.150470,0.026670,1.923108,1.782599,0.134952,1.385839,-1.255595,0.682126,-0.148298,0.186427,-0.405886,-0.272011,0.653830,2.251738,1.097150,0.421955,-1.325237,1.207288,-0.193106,0.810046,-1.328276,-2.163490,0.009312,2.404398,-0.305441,0.202635,-0.923703,0.282247,7.57,0,Guzman y Gomez,Food,Online purchase
453578,0.662665,-1.687334,-0.451191,-2.011054,2.766105,-0.139557,0.559868,0.831598,0.495462,1.435169,1.521530,0.258353,-0.486785,0.492420,-1.439660,0.545715,0.167589,-1.232501,0.647316,-0.741276,-0.598522,0.464309,0.523815,0.876095,0.341648,-0.803598,0.746172,0.540049,53.17,0,IGA,Food,
456532,-2.446318,0.102003,-1.933948,-0.528661,-1.750946,1.135374,-0.080034,0.339207,0.155109,0.032612,0.141079,0.927627,0.977019,1.071325,0.296622,0.581070,1.610328,-0.602808,1.865284,-1.625962,0.306740,1.022064,-0.827617,1.222118,-1.194647,-0.708874,2.155498,-0.141837,19.63,0,PlayStation Network,Entertainment,
457252,-0.847866,0.337656,0.228231,-0.269997,-0.492729,-0.505437,-0.831607,0.090849,2.018640,0.225371,1.871229,-1.521863,-0.601257,0.519994,0.876572,-1.651184,-1.147581,1.335269,1.731742,-0.247945,-0.271697,0.943753,0.377049,1.288785,-0.417704,0.305121,1.368963,0.375218,14.05,0,Aldi,Food,Tap to pay
457667,0.072185,-0.845390,-1.249347,-0.268035,-0.777248,-1.529709,0.734628,-0.626081,-0.512061,-0.005845,-0.404660,-1.358408,0.131356,-0.739459,0.302784,-0.208353,-0.611354,-1.130824,-0.462094,-0.615360,-0.162622,-0.069774,0.082336,0.466133,0.251071,-0.335273,-1.363412,0.380095,168.31,0,Virgin Australia,Travel,Auto-renewal
457781,0.389311,0.963143,0.353760,0.378169,-0.436986,0.449406,-0.830379,0.799264,0.619964,-1.382799,-0.655949,-1.475490,-1.657108,1.944590,2.188879,0.796311,1.197927,1.382030,0.041321,-1.351343,-0.251867,1.296662,-0.256313,0.396380,0.952926,0.103546,-0.727387,-1.302749,35.64,0,Domino's Pizza,Food,
458128,-0.320647,2.613299,1.073559,-0.580829,0.440400,0.256385,-0.695150,0.844320,0.492427,-0.096508,-0.077133,-0.103589,-0.681989,-1.107569,-1.238816,-1.453393,0.896190,1.102923,0.608451,0.238108,2.038486,-0.586482,1.104697,-0.825352,1.564961,-1.755277,0.027524,-0.887775,3.33,0,Shell,Travel,
458382,-0.121433,0.614721,-0.565788,-1.309914,-0.306560,0.278832,0.082947,0.604397,0.702918,0.521527,0.627154,-0.798696,0.518865,0.253638,-0.369870,-0.094571,-0.446352,0.606090,0.073535,-0.478087,-1.088248,0.869774,-0.663059,0.792556,0.502638,1.484755,0.108769,-1.574835,41.18,0,eBay AU,Other,
458511,-0.787875,-0.784837,-0.352548,-0.910377,-0.454048,-1.191967,1.607375,-0.053627,-0.377842,-0.199239,-0.664679,-2.587355,-1.383172,-0.434531,1.104104,-0.281685,-0.897340,0.151803,-1.221357,0.951446,-0.025337,-0.408081,0.065476,0.520343,0.604410,0.740544,-1.316610,-0.194943,20.77,0,KFC,Food,
458703,0.734217,-0.240810,1.794360,0.024850,-0.905015,-0.165290,-0.059912,-0.151055,0.042008,-0.032795,-0.558259,1.604339,0.107963,1.611333,-1.143892,-0.336919,0.052936,0.119991,-0.519683,1.505062,1.514437,-0.614575,0.008846,1.164448,-0.335890,0.005036,-0.848882,1.103333,22.32,0,Medibank,Insurance,
459316,-0.697817,0.130733,0.523139,0.639128,-1.353122,0.830977,1.836344,-0.943791,-1.237532,-0.853828,-0.069471,0.290459,-0.349664,1.191887,0.830793,0.229568,-0.261970,1.484493,1.347569,0.219007,-0.574630,0.099991,-0.629492,-0.632882,0.412870,2.084905,-1.749332,0.362465,9.69,0,Airbnb,Travel,POS terminal
459369,0.760133,0.087391,0.050605,-0.000965,1.535120,0.107024,-1.527243,1.193911,0.085745,-0.827150,1.765056,-0.242550,1.804141,-0.119398,-1.089879,0.406247,-2.228714,2.094526,0.064831,-0.142871,-1.092678,0.178971,1.962871,-0.031771,-0.242633,1.204164,-0.756529,-0.271077,15.17,0,Netflix,Entertainment,
459959,-1.302212,-1.139780,1.548149,-1.983580,0.915336,-0.788531,0.149719,3.060436,0.145665,-0.493105,-0.166550,0.328279,0.749090,1.560595,-0.173471,-0.894464,-0.044016,0.355053,-1.269695,-1.344797,0.135028,-1.855773,0.266400,0.223809,1.306803,-1.027178,0.905645,-0.056543,17.26,0,IGA,Food,
460108,1.324415,-0.723217,1.120297,0.896496,1.742304,-0.559084,0.245737,0.678429,0.632594,0.282766,0.315316,-0.693795,-1.314704,0.593056,0.679709,-1.830350,1.585087,-0.510358,0.578197,0.209594,-0.979139,0.673442,0.499349,0.779582,1.098772,0.651883,0.754599,0.620279,5.11,0,AGL Energy,Utilities,
460362,2.032355,0.054529,-0.713158,-0.350616,1.323158,0.097931,0.544977,-0.941006,-0.163905,-0.981465,0.373816,0.898958,0.620077,0.919872,0.394245,0.390998,-0.254669,-0.603310,0.278741,1.922094,-0.092946,0.207218,0.568373,0.046119,-0.643564,0.897160,0.858958,-2.191571,42.02,0,Northwind Industries,Salary,In-store payment
460411,-0.174275,-0.588519,0.158721,-1.457841,-0.233760,0.306123,-1.033088,0.106953,-0.320121,-1.501201,1.130929,-0.252264,-1.273270,0.834156,-0.098077,-0.172708,-0.348470,-0.513607,1.543178,-0.579581,-0.037831,0.181912,-0.714159,0.497069,0.507228,-0.088417,-0.485685,-0.035424,4.70,0,Aldi,Food,Membership fee
460734,-2.579954,-0.978502,0.889155,0.194139,-0.439343,-0.133103,-0.275292,0.381497,-0.117864,-0.242340,0.520198,-0.483342,0.703565,-0.478479,0.364016,0.198431,0.694519,0.236557,1.467145,0.385961,1.289171,-0.132710,0.072241,0.991031,-1.682495,0.962716,-1.560859,-1.671358,65.26,0,IGA,Food,Tap to pay
461444,1.601405,1.247329,-1.113644,1.004475,-0.502481,-0.003077,1.608845,-1.004746,-0.995113,-1.173723,-1.230287,0.591287,-1.276554,0.380781,0.421932,-1.602311,1.481614,-2.173904,0.077683,0.309473,0.693430,-0.713235,-0.437202,1.586343,1.695015,0.880774,-1.075800,0.333345,12.93,0,Ticketmaster,Entertainment,Direct debit
461458,-0.151570,0.308217,-0.644455,-0.191956,0.222754,-0.934340,0.107204,-2.458806,0.854190,1.491036,0.329123,-0.627880,0.409577,0.422020,-2.650502,-0.071938,-0.592671,-0.308473,-1.110563,-0.588342,-0.046719,1.432903,0.963949,1.213873,-0.906768,-0.567324,1.247174,0.086005,49.63,0,Starbucks,Food,
461678,-1.228615,-1.381540,-0.164176,0.987072,0.126810,0.107017,2.369210,-1.491015,-0.326450,0.496214,-0.303962,-0.769350,-0.078117,0.055075,1.273423,0.471309,-1.591303,1.002423,0.739581,1.042821,0.130784,0.843731,1.066909,0.239973,0.316467,-1.478458,0.133995,-1.150279,218.16,0,McDonald's,Food,
461867,-1.045807,-1.852411,0.576743,-0.572233,0.192953,0.590088,-0.185130,-0.315095,1.208259,0.078325,-0.685104,0.566452,-0.754167,-0.496191,0.228516,1.042430,1.619233,1.020868,0.758040,-1.460966,0.254425,-0.633794,-0.316045,-0.534080,0.939284,-1.857485,0.132473,-0.501186,15.22,0,Acme Corp Payroll,Salary,
461994,0.175396,0.553129,-0.610912,0.554257,0.165621,0.657097,-0.326476,2.082240,-0.610313,0.580534,0.650269,1.991620,-1.334490,1.217968,1.019165,-1.162706,-0.603139,-2.051985,0.520167,-0.695060,-0.346295,-1.432239,0.788866,1.288138,-0.397238,0.910528,-1.650646,0.459995,25.92,0,Optus,Utilities,
462187,0.494483,-0.951633,-1.269950,-0.383530,0.701763,-0.120908,0.272057,0.462356,0.329695,-0.230584,0.785285,-0.364781,0.209439,-1.545613,-0.689643,-0.264739,1.287217,-0.347492,-0.220454,0.645460,-1.237425,-0.903614,1.611011,-0.028983,-1.678817,1.122558,0.706001,1.232621,5.71,0,Disney+,Entertainment,POS terminal
462867,-1.689948,-0.303970,2.030764,-0.750938,0.204550,0.114269,-0.574300,0.074820,-0.799062,-0.868430,-0.526542,-1.010147,-1.783588,1.291353,-1.604722,0.196977,-0.228843,-0.458669,0.749752,1.841387,1.317130,-1.102115,0.359848,-1.051902,-0.749232,-1.806022,-1.403068,-1.780832,28.64,0,Chemist Warehouse,Other,
463274,-1.876813,-1.038314,0.038828,-0.214996,1.402624,2.982461,0.666225,1.594988,-0.263343,1.338614,-1.276566,-0.130891,1.785484,1.800752,-0.279745,0.323165,-2.315737,-2.025394,-0.400921,0.648755,2.172178,0.587607,1.277636,-0.148982,1.543559,-0.789037,-0.449233,-0.904285,8.02,0,Northwind Industries,Salary,
463375,-0.095805,-0.237847,0.521395,0.266196,-0.438152,-0.529999,-0.543560,-0.681931,0.302292,-1.138503,0.768534,-0.082356,-0.908186,-0.252094,1.534581,-0.840396,-0.998714,0.550388,-0.929067,-0.064287,-0.443981,1.072431,0.220483,-0.342439,-0.071794,1.825076,0.399035,1.556411,107.94,0,7-Eleven Fuel,Travel,
463381,-1.429496,-0.271422,0.044422,0.132569,1.571669,1.250824,1.814762,-1.911977,-0.756402,-0.595098,-0.855961,1.415711,-0.877514,2.285249,-0.439051,0.343499,0.154386,1.911037,-0.160474,-0.024005,0.986248,-0.159100,-0.364760,0.796280,1.148592,0.380791,-1.094873,0.070975,37.10,0,eBay AU,Other,
463458,-0.746548,-0.067944,0.482553,-1.796733,0.514065,-2.582056,-1.280462,-0.141593,1.150008,-0.736410,-0.285380,0.411673,-1.147236,0.205910,-1.323522,0.230657,0.845178,-2.032316,1.091519,-2.584972,0.391641,0.975923,0.849003,2.684389,-1.930881,0.043440,1.553518,0.242495,40.76,0,IGA,Food,Tap to pay
463610,0.848541,-0.474953,2.399876,0.695052,-0.461714,0.862529,-0.485219,-0.880266,0.117755,-1.182507,1.418585,-0.613285,-0.944295,-1.382995,-0.478451,-1.166855,-0.423206,1.471622,0.219875,0.567793,-1.519882,-1.239952,-1.134472,0.296646,0.354002,0.520726,-1.326228,0.117751,99.70,0,Tech Solutions Pty Ltd,Salary,Membership fee
465041,-1.075127,0.639352,-0.526811,-0.051109,-0.207748,-0.486608,0.061562,0.095055,-0.033778,0.559078,0.228903,0.691330,0.141212,-0.032208,-1.614726,-1.664126,0.171334,0.294760,-1.960695,1.406080,-0.698217,-0.789258,-0.691219,-0.520614,0.142092,-1.489446,-0.602020,-0.346326,3.08,0,Big W,Other,
465123,-0.748058,0.143189,-0.169580,0.066517,0.075199,0.438375,0.005572,0.748853,-2.135911,1.308235,2.547754,-2.815394,-0.130074,1.884442,0.644942,-0.712358,1.380170,-0.219769,-1.099182,1.086707,-0.248607,0.079388,0.208424,-1.644525,0.084737,0.644942,-1.077274,-0.241424,180.82,0,Airbnb,Travel,Direct debit
465423,0.615519,-0.527887,1.643698,0.226980,1.046466,-1.265243,-0.056533,-0.020040,0.891123,-0.414657,0.711439,0.135971,0.249361,-1.584793,0.664967,-0.628526,0.157782,-1.051342,-0.078067,0.325060,-2.502969,-0.240163,-0.390270,0.261303,-0.216943,0.330521,1.030128,0.016060,26.54,0,Tech Solutions Pty Ltd,Salary,Recurring subscription
465463,-0.633933,1.663533,-0.079053,-2.084331,-1.190315,-0.214442,-0.152750,0.591253,0.955279,-1.301538,-0.813985,-0.397881,-0.909745,-0.137114,-0.599152,1.201503,1.173494,0.382698,-0.007734,-0.396155,1.482405,-0.214777,3.434898,1.056934,-0.139674,-2.048153,-0.276057,1.701533,90.40,0,AGL Energy,Utilities,Card present
465465,-1.922408,-1.563123,-0.544598,-0.423296,0.241945,-0.015324,0.028077,-1.375789,-0.341741,-0.580358,1.535244,0.800003,-2.622346,-0.933352,0.270709,0.627845,0.676086,-0.405399,1.309558,-0.755817,-0.160816,0.133207,1.285017,0.873053,0.160984,-0.875982,-0.300299,-1.156110,35.60,0,Origin Energy,Utilities,
465715,-1.025595,0.511704,1.176507,-0.247063,0.994510,0.791678,0.137563,-0.244633,1.350454,-0.547466,-1.838520,0.564596,-0.974110,-0.957551,0.934229,-0.426031,-0.104799,0.225114,0.793225,0.476420,2.677486,-1.018804,0.490284,-0.423941,0.155386,0.305947,-0.999056,-0.016854,25.82,0,KFC,Food,
466744,-0.862213,0.475022,-0.028548,0.260707,-0.958383,0.083915,1.411552,0.429495,-0.641991,0.608752,1.126616,0.049596,0.239345,-1.566138,-0.308950,2.033117,2.676367,0.094461,0.330292,-0.199239,-1.097824,0.566592,-0.319469,0.502241,0.521574,-0.318102,0.517200,0.101020,24.46,0,Woolworths,Food,
466859,-0.092260,-1.393432,1.437145,-0.252834,-0.350475,1.072742,-0.299864,-1.606816,-0.053441,-0.373001,1.055691,0.926445,-0.669518,1.625014,0.085915,0.657219,0.522294,0.688158,-0.654484,-1.449898,0.795689,-0.694920,1.125728,-0.134641,-1.275310,0.530313,-0.060343,-0.565903,2.90,0,Virgin Australia,Travel,Direct debit
467349,-1.779225,0.257150,1.143903,-0.785019,-0.006137,-0.207704,0.247092,1.167650,-0.446663,0.561730,-1.527131,0.149899,0.778501,0.747123,0.775745,-2.907501,1.827270,0.437186,-1.086526,-0.908662,-3.475253,1.407616,0.536455,-0.123731,0.021701,2.239198,0.374687,0.054532,1.17,0,Telstra,Utilities,
467610,-1.640639,0.611633,0.540195,-0.657195,0.031546,1.609851,-0.149850,0.861483,-0.880535,0.176113,1.461372,1.759760,0.577694,1.002766,0.571596,-0.290050,0.138698,1.438894,-1.017775,-0.747720,-2.804073,0.804675,0.358286,-0.082479,0.361681,-0.655844,-0.224630,1.141390,5.34,0,Priceline,Other,
467617,0.418959,-1.199051,0.464059,0.597421,-0.501804,1.658394,-0.885489,-0.096462,-0.610377,0.614632,0.054579,-1.232195,1.381832,-0.349335,0.024126,-0.224361,1.709463,-1.427401,1.189525,0.094424,-0.036775,-1.066699,-0.225793,1.543385,0.075560,1.494030,-0.781282,-0.758731,40.85,0,Vodafone,Utilities,
467793,0.265035,1.462848,0.601851,-0.759293,0.446945,-0.853579,0.109666,0.673794,-0.127391,-0.410143,2.019660,0.460426,1.036601,0.368398,-1.523039,0.894437,0.993882,-0.355351,-0.319711,0.714968,0.710379,-0.427494,-2.175313,-0.109079,-0.208120,0.051012,-0.733006,-0.218062,15.71,0,Airbnb,Travel,
467855,-0.570757,0.024766,-0.060034,1.351392,0.100667,1.437710,1.773083,0.135996,-0.636597,-0.589136,-0.481578,0.595380,0.721060,0.937543,-1.620944,0.300321,1.460269,0.308452,-0.900996,0.447033,0.000108,0.359721,0.930245,-0.400756,-0.691084,1.433007,-0.002810,0.820981,33.87,0,Hertz,Travel,
467871,2.486133,0.663076,-0.875949,1.210323,0.598980,-1.423306,0.261879,-0.578881,-2.389596,1.367474,1.664237,2.645261,1.014155,0.578441,-0.927986,-0.503623,-0.031288,1.061602,-0.196825,0.588452,0.290703,1.884583,-0.935981,0.719545,0.999050,-0.646861,0.688356,-0.200921,36.63,0,Grill'd,Food,
467996,0.171880,-0.080879,1.033234,-1.306229,2.018548,-0.429367,-2.157369,-1.218430,0.313001,0.757894,0.027478,1.276730,1.170414,-0.133139,1.001316,0.316237,0.804214,0.459068,1.672879,-1.159554,0.318270,-0.520458,0.717251,-0.753787,0.307584,0.268120,-0.458343,1.473590,19.58,0,Woolworths,Food,
468330,-1.572260,-0.880957,0.030501,-1.732278,0.803170,0.280550,0.601391,1.933848,0.137313,0.182877,-0.943429,-0.904681,-1.348845,0.955671,-0.701810,-0.851876,-0.711574,-0.247437,-0.406291,1.722470,0.483606,-0.237458,-0.145757,-0.977982,-0.504679,1.297747,1.102549,-0.734161,39.05,0,KFC,Food,Recurring subscription
468564,-0.229003,1.859437,1.694541,-2.234898,-0.141038,0.124771,-0.835661,-1.125280,-1.469416,-0.780411,-0.092511,0.644354,-0.259257,-0.309284,-0.531658,0.051349,1.177158,-1.814841,0.704797,-0.106934,-1.288492,0.283266,0.371698,-0.926685,-0.311685,-0.945661,1.790911,0.403692,56.37,0,McDonald's,Food,
469140,0.552776,-0.653066,-1.495238,-0.809986,0.034363,-0.829959,0.437371,-0.927880,1.155367,0.516198,0.682170,0.731858,0.718392,-2.207871,-1.294316,0.208984,1.984967,-0.410598,1.280427,-2.473080,-0.687433,-2.550272,-1.899597,-1.138605,-0.045821,0.498037,-1.552846,0.235084,15.76,0,Ticketmaster,Entertainment,
469246,2.353886,0.210748,1.935092,1.294913,-0.286247,0.084543,3.786829,-0.703428,0.067557,-5.033258,-0.307798,6.122497,-3.034729,-9.490046,0.951111,-0.835977,-5.425473,-0.759673,0.763692,-0.685082,1.491531,-1.305234,1.886106,0.029839,0.758463,-4.605176,1.369740,0.457008,354.59,1,7-Eleven Fuel,Travel,
469529,0.682302,0.737044,2.174274,-0.075069,0.214276,-1.702834,0.326962,-0.453144,0.646721,0.077875,-1.342990,-0.354758,1.560726,0.847842,0.896710,2.250860,-0.724340,-1.304403,-0.845631,1.082793,1.933414,-0.467550,0.331757,1.699690,-0.154553,-0.441385,2.452589,1.795521,2.20,0,NRMA Insurance,Insurance,Card present
469623,-1.138741,-0.310457,-0.055508,-0.326336,-0.816823,-0.665943,-1.072738,1.599617,0.122519,0.118850,-2.162327,-0.521556,-0.100160,-1.338377,0.799202,-0.415247,0.974554,-1.093693,-0.554598,-0.809453,0.483722,-1.041166,-0.520114,0.959211,-0.359252,-0.068030,-1.868681,0.438638,25.43,0,Apple TV+,Entertainment,
469642,0.193085,0.976397,1.305205,-1.919582,-2.115847,-1.421727,0.468360,-1.373497,1.187574,0.284719,0.550382,-0.358602,1.304419,-0.232338,-0.789783,-2.003318,-1.047740,-1.169022,-0.311253,-0.316741,0.463623,-0.941954,0.810486,1.015784,-0.768784,1.397326,0.354037,1.620328,4.87,0,Steam,Entertainment,Auto-renewal
470167,-1.339816,-0.915236,0.765604,0.556017,0.121652,0.850906,-1.352095,0.495657,0.798400,0.404253,-0.686100,-0.931650,-0.379465,0.803988,-0.460195,1.174445,0.484577,0.579333,0.285979,-1.708441,0.016545,-0.167795,-1.173297,-1.749335,-0.429642,1.672345,-1.030278,-0.238163,34.32,0,KFC,Food,
470493,-0.937136,-0.655063,-0.249239,-0.500462,-0.989024,0.068151,1.988077,-1.234640,0.309310,0.962204,0.265175,1.287961,0.446002,-0.527998,1.711099,-0.325961,-0.003194,0.102602,-0.948589,0.318963,0.500161,1.308362,1.117055,1.057495,0.422874,1.677400,0.522527,1.885356,10.78,0,Starbucks,Food,Membership fee
470637,-0.149989,0.681810,-0.985435,-1.456425,0.308584,0.586015,0.723704,0.940148,0.328589,1.286758,-0.066805,-1.326364,2.065177,1.766891,0.967620,-1.415320,1.248162,-0.128614,-0.042871,-0.914476,0.775744,-0.817496,1.225032,-0.949413,-1.004526,-0.567618,-0.271275,0.634454,6.21,0,Big W,Other,
470752,-0.726613,-0.365433,-0.945280,-0.595373,-1.058263,0.196756,-0.201450,-0.487128,-1.411218,1.151710,0.878139,0.853229,1.443551,-0.529007,-0.122875,0.007439,0.700722,-0.348158,0.231121,-1.130660,-0.394692,0.957649,-1.416470,1.014975,-1.472238,-0.266667,1.120368,0.589268,11.50,0,Uber,Travel,Auto-renewal
470805,0.249000,0.739115,1.923113,-1.235959,0.134396,2.071641,-1.650697,0.516268,-0.797733,0.892311,-0.602669,-0.629823,1.271513,0.133270,-1.355189,1.198343,0.323864,1.029151,-1.051190,0.405835,-0.239190,0.928806,-0.333384,-0.378586,-0.758328,-0.229916,-1.787990,-1.998079,34.92,0,Netflix,Entertainment,
470901,-1.525356,0.748082,1.962293,-1.180281,0.445475,0.299459,-1.354978,-0.595339,0.733127,-1.002984,0.671715,0.787964,-1.434125,0.079711,-0.117188,-0.297902,0.718679,1.979628,1.638680,-1.260283,-0.080294,-0.543548,0.531969,0.167807,0.454826,-0.218871,0.386216,-1.156865,4.35,0,Qantas,Travel,Online purchase
470925,-0.520537,-0.007445,0.131376,0.201354,-1.587257,0.789560,-0.611424,0.602613,-2.252561,-0.348983,0.974539,-0.281744,-1.630940,0.605491,0.083510,-0.252203,0.758762,0.380644,-0.370740,0.815436,0.658817,-0.350672,0.498232,-0.215727,-0.932280,-0.251344,-0.679921,-0.007922,23.47,0,Grill'd,Food,Tap to pay
470969,-1.416540,1.841099,-0.114041,-0.125507,-1.423529,1.974192,0.378183,-0.018385,0.648080,-1.380643,-1.159637,0.701093,-0.381171,0.008945,-0.423847,-0.594324,-0.255771,-1.799989,-1.432855,1.135137,1.720768,1.088662,1.336122,-1.266249,0.848398,1.233867,-1.190371,0.033632,11.71,0,AGL Energy,Utilities,Tap to pay
471281,0.585167,0.553024,1.349639,0.156782,1.927125,0.172722,-0.579712,-1.681730,-0.417155,0.095564,-0.205526,1.396986,-0.007689,-1.666635,0.877704,-0.732814,1.899725,-1.350822,1.272327,-0.166154,0.773751,-0.476964,1.766902,0.687163,-1.533011,0.655409,0.280355,-0.364011,7.99,0,7-Eleven Fuel,Travel,Card present
471514,0.150926,0.349915,0.875638,1.878358,-0.807085,-0.118234,0.975867,-2.236794,0.797805,-0.343937,-0.473876,0.800015,0.248054,-0.966420,0.240340,0.042125,0.042798,0.150231,0.048309,-1.581820,-0.552151,1.760868,1.486481,1.185782,1.129654,-0.968253,0.510289,0.949838,63.44,0,Tech Solutions Pty Ltd,Salary,POS terminal
471527,0.139216,0.787794,0.873881,-0.741414,0.936681,0.226320,1.811544,0.225090,0.640904,-0.093773,2.152565,-1.429306,-0.488335,-1.382079,-0.826765,0.824882,-0.910293,-1.515260,0.296108,0.601243,1.150290,-0.448285,-0.717103,-0.669346,0.848046,-0.708538,-2.018650,1.274795,43.48,0,IGA,Food,
471550,-0.195900,-0.078047,-0.168930,-0.877339,-0.457793,0.416581,0.678842,-0.758859,-1.364362,1.021086,-0.888839,0.725328,-0.504461,-0.338210,0.379303,0.366235,1.449518,-0.460362,-1.645121,0.073892,-0.683680,-0.301004,0.371209,0.734048,-0.441103,-1.083755,-0.100432,0.524131,130.55,0,Capstone Inc,Salary,Auto-renewal
471565,-1.052572,1.673101,-2.255835,-0.026898,-0.745357,-0.388199,0.608921,-0.840855,2.139815,0.251012,-0.171887,-0.500275,0.662430,0.493835,-0.611437,-1.502940,0.219345,-0.893916,-1.507270,0.325680,-0.698330,0.102805,0.063054,1.233052,-0.809804,0.181637,-0.418041,0.903085,111.37,0,Domino's Pizza,Food,
471919,-0.949492,-0.996705,-0.247007,1.826991,0.780418,-0.041471,-0.632526,0.072783,0.859756,0.049416,0.760084,0.318390,0.094127,-1.577258,0.834077,-0.137653,0.432765,-0.549729,2.242787,-1.943526,1.505919,-0.526908,0.468064,-0.447269,0.505855,-1.134201,0.683723,0.499751,56.38,0,Netflix,Entertainment,In-store payment
471934,0.339194,0.119682,0.081912,-0.900997,0.484028,0.125187,0.935450,0.143128,0.909605,-0.185561,-2.031544,-0.884426,1.036839,-1.515081,0.755564,1.042759,0.975266,-0.573899,0.366480,1.169265,-0.384413,0.326830,0.714367,-0.174929,-0.447975,-1.202883,-1.647259,-0.295672,48.19,0,IGA,Food,Auto-renewal
472465,0.702242,0.984531,1.953686,-0.139502,2.576052,-0.122384,0.742858,0.468783,2.253109,0.090502,0.850650,-0.498212,0.671733,-0.382144,1.167614,1.438982,0.837252,-0.722635,-0.327289,-1.337087,-0.405919,0.483011,0.064482,-0.255007,-1.369692,-1.014876,-0.537604,0.132306,89.12,0,Uber,Travel,
472626,-0.383393,0.248282,-0.384520,0.705162,-1.189736,-0.750404,1.496100,0.096254,0.944362,0.433535,0.464565,0.427223,-1.191257,-0.341323,-0.052464,-0.572511,-0.680038,-0.035879,1.667008,-0.147819,1.066645,-0.050993,-0.558106,0.579756,-0.791984,0.343662,0.643885,-1.536547,12.43,0,Domino's Pizza,Food,
472778,2.317145,1.291504,0.612276,0.976787,-1.281929,2.061651,0.928697,-0.046114,-1.340149,1.158078,1.165862,0.234255,-1.432616,-0.252165,0.448908,-0.167829,0.479973,0.036516,1.011439,-2.499950,-1.670590,1.888964,-0.568959,-0.081893,0.566512,0.504586,-0.563267,1.690361,185.01,0,Origin Energy,Utilities,In-store payment
472779,0.964798,-1.205055,0.104347,-1.476472,0.273228,-0.082797,0.497512,1.405000,-0.701553,-0.769109,1.143560,-0.174817,1.087096,0.317852,0.317569,0.465010,-1.398685,0.458681,-0.004068,0.676210,-0.062935,0.262107,3.927122,0.892573,1.167924,0.208466,-0.203820,-0.741527,83.25,0,McDonald's,Food,
472809,-2.175530,-1.045604,-0.065251,-0.318062,-0.231265,-0.400944,0.540025,1.504165,0.967696,0.186576,-1.238868,-0.435712,-0.387538,0.251288,0.190112,-0.647319,1.194652,-0.245194,1.080590,-0.313984,-1.600001,-0.478677,-0.499336,1.251335,-1.068385,-0.236570,2.090244,0.954578,9.83,0,Big W,Other,Auto-renewal
472863,-1.642339,-0.071267,-0.490009,-0.724138,-0.560113,-1.499841,-0.832054,0.405760,-1.697659,-0.052583,-1.253604,1.049004,0.591541,0.928685,-0.338661,-0.188132,0.713059,1.514721,-0.180310,-0.110748,0.525237,0.654064,0.838263,-2.059954,-0.858307,0.987432,-0.552997,-0.596346,37.83,0,Chemist Warehouse,Other,
472951,0.050567,0.368083,-0.911686,1.569764,-0.872032,1.110360,0.014868,0.633866,-1.680127,0.995027,-1.639814,-0.012029,-0.037770,0.319442,-1.720683,0.754013,1.609819,0.811264,-1.247539,0.751902,0.329940,0.728140,0.092626,-0.651589,1.148556,0.240498,-1.296696,-1.128941,16.09,0,Suncorp,Insurance,Direct debit
473347,0.813192,0.370347,-0.375289,0.827023,0.766826,0.743824,0.482516,1.150691,-0.367431,-0.376279,2.402192,-1.648414,-0.247772,-0.414225,-0.232803,0.938167,1.115861,1.328810,-0.563683,0.635145,-1.282995,0.360157,0.223644,-0.539022,1.382502,-0.799130,-0.445483,-1.207435,15.09,0,JB Hi-Fi,Other,
473368,0.232034,0.189093,-1.506997,-1.494855,-0.919608,-0.512750,2.263436,0.795792,0.076572,0.355471,0.224833,-0.172992,0.825588,0.155716,-0.185164,0.682633,-0.433572,-0.591304,1.826545,0.333038,-0.039533,0.908281,-0.012294,1.775297,-0.788855,0.178674,-0.516855,1.495027,29.05,0,Chemist Warehouse,Other,POS terminal
473465,1.818073,0.137264,-0.253271,-0.554756,0.377723,-1.738837,1.435924,-1.284222,-0.453543,1.277584,1.192021,1.297079,-0.885903,0.610746,0.679382,1.496109,0.106139,0.587480,-0.455449,-0.353772,1.550777,-0.589821,0.519268,-0.747560,0.629502,0.746570,-0.856777,-0.198012,31.11,0,Domino's Pizza,Food,
473746,1.732161,0.931268,-0.951318,0.451014,-1.695833,-1.058844,0.437234,0.960160,-0.250237,-0.385822,-0.443304,-2.096831,-1.497197,-1.657007,-1.113189,0.427923,-0.212375,0.636280,0.760183,0.167189,1.270514,-1.061094,0.303732,-1.337925,1.034879,1.074369,0.608946,0.642106,23.81,0,SelfWealth,Investment,
474023,0.412738,-0.186631,-0.440514,0.409184,-0.673462,0.415459,1.495663,-1.411729,0.685785,-0.390738,-1.002977,-0.922813,-0.917364,-0.292240,0.176684,0.212636,-1.153551,-0.844054,0.745347,-0.716094,-1.447621,-1.040995,1.400181,-0.292790,1.085824,0.689756,2.136043,0.230147,52.18,0,Bunnings,Other,
474034,-0.671174,0.890192,0.086899,2.107956,-0.856221,-0.109253,-1.943041,-0.441338,0.243675,-0.170088,-0.022448,2.791461,-0.075624,-0.488360,0.173423,-0.213578,-0.835268,1.593732,-0.251006,1.222940,0.091215,-1.290027,-0.934223,0.791130,0.811823,-0.829424,0.128539,-0.301584,8.73,0,Guzman y Gomez,Food,
474044,-2.327450,0.094172,-1.843660,-0.642271,-0.274495,-0.562292,1.855695,0.346938,-0.655889,0.092284,-1.412029,0.044466,0.254288,-0.205675,-0.311517,-2.041030,-0.840282,0.264044,-0.267964,0.055222,-2.039342,-1.069708,0.109632,0.149686,-0.782551,-0.772589,-0.197328,-0.268228,104.27,0,Event Cinemas,Entertainment,
474196,-1.060492,-2.156625,0.319604,1.270901,-0.765543,-0.642669,1.550595,-1.366314,-1.261335,1.012330,-0.165632,0.380037,-2.643406,0.361877,0.306039,-0.119042,-2.033115,0.363196,0.347381,-1.671494,1.275650,0.135259,0.889358,-0.802508,1.000841,-1.352332,1.118269,-0.405228,7.41,0,NRMA Insurance,Insurance,In-store payment
474449,0.641316,-0.294963,-1.312998,2.172289,-0.135864,-0.853173,-0.361267,-1.466731,0.687024,-0.483410,-0.384438,-0.357045,0.007464,-0.525996,-0.632448,0.867543,0.481093,-0.963618,0.096540,2.021968,1.256835,0.955842,-0.218654,-0.904837,0.759120,-0.942732,-0.312757,-1.181488,19.00,0,Uber,Travel,
474524,0.916989,-0.126373,0.066326,1.025391,1.590297,-0.933236,-2.052884,-1.246176,-0.741598,1.105493,-0.057870,-0.483977,1.506508,0.533049,-0.313605,-0.017899,1.422272,-0.752589,-1.973399,-0.813778,1.144136,0.782591,0.429167,-0.248871,0.427927,-0.852844,-0.453753,0.408860,15.18,0,Subway,Food,
474621,-0.545321,-0.484493,0.173032,-0.849522,-1.179127,-0.316962,-0.594719,-1.070555,0.471341,0.861376,-0.100325,-1.046998,-0.237616,-0.851390,1.539241,-0.210071,-0.137999,2.746460,0.593940,-2.301235,-0.562392,-0.067016,-1.771438,-0.580834,0.957519,0.601388,-0.493460,-0.038905,32.48,0,Officeworks,Other,
474698,1.839940,0.729031,0.098133,-0.844749,0.587489,1.127641,0.025823,0.287143,-0.397306,0.246114,-0.615868,1.316605,-0.454556,-1.022661,-0.349129,-0.776968,-1.898032,0.576520,-0.520454,-0.651527,0.599515,0.028330,0.963622,-0.682547,-0.959577,-0.556612,0.869402,-1.294575,11.95,0,Hertz,Travel,
474753,0.432431,0.341523,1.317035,0.804800,-0.302516,-0.282325,-0.351955,-1.054513,-1.362819,-1.151698,-1.791188,0.109136,-0.146226,-1.844613,0.840454,-0.862895,-0.235657,0.430985,-0.623140,-1.191523,-0.133149,-1.126374,0.462684,1.559658,-0.895069,-0.263561,0.455613,0.689324,41.55,0,KFC,Food,Auto-renewal
474776,-0.261991,0.474404,0.416547,2.280173,-1.598714,-0.015589,0.220067,-0.173414,-1.190677,-1.542265,-0.411168,0.944409,1.944207,0.966757,-0.866680,-0.041087,-0.020500,-0.574305,-0.561086,1.329013,0.000807,0.518873,0.183738,-0.646353,1.314008,-1.227142,-0.762426,-0.002467,39.49,0,Hertz,Travel,
474797,-2.226512,-0.525295,-1.366057,-0.407509,-0.484064,0.362817,2.435631,-0.541001,1.614682,-0.040361,-0.004156,0.627902,1.033187,-1.277972,2.170305,-0.307096,1.507331,-1.145458,1.666813,-0.246978,-0.901721,0.748005,1.415995,1.219771,-0.816006,-0.684128,0.182673,-1.202595,26.79,0,Big W,Other,Recurring subscription
474850,-0.715952,0.139204,0.238836,-0.652474,2.106485,1.894109,0.973147,-1.278210,-1.450557,-0.460843,-0.227222,-1.059647,-2.526770,0.388042,0.035755,1.019847,-0.467336,0.300548,0.142716,0.024821,0.148006,0.511249,0.884364,0.379326,-0.208280,-1.549324,1.502934,0.061123,50.18,0,Starbucks,Food,Recurring subscription
474936,0.734591,1.380713,-2.154779,1.357292,-1.181477,0.550680,0.243442,-0.140014,-0.545733,0.577819,-0.542052,0.374419,-1.567879,1.155305,-0.540998,-1.325046,0.127477,-1.060335,1.404884,-0.245005,0.700098,-0.130399,-0.959229,-1.452403,2.027160,-1.454017,-0.679003,-0.907938,62.57,0,Hungry Jack's,Food,POS terminal
475016,-0.403884,-0.553902,-0.164167,1.428648,0.084188,1.816511,-0.735567,2.252861,1.531954,-1.266745,-0.689930,2.249239,1.384256,-0.083354,0.999475,-0.342315,1.942939,1.391510,0.505698,-0.348807,-0.511991,0.835855,0.943301,-0.969673,0.651121,0.689724,-0.935640,0.285236,55.68,0,Woolworths,Food,
475038,-1.338460,-1.745808,-0.250410,-0.821960,-1.119883,1.248473,-0.675163,-1.544744,0.511198,0.094281,-0.139793,-1.389579,0.428385,-0.475520,1.081988,-0.637960,0.352642,0.354341,0.770854,0.071202,0.885697,-0.250445,0.690024,-1.300404,-0.063632,-1.030995,1.316241,-1.545555,5.54,0,Sydney Water,Utilities,
475118,-0.851932,-1.089402,-0.928395,-1.040237,0.515289,0.709479,-0.208702,-1.090185,-0.171229,-1.584281,-0.526793,0.218704,1.317597,0.036488,1.763969,0.422907,-1.446342,-1.633468,-1.484386,-0.405377,-0.419701,-1.000686,0.116650,1.176960,0.578213,0.510114,-1.713769,0.612500,17.21,0,JB Hi-Fi,Other,
475166,0.215700,0.093495,0.648452,-0.164157,-1.066491,0.922196,-1.326648,-0.464028,-0.489909,-1.666687,-0.643022,-0.066930,0.706630,-0.055788,0.503014,-0.107163,0.089578,-0.741390,0.770254,1.092802,0.105071,-1.964479,0.292592,-1.013361,-0.837230,0.834167,-0.237466,1.014025,11.47,0,Virgin Australia,Travel,
475292,-1.598005,-0.725898,0.254749,0.698779,0.743247,-0.432758,1.960422,0.396807,-0.947219,-0.431192,-0.008482,-0.529806,-0.976607,-0.236301,0.983599,0.746733,0.006840,0.343021,-0.136365,-1.059095,-0.822590,-2.934231,-0.907703,1.111939,0.439375,-1.280152,-0.288996,-0.486565,59.58,0,eBay AU,Other,
475373,1.568841,-1.071166,0.634442,-1.031748,-1.765848,-0.209557,-0.669633,-0.047242,0.641941,-1.592189,-0.525355,1.639923,1.637721,0.479025,-1.723929,0.382049,0.608502,-0.669934,-1.346440,0.124804,0.581800,0.530252,1.201121,-0.276904,-0.519018,0.035522,-1.658548,-1.164522,49.73,0,Suncorp,Insurance,Recurring subscription
475507,-1.901835,0.545325,-1.370653,-0.060344,-0.300590,0.101315,-0.736502,-0.640376,-0.318721,-1.089701,0.873794,-0.110213,-1.351217,-0.814522,-0.009365,0.289477,1.273455,2.338771,-0.612317,0.499145,1.785050,0.272620,1.227076,1.223515,-0.753413,-1.736328,1.136310,0.315111,23.30,0,KFC,Food,
475513,0.435465,-1.031542,0.601581,0.348522,-1.153831,-0.372630,-0.342530,1.951160,-0.711697,-3.648073,0.753594,0.930226,-1.053914,1.027144,-1.123233,0.964634,-0.651875,-1.305711,0.394944,0.367055,1.164453,-0.172677,0.313739,1.427327,0.731335,0.292373,-0.920051,0.269082,26.84,0,Officeworks,Other,
475536,1.705681,1.650838,1.349767,-0.359743,-1.092465,-0.646204,0.158404,1.881427,-1.904231,-3.770461,2.508261,-3.222673,2.513924,4.846079,-0.471194,1.534016,4.604334,1.074411,-1.187434,-0.209307,0.547440,-2.008583,-0.630183,-1.912528,2.351868,2.458628,-1.333373,1.348749,3.44,1,,,
475693,0.007930,-1.313019,0.697635,-0.343597,-0.699803,1.491610,-1.746823,1.426357,0.242410,0.357134,-0.942447,-0.721056,-0.167063,-0.682445,-0.777564,0.158082,1.040902,0.854677,-0.555430,-0.986107,0.148246,0.928680,1.382094,-0.669426,-0.070364,0.256334,0.014744,-2.810800,136.41,0,JB Hi-Fi,Other,
475854,0.752228,0.506492,-0.231919,1.047464,-0.893758,-1.948700,0.346619,0.172737,1.350890,0.877789,-0.488676,0.562911,0.263827,0.186567,0.101665,-1.286623,-1.508253,0.903502,0.621955,0.029081,0.803039,-1.543864,1.129550,-0.608901,1.033004,-0.958202,-0.825935,0.676887,42.66,0,AGL Energy,Utilities,Recurring subscription
475990,-0.064294,-1.016984,0.008587,-0.184022,-0.534292,0.063100,-1.026132,-0.179286,-0.020726,0.574605,-0.294379,-0.453399,-1.612552,0.875049,0.886194,-1.112954,1.442767,0.623362,0.695040,1.733848,0.482276,-1.024996,0.333817,1.046936,0.549825,0.776449,2.262965,0.188592,2.63,0,Steam,Entertainment,
476042,-0.825461,-0.015031,0.004019,0.656948,-1.219778,2.149447,0.526734,-0.779601,-0.606017,-1.212268,-0.757934,-0.641433,0.061323,-0.077579,-0.845668,0.451524,1.777558,-1.347299,-1.214011,-0.119393,2.630426,-1.683322,1.025182,-1.208135,0.597115,0.750245,-1.000809,0.609370,3.43,0,Event Cinemas,Entertainment,POS terminal
476063,0.972721,0.951530,-1.728393,-0.089483,0.061264,0.098503,1.185501,0.076638,0.196921,1.311549,1.700358,-0.658579,1.903894,1.030883,-1.371454,-0.370036,-0.887879,0.631911,-0.547800,0.745971,1.131935,0.495547,0.405450,0.108376,0.289154,0.486842,-0.892107,0.589248,22.97,0,Disney+,Entertainment,Membership fee
477070,1.411143,-1.523103,2.093197,-0.523527,0.012046,1.270213,-0.155193,-0.907705,0.380066,-0.736615,-0.316493,-0.440126,0.410134,1.464088,-0.424020,1.097932,-0.475887,-0.213034,-0.207029,0.475928,-0.345929,-0.334670,-0.723488,-0.516966,-0.050900,0.680914,0.232300,-0.399478,7.33,0,Bunnings,Other,Recurring subscription
477202,-0.560120,1.069703,-0.855478,-0.911832,0.510830,0.415327,0.312142,1.161679,-1.371919,0.887916,-0.498506,0.241300,-1.069688,1.954645,0.564941,0.990048,-0.580826,0.954851,-0.297347,-1.995417,2.162991,0.873176,0.382580,0.388739,-0.021050,-0.219909,-0.752903,-1.228822,30.25,0,Netflix,Entertainment,Membership fee
477359,0.378717,0.117958,-0.626898,0.278373,1.032853,0.173157,0.334442,-2.365153,-0.742661,1.359485,1.864890,-1.953540,-1.904865,0.018140,-1.070525,-0.367346,1.254354,0.967614,0.871009,-3.099837,-0.277477,0.570823,-0.682927,-1.438789,-2.018428,0.631134,0.443291,-1.075308,11.67,0,Guzman y Gomez,Food,Recurring subscription
477518,1.099730,2.373341,-1.055694,0.978928,-1.279959,-1.393305,-1.642771,-0.689870,-0.622038,0.748829,1.868205,1.213593,-2.125537,-1.132710,1.688673,1.119151,-0.552133,-0.720528,1.616109,0.481684,0.557584,-0.777212,0.842101,1.696617,0.197468,1.142846,-2.078611,0.936530,59.46,0,Vodafone,Utilities,
477585,-2.292460,-0.838183,1.109789,-0.861104,-0.303259,0.956370,0.238817,-0.389433,-0.289957,3.021618,-0.367234,0.628738,-0.739513,-0.596039,1.412367,-0.184327,0.387601,-0.896492,0.373918,-1.275189,-0.113494,-1.626912,-0.301389,-0.599472,0.433835,1.089640,-0.203679,0.870077,50.02,0,Domino's Pizza,Food,Auto-renewal
477876,0.665190,-0.752582,0.604183,-0.715049,-0.289303,0.808055,0.386643,-1.421331,0.393993,-0.781184,-2.100937,0.566101,0.213644,0.195068,0.022940,0.036166,-0.484925,-0.475865,-0.912305,1.570969,0.463680,-0.300333,-1.903119,0.260672,-1.196714,-0.966356,-1.401408,-0.842708,68.80,0,Priceline,Other,
477944,-1.649633,0.272204,-0.745782,-1.602888,1.111294,0.008590,1.117610,0.405079,0.604904,0.426776,-0.674091,-0.843482,-0.406043,0.869111,-0.147478,0.579711,1.097007,-1.131075,-0.872291,0.295615,-1.761799,1.046705,0.721726,0.067471,-1.686430,0.004237,-0.747467,-0.434910,3.05,0,Booking.com,Travel,
478247,-0.167198,-0.718304,1.774451,-1.242597,-0.375272,1.802301,0.141938,-2.015957,2.023364,-0.609659,0.506638,-0.537610,0.635597,-0.647336,1.694826,-0.472137,-0.251554,1.626700,0.120559,0.123823,1.974858,-1.599079,0.409767,1.065875,-0.690322,-1.235992,-1.161129,-0.386678,83.30,0,Coles,Food,
478578,-1.488371,0.616913,-0.296217,0.069442,0.508202,-0.051837,-0.266498,-0.083254,-0.938410,0.615314,1.319379,-1.667109,-0.167259,1.153988,1.117745,-0.573505,-0.936507,0.007120,0.820941,-0.683382,-1.784806,-0.955451,1.802264,-0.075703,0.467266,-0.250085,2.043535,0.051997,4.36,1,International Trader,Other,
478607,1.132875,1.594819,0.110725,0.754521,0.878722,0.657035,-0.505690,0.788655,-0.413032,0.772564,-0.371899,-1.194159,-0.392160,-0.333266,-0.224406,0.563653,-0.673861,1.936690,-1.164337,0.127078,1.302511,-0.290963,-2.674360,0.879282,1.395820,0.041634,-1.932071,0.381593,18.42,0,Domino's Pizza,Food,
478706,-0.682415,-0.114890,-1.226119,-0.572054,-0.593895,-0.534444,-0.447997,0.510900,-1.848960,-0.066433,-0.166226,0.609127,-1.516093,0.589318,0.063678,-0.023045,-0.654309,-0.164956,0.499028,-1.785337,-0.818822,0.238693,-0.969796,0.752579,-0.861972,0.062775,0.096391,-0.923718,31.29,0,Starbucks,Food,Tap to pay
478760,-0.445425,-1.106666,0.331962,-1.972701,-0.143668,-0.544132,-1.212662,-0.823192,0.327210,-0.480298,-0.180486,-1.264020,-0.916959,2.434944,-0.389506,0.972070,-0.301143,0.956457,0.987295,0.647010,0.740568,-0.009620,0.958721,0.322486,0.097238,0.061943,-0.631749,-1.200099,6.36,0,Big W,Other,
478769,0.224194,1.335446,1.662499,-0.564941,-0.500025,-1.066358,-0.180976,-2.395949,-0.447877,-0.570432,-1.321230,1.465517,0.735625,1.408540,0.859775,-0.669751,0.520149,-0.999259,0.069822,1.413950,-1.633270,0.296035,1.252111,0.640383,-0.089199,-1.622131,0.783590,-1.026398,65.65,0,Bunnings,Other,
478820,-1.275744,1.520435,0.181883,-0.361428,0.784413,-0.020411,0.266486,0.666190,2.289604,-0.664732,-0.581712,1.131112,1.511023,1.518882,1.720348,-1.095552,-0.094194,0.905266,0.629093,-0.623686,0.265667,-0.212389,0.523242,-1.138493,-0.804484,-1.133124,0.718490,1.123846,0.94,0,Sydney Trains,Travel,
478901,-0.517172,-0.084033,-0.372268,-0.730411,-0.337981,0.910014,1.272699,-1.676896,0.754141,0.492760,1.346940,2.679200,-0.661128,0.680660,0.224067,1.295761,0.189613,-1.068998,2.006534,-1.000067,-0.565652,0.714685,0.851092,-1.166003,0.310937,0.706439,0.734330,0.585299,2.48,0,Shell,Travel,
479032,-0.472232,-0.962674,0.414651,-1.574542,-0.021992,-0.159279,1.346572,0.273678,0.575273,-1.020706,0.415485,-1.168128,1.426377,-0.418634,-0.477607,-0.986676,-0.547302,-0.486979,0.937444,-1.014353,-0.851020,-0.349425,-0.063210,-1.441739,0.819053,-0.136493,0.710861,0.543477,33.10,0,Uber,Travel,Online purchase
479165,2.323418,1.061899,-0.955747,-0.445245,-1.482397,-0.559308,-0.043218,1.059451,1.111439,-0.293214,0.779627,-1.115433,-0.867977,0.292905,-1.085840,2.831430,0.388902,-0.274866,-0.999977,1.137084,-2.602916,-0.104393,0.118650,1.490587,0.740156,-1.264132,-1.356764,0.826120,77.55,0,Steam,Entertainment,
479337,-1.816175,-0.143466,2.055279,-0.476089,-0.291435,0.272710,1.914612,0.166082,-0.019995,-0.595809,-1.119753,-0.797416,-0.146904,0.558508,-0.583011,0.033695,-0.195681,1.892355,-0.435982,-1.346198,0.689939,0.596924,-1.256680,0.660883,-0.920006,0.100552,-0.182630,-1.861092,27.51,0,Shell,Travel,Auto-renewal
479465,-0.558400,0.306381,-2.130660,0.394429,-0.229126,0.481818,-0.946461,0.098408,0.332116,-0.189411,0.652230,0.501596,0.327891,0.342879,-1.605867,-1.651906,1.652435,0.924960,-0.730825,-0.648274,-0.922246,-0.833806,0.323345,-0.744946,-1.037986,0.600084,2.152376,1.360011,9.13,0,Guzman y Gomez,Food,
479765,-0.304004,-1.206845,-2.240507,-2.728378,0.590820,1.275264,-0.499605,0.333734,1.263798,-0.177409,-0.188527,-1.038834,-0.963657,-0.973533,-0.197545,1.739694,-0.862494,-1.537734,-0.445481,0.273050,-1.095639,-0.198795,-0.238171,-0.085809,-0.570403,0.230734,-0.621567,0.429517,4.93,0,Uber,Travel,Card present
480120,0.083429,0.496753,-2.268680,-0.707903,-1.624073,1.006244,1.017066,-0.657635,0.445673,-1.593425,0.718018,-0.576778,-0.270829,0.212232,-1.665011,0.768261,-0.320868,1.752381,0.927380,-2.193936,-0.520384,-0.047377,0.113536,-0.554579,-1.257652,-0.057423,1.348774,-0.681953,49.85,0,Vanguard,Investment,
480207,-0.598114,0.108647,-1.761113,-0.753487,-1.243971,-0.732801,-0.886948,1.322015,1.148322,0.395810,-0.201666,-0.127672,1.141801,-0.252729,1.514051,1.466176,-0.306287,-0.858831,-0.021377,-0.265886,1.566811,-0.290394,-1.175889,-1.064794,0.657966,0.167063,0.115040,0.389232,69.07,0,Officeworks,Other,POS terminal
480276,0.033227,-0.080552,0.336006,1.556382,-1.455267,0.778393,-1.178180,1.433751,-0.356539,-0.093357,-0.523290,0.526711,-0.006958,1.233522,0.345678,-0.662549,-1.781925,-1.161426,-0.374446,0.381553,0.465557,-1.996060,0.678300,0.206119,0.989844,1.551316,0.908885,0.406003,9.64,0,Event Cinemas,Entertainment,
480307,-0.443549,-0.278625,-1.109571,-1.490134,-0.235223,-0.550693,-1.452296,0.530126,0.961131,-0.252049,-0.814443,-1.009053,-0.593184,-0.600195,-2.125904,-0.815342,0.412894,0.423953,-0.887152,1.825714,-0.645406,-0.135890,0.263449,-1.464322,2.420207,0.050933,-2.956711,-0.213276,23.20,0,Steam,Entertainment,
480593,-0.490941,0.090997,0.884543,0.684793,-0.888952,1.805470,-0.167632,0.774684,1.187477,-1.090230,0.715500,0.329440,-0.244055,1.346307,0.591577,2.262047,0.018131,-0.882636,-0.917741,-0.157269,0.265223,0.259899,1.450817,-0.154683,-1.310014,-0.251478,0.206588,-0.779395,9.28,0,McDonald's,Food,
480876,0.457485,1.178698,-0.404960,-1.461115,1.062913,0.250217,1.863155,1.421447,0.287698,1.692151,2.276787,0.786448,-0.112897,0.314109,2.163727,0.989772,1.888845,-1.401410,0.113302,1.159053,-0.563595,-1.310545,0.217751,1.850756,-2.022113,0.242216,-0.006048,0.402509,31.36,0,Subway,Food,
480905,0.017358,0.757053,-1.750437,0.901902,0.231456,1.411676,0.141541,-0.825092,0.196891,0.530677,-1.589296,0.587274,0.151889,-0.358677,0.386027,-1.302601,-2.205008,-1.932016,1.321671,1.145298,-0.855234,-0.147185,0.312242,-0.618059,-0.376626,0.301836,0.808732,-1.441045,13.29,0,Chemist Warehouse,Other,Card present
481303,0.055554,-0.742449,-1.354187,0.753900,-0.137179,-1.619589,0.033057,0.121767,2.523230,-0.818313,0.330955,0.626531,-0.323676,1.613112,1.021226,0.421827,2.310253,1.267430,-1.875699,0.189210,1.554052,-0.271981,0.623922,-0.873177,-0.431055,-1.418934,2.362093,0.751648,443.32,0,McDonald's,Food,
481751,-0.184515,0.346938,-1.377075,-0.690664,0.785247,-1.088058,-0.844142,0.978332,-0.937060,-0.834315,1.829303,-0.758535,1.087933,0.481838,0.777899,-1.055574,1.797806,0.822224,1.391117,0.961134,-0.708322,-2.491476,0.157960,-1.502771,2.146393,-1.053386,-2.019513,1.999119,3.34,0,McDonald's,Food,
481824,-0.569398,-0.403837,0.033262,1.420779,1.331909,0.413643,-0.641484,1.893189,0.063336,-1.441531,-0.058805,-0.904098,0.866592,1.686209,0.157784,1.190641,1.716171,0.528008,-0.432452,2.685319,0.641751,0.616982,-0.362787,1.049046,0.158952,-1.338234,0.431876,0.735578,16.00,0,Officeworks,Other,
482065,0.172891,0.646807,-0.455625,-1.037708,0.345688,-1.506019,-1.855914,-1.232134,1.778425,0.924219,0.069161,1.304607,0.027646,-1.181066,0.938861,-0.190319,-1.103298,-0.439041,1.562484,-0.110721,-1.928820,-0.274652,-0.409078,0.209849,-0.880553,0.134625,-0.180110,0.156989,6.56,0,Optus,Utilities,
482066,2.253899,0.488755,-0.733641,-0.379563,-0.226563,-3.408988,1.209798,-0.132867,1.238296,1.051119,-0.102779,-0.924800,-1.468330,0.291865,-0.909716,-0.722058,-0.104720,-0.829380,-0.789978,-1.255803,0.373336,-0.403239,-0.708753,0.693691,-0.285992,0.185540,1.045695,-2.464898,12.79,0,Priceline,Other,Card present
482415,1.758015,0.238808,0.599234,-0.224369,-0.386238,1.270273,-1.701633,1.134012,-0.699764,0.182263,0.750860,-0.028784,0.588821,0.385949,-1.393259,1.898563,-1.650456,2.203091,-0.161221,0.177053,1.924563,0.624139,0.771780,-0.326128,0.245027,-0.387583,-1.749635,-0.230662,104.23,0,Big W,Other,
482522,-0.281918,-0.228872,-1.900899,1.604190,-1.219379,0.160594,0.131179,1.020347,0.264271,-0.541505,-0.227891,-0.670323,-0.507378,0.105057,-0.944621,0.630608,-0.055486,-0.289892,-0.375715,-0.569439,0.013350,0.712557,-0.925358,-1.263512,-1.719419,0.911577,-1.635366,-0.567946,27.72,0,Starbucks,Food,Recurring subscription
482685,-0.505691,1.033753,-0.341705,-1.337235,-0.301642,0.396536,1.719635,0.438638,0.130061,0.360358,-0.923218,-1.367875,0.091375,0.193963,0.197051,-1.672366,-0.570617,0.482184,0.042605,-1.894088,-0.052524,-1.947589,2.337190,0.368091,-1.518703,0.665676,-0.785586,0.479830,40.09,0,Subway,Food,Tap to pay
482802,-1.231988,-1.428687,-1.421686,-0.389442,0.294686,0.222901,-0.275595,-0.240352,-3.271727,-1.409415,0.332603,1.007134,0.060457,-0.645714,-0.908967,-1.795338,0.281887,0.453570,2.152323,0.137496,1.040743,0.347736,-0.917696,-0.376106,0.485108,-0.434909,-0.462598,0.842570,13.33,0,IGA,Food,
482950,-0.196048,0.779550,0.418869,0.409482,-0.339427,-0.607141,-0.713521,0.358416,-1.298740,0.267872,0.475180,-1.334535,0.901478,-0.324465,-0.247641,0.655630,-2.629973,1.696407,-0.815590,1.540962,1.053696,0.561601,-0.622052,-0.601662,-1.358923,-0.229733,1.999398,-0.898221,9.63,0,Grill'd,Food,
483151,0.573307,0.629619,0.125183,-1.310036,1.004523,0.468606,0.322650,0.734429,0.622343,-1.381220,1.763315,1.093139,1.011671,-0.381842,-0.285735,1.126405,-0.852618,-0.696169,-0.482408,-0.164900,1.999551,1.423639,0.045748,-0.488796,-0.023898,0.346402,0.286625,-0.277215,14.37,0,Telstra,Utilities,Membership fee
483152,-0.386843,-0.443245,1.057166,0.006758,-2.000442,-1.336177,0.935176,-1.212584,-0.612755,-1.856530,-1.710491,1.795176,1.819417,0.936999,0.325294,2.558398,-0.159274,1.444791,0.866013,1.701111,-1.778311,0.216761,-0.430998,0.337422,-1.204126,2.086923,-0.565913,1.154509,3.65,0,Booking.com,Travel,Recurring subscription
483217,1.649564,0.816836,0.762595,-1.084666,-0.856828,-0.797938,-0.089006,2.026902,0.834285,-0.228557,-1.157626,-1.935622,-2.254185,0.235868,-0.182724,-0.953839,1.679566,0.559468,-0.478357,2.208709,1.412128,-2.494563,0.704931,0.048873,-0.967123,1.860612,0.114684,-0.122594,32.44,0,Subway,Food,Card present
483223,0.607996,0.411522,0.942654,0.680703,-0.498387,-2.449715,0.166271,-0.404329,1.037391,-0.813823,0.515870,1.638381,-0.666692,0.672636,-0.031953,0.890826,0.554206,0.488187,-1.070543,-1.865936,0.575415,-1.400818,0.308572,0.563337,0.937694,-0.979881,0.686560,-0.100205,6.08,0,Raiz,Investment,In-store payment
483467,-1.247620,0.421917,-0.455213,-0.059751,0.344733,-0.231248,-1.199368,-0.494532,0.003589,0.798651,-1.958493,0.014266,-0.412885,0.535797,-0.189716,-0.290607,-0.123694,-1.127072,0.385605,-0.000328,-0.024199,-1.067920,0.712599,-0.796955,0.190084,-0.342075,0.172763,1.263338,15.57,0,Hoyts,Entertainment,POS terminal
483586,1.406109,-0.192321,-2.911273,0.057793,0.313907,-0.104273,1.399193,-0.532457,1.899033,0.290284,-1.416687,0.944596,-0.477714,0.948415,0.686677,2.113618,0.774650,0.123899,-0.531161,-0.838463,-1.384935,1.249219,-0.748180,1.448035,1.451868,-2.014291,1.361239,2.235820,3.66,0,Shell,Travel,
483728,0.555553,1.306058,0.988610,0.313945,-0.153369,0.603749,-0.514263,1.134838,-0.655974,-0.037069,-0.003071,0.835301,-0.983320,-0.653094,0.690984,-0.889573,2.172243,-0.273196,0.392130,-0.734127,1.474518,-1.231267,-0.680298,0.258567,-0.676382,-1.797890,-0.341554,0.381620,2.29,0,Bupa,Insurance,
483734,-1.603417,-0.026925,0.871190,-0.482800,-0.399387,0.384455,-0.243541,0.200914,-0.668306,-0.752978,0.383292,-0.584682,0.989889,-1.347790,-0.428692,1.059445,1.313547,-0.075420,0.282519,0.525796,0.276959,0.225722,-0.596955,0.157940,0.947710,-0.396682,-1.586391,0.441837,72.74,0,Woolworths,Food,Recurring subscription
483854,-0.594455,1.123443,0.834369,1.265240,1.436582,-0.496759,-0.273095,0.119011,-0.070689,-1.513573,2.271481,-1.190521,-1.703422,1.961766,0.324320,0.294169,-0.715669,-0.521791,0.769459,0.440275,-0.663864,-0.504761,-0.423767,-2.072915,-0.950402,-1.384447,-0.014450,-0.179121,1.11,0,Woolworths,Food,
484170,-0.633821,-1.371981,0.480612,-0.807793,2.093384,-0.107716,-0.265003,-0.722395,0.142725,0.231467,-0.861151,0.046116,0.157272,-0.616213,-1.280482,0.059454,0.400427,0.671835,-0.477899,0.285023,1.438813,-0.378123,0.276140,0.448081,0.551844,-1.227244,0.857827,-0.706675,20.31,0,Translink,Travel,POS terminal
484271,-0.684532,0.002033,2.034720,0.196449,-2.149628,1.074169,1.085083,-2.496299,1.011549,-2.430802,0.215269,6.039177,-2.320013,-9.976592,0.886135,-1.529611,-7.510790,2.921098,0.662850,-0.369131,1.701842,0.817092,-1.268145,1.937324,-1.380793,-4.709239,2.010564,0.071266,425.65,1,Web Payment Inc,Other,
484390,-1.094290,1.820793,0.316112,-0.320409,-0.390160,0.095650,0.727584,1.407492,0.502560,0.668231,1.092205,1.542264,0.225416,0.891908,0.025169,0.926923,-0.409723,-0.276432,-1.112232,-1.623663,0.533478,0.164776,0.740635,-0.059727,0.177859,2.011398,0.986352,0.539574,159.94,0,Apple TV+,Entertainment,Direct debit
484550,-0.226415,-0.729938,0.633623,-1.252434,-0.932587,-0.256931,0.192212,-0.380199,1.332504,0.186870,0.397587,1.205614,-0.662504,0.000733,0.397282,0.784771,2.850860,0.519679,0.756122,-0.176506,1.855295,1.191865,-1.063253,1.770617,0.839753,-0.620111,0.059635,1.374646,21.98,0,Shell,Travel,Recurring subscription
484632,-0.438599,-1.441928,-0.943607,-0.760828,0.236514,-0.668341,0.642358,0.775486,0.866126,0.008850,0.671846,0.195418,0.360226,-0.213955,-0.554965,1.471218,0.059084,-0.064047,-1.416646,-1.496871,-1.311588,1.239014,-0.435283,-0.124734,0.330007,-0.004992,-0.194311,-0.331831,823.26,1,Chemist Warehouse,Other,
484728,-1.158034,-0.659255,1.183508,-0.497056,-0.156880,-0.411143,2.936880,-0.497847,0.412576,1.930910,2.157967,-1.626861,0.907783,-0.381959,1.931094,-0.125603,0.028448,1.037860,-0.644811,0.409508,0.795455,-0.501274,-0.335246,0.673399,-2.178325,0.078628,1.148299,-0.420701,1.88,0,IGA,Food,Recurring subscription
485303,-0.362047,-0.347246,-0.573280,0.336577,-2.005847,0.160066,1.402167,-1.279271,0.083382,0.800079,0.757088,-0.543863,-0.054764,-1.306854,-1.428652,0.332803,-0.646944,-0.544515,-1.171784,-2.072399,2.434510,-0.871395,0.083481,0.074678,-0.570458,-0.857086,-0.417937,-0.990191,11.92,0,Tech Solutions Pty Ltd,Salary,
485818,-0.455898,1.432453,-0.806792,0.133826,-0.579473,-0.721195,-1.375848,-0.489307,1.085493,0.318806,-1.069053,0.854281,0.126127,1.023179,1.061953,-1.052153,-0.045149,0.463199,0.484384,1.383185,-0.793776,-0.053362,-0.289839,0.762813,0.344608,-0.062965,-1.048158,0.243946,13.19,0,EnergyAustralia,Utilities,
486040,-0.735213,1.500513,0.653134,0.683786,-1.354338,-0.146953,-1.535816,1.128051,-0.867771,0.458926,0.928365,1.397190,-0.862630,1.825887,0.858361,0.116461,-0.241182,-0.366269,0.435535,-2.633519,-1.082087,-0.853240,0.436511,-0.881035,0.067163,1.231071,-1.049048,-1.002812,5.89,0,Guzman y Gomez,Food,Membership fee
486519,-2.009736,-1.715603,1.305455,0.505321,-1.469624,-0.523961,0.298751,-2.892687,0.737752,0.367198,-1.162000,-1.275872,0.571480,-0.912674,0.564209,0.704518,1.616571,-0.811191,0.890130,-0.945639,0.291501,2.295842,0.548519,-2.628947,-0.645365,1.024052,1.050136,0.515362,85.95,0,Translink,Travel,
486519,-1.014223,-0.379759,0.722091,1.386973,-1.058654,1.153624,-0.433269,0.331736,0.285582,0.605935,-0.520712,1.416522,-0.038594,-1.263337,-2.155854,-0.606450,1.245357,-0.038537,1.013372,1.048187,-1.303173,0.213274,-2.081628,-0.320955,-0.551732,0.521110,1.409084,0.514647,6.03,0,Aldi,Food,
486754,-0.327953,0.049385,-1.650266,-1.471692,-0.420455,-0.991647,0.546014,0.716979,-1.408500,-0.414181,1.376291,-2.085766,-2.416913,-0.593170,0.231734,-1.131615,-0.501091,-1.229640,-0.927218,0.047671,1.463311,1.720799,-1.029213,0.462740,2.329671,1.126356,-1.286295,-0.574644,13.05,0,McDonald's,Food,POS terminal
486887,1.155904,1.815699,-0.701382,0.024992,-0.814365,-0.260350,1.092612,-0.464796,-0.170196,-0.152575,-0.364834,-0.249967,1.186462,-0.245190,-0.370017,-0.231462,-0.407791,-0.607365,-0.762121,0.782992,1.119191,1.162776,1.487194,2.078208,-0.698266,-0.853609,0.435079,1.423970,25.88,0,IGA,Food,
486979,0.568259,-2.546147,-0.171145,0.141189,1.160804,0.141220,-0.140222,-0.079383,0.140789,-0.218217,1.023410,0.576482,0.152320,0.306586,-0.875759,0.368565,0.512973,-0.155099,1.950877,0.660313,0.831254,1.043965,0.737234,0.277392,0.363367,0.103260,-0.193828,-1.406792,23.59,0,AGL Energy,Utilities,
487109,0.855703,1.451807,1.100228,-1.424990,1.974770,-1.834814,0.494557,-0.556949,1.351009,0.116083,1.838705,1.403224,0.884324,-2.634414,-2.242506,0.032706,-0.251776,0.231571,0.012867,-0.630546,-0.243692,-0.779470,0.655842,0.563540,0.703629,-0.079366,-0.402025,0.006881,4.78,0,IGA,Food,
487112,-0.940604,-2.188043,-2.200937,-1.358105,0.691928,-0.300034,-0.504027,-0.698063,-1.366439,-0.384724,-0.144785,0.542991,-0.804704,-0.380113,-1.648690,-1.838900,0.616488,-0.283798,-0.056862,-0.923930,2.454379,-0.361100,-1.032764,-0.253313,-0.744428,0.548912,0.400631,0.319026,176.37,0,Subway,Food,Membership fee
487398,-0.431934,-0.606492,0.715690,-1.182192,-1.108294,-0.994744,0.669720,-0.527511,-1.213713,0.625726,1.952559,2.079703,0.280311,0.567773,1.861071,-0.222570,0.246097,-2.622892,-0.671590,-0.644805,0.095937,-1.162334,-0.782979,-0.799653,0.301513,-0.224431,2.113342,-0.123935,5.21,0,RentPay AU,Rent,
487512,-0.994094,0.475840,-0.146922,-1.986483,0.844773,0.570610,-0.858882,-0.410900,-0.540292,0.528117,-0.047088,-0.952860,-1.423259,-0.644164,1.473630,-0.536485,-1.758848,-0.097982,-0.953622,1.762263,0.380028,0.755221,-0.012142,-1.670182,2.052122,-1.619567,1.816583,-0.404493,2082.13,1,Acme Corp Payroll,Salary,
487754,-0.067568,-2.561350,-0.307499,0.765387,0.069293,-0.789840,0.158737,1.055834,0.370812,-0.807549,-1.865654,1.831008,-2.615011,-0.638874,-0.075910,-0.847573,-1.676711,0.485759,0.188126,-0.850477,-1.789715,2.872971,0.089459,0.074520,1.328961,0.060036,1.555291,-1.785525,53.78,0,Aldi,Food,Card present
487849,-0.884778,0.919056,1.562402,-0.126531,0.443519,-1.581856,-0.771988,0.074649,0.690137,2.061788,-0.450270,-1.331893,1.622947,0.284741,0.244868,-0.961066,0.020921,-0.880082,-0.975632,-0.179465,0.815522,0.182548,-0.242224,-0.057678,-1.197794,0.402535,-0.582061,-1.582975,7.69,0,PlayStation Network,Entertainment,
488912,-1.214307,1.593064,-0.460210,-0.447483,-0.176202,0.356712,-0.326436,0.340637,-0.529559,0.088229,-0.964116,-1.329388,1.800262,0.028706,2.171575,-1.425552,0.282566,0.517740,-0.087596,1.650004,0.084241,-0.793349,-1.046757,-0.054969,-0.769177,-0.363548,-0.139835,0.158366,7.79,0,Origin Energy,Utilities,Recurring subscription
489017,-0.848577,-1.292087,1.865515,-1.470873,0.874462,0.959681,1.024906,0.687243,-0.607070,1.338851,1.304073,0.822805,-0.729655,-0.153296,-0.391476,0.182456,1.606432,-0.429200,-1.122442,0.782844,0.297051,1.309773,-0.330815,1.538661,0.465962,0.023345,-0.963731,0.021912,7.90,0,Vodafone,Utilities,
489300,0.397863,0.721449,0.569291,-0.445951,0.783320,1.204030,-0.402617,-0.532535,-0.163926,0.897457,-0.115094,0.371803,0.162118,-1.444900,-1.099516,1.080318,-1.014073,-0.624953,-0.511380,-1.145607,-0.276521,0.384375,-0.474863,0.626283,0.423972,-1.408168,0.539076,0.778940,74.22,0,Chemist Warehouse,Other,
489600,0.646192,0.307367,0.625682,-0.420576,0.488879,1.260738,0.815122,-1.203576,0.816784,-0.492100,0.495916,-1.045001,-0.121528,-0.039782,0.116815,-0.060755,0.802592,-1.086731,0.701376,-0.095514,-1.821922,0.452544,0.531172,1.338077,1.759121,-0.926310,-0.342847,0.070933,19.16,0,BP Service Station,Travel,Online purchase
489780,-0.292565,-0.594731,-0.424208,1.333929,0.294824,0.970541,1.311405,0.694361,0.075497,0.586929,-0.498154,-0.359222,0.644601,-0.824892,0.168633,-1.535471,0.296641,0.998996,-1.193717,-0.671637,-0.746034,0.248193,-0.648127,1.424628,1.373737,-0.624679,1.152200,1.150845,971.09,0,Booking.com,Travel,
490005,0.847767,-0.660094,0.798194,-0.274337,-1.343124,-0.811103,-1.331566,-0.970117,-0.221004,-0.094585,-1.585421,-0.467544,1.501352,-0.146715,-1.475832,-0.899157,0.597318,0.783342,-0.977988,1.296051,-1.160269,-0.525177,-0.484247,0.527638,-0.518586,-0.175067,0.426060,1.588359,27.82,0,Optus,Utilities,Membership fee
490048,0.718974,-0.821009,0.224100,0.938877,0.619805,-0.377542,0.787922,-0.625999,1.557101,-1.350131,-1.839655,-0.234553,-1.471800,-0.446381,0.081857,-1.708641,-1.351839,-0.665883,0.136080,0.728718,0.363821,2.331998,2.402734,-0.113242,-1.352085,0.112004,-1.225724,0.069362,5.97,0,Grill'd,Food,
490117,2.373134,-0.184043,-2.276369,0.324456,-1.071236,0.538812,0.777611,0.056624,0.382531,-0.922228,0.263132,-0.017138,-0.031066,0.335855,-0.889502,-0.040564,0.449475,1.164612,-1.245139,-1.592156,-1.081232,0.910445,0.121914,0.613619,-1.726552,0.603093,-0.070016,-1.264772,19.16,0,Aldi,Food,
490315,-0.082047,0.223143,-0.596387,-0.214613,0.326845,-0.145542,0.286924,-0.015465,-0.361611,0.221589,0.251826,0.336358,-0.304984,-1.193374,-1.772253,-0.905210,0.155450,-0.646478,1.010545,-0.679571,-1.079160,-0.475609,0.691939,-0.696181,1.648382,-1.020195,0.438638,-0.138086,94.58,0,SelfWealth,Investment,
490382,-0.380341,-1.762414,-0.510054,0.070030,0.342552,1.079304,1.052061,-0.181706,0.006757,0.698544,0.274854,-1.780685,1.275830,-1.824986,-0.157624,0.569811,0.890073,-1.244063,-0.274139,-1.219984,1.118882,-0.410814,0.052424,0.547010,-1.100559,0.868113,-0.036016,0.358103,478.13,0,7-Eleven Fuel,Travel,
490528,-0.010680,-0.314144,-0.842932,0.416335,0.729639,0.533511,-0.833938,0.513106,0.239808,-0.109808,-1.583612,0.177684,-0.402686,1.219641,-0.199741,0.207835,-0.730436,0.573422,-0.388778,-1.023982,1.353272,-0.857204,-0.812969,1.090925,0.799096,0.063794,-0.484232,-0.035996,41.89,0,Airbnb,Travel,
490538,0.765981,0.567961,-0.357315,0.812647,-0.062892,-0.389160,0.126958,1.356909,1.165367,2.708450,1.919906,0.084105,0.783914,-0.908657,0.444678,-1.677415,1.393214,0.406895,0.510359,1.313275,0.424342,-0.052929,-0.060522,1.018340,-0.432663,0.481750,-0.807020,-0.563633,4.25,0,Kmart,Other,
490583,0.394359,-0.144906,-0.244289,1.028342,0.716449,0.929239,-1.067912,-0.124745,-0.121520,1.810796,-0.130566,-1.226876,-0.117996,1.260592,-0.411764,0.017444,0.121712,-1.079997,-0.056714,-1.330384,1.096024,-0.872257,-0.293325,0.311279,-0.454436,-1.197136,-0.005438,0.345044,56.41,0,Coles,Food,Online purchase
490641,0.398923,-0.095482,-0.102447,0.627578,-0.694604,-1.328968,-1.555166,-1.698655,-0.258121,0.986691,0.238683,1.364006,-0.271608,-0.466478,0.190404,-0.908374,0.436588,-2.214166,-1.791816,0.296474,1.028151,1.356915,-1.398469,0.656262,3.399378,-0.897210,0.115874,-0.771986,5.45,0,Guzman y Gomez,Food,
490883,0.947283,0.366061,-0.829000,0.835323,-0.373392,-0.005730,-0.885884,-0.152938,0.305834,-0.328396,1.616774,-0.801793,-1.044490,0.263339,-1.291152,-1.784589,-1.571055,1.154871,-1.719602,-0.705055,0.230568,0.625487,-1.374406,-0.137674,0.274272,0.252975,1.015425,-0.467925,80.02,0,Translink,Travel,
490920,-1.033196,0.020243,-1.444120,0.159648,-1.097680,-0.829984,-0.762310,-0.798300,0.059035,-0.714582,-0.542363,-1.236096,-0.343718,-0.567753,0.980916,-0.962971,-0.943441,-1.189948,0.106633,0.507379,1.269583,-1.992136,-0.379577,-1.598152,1.678877,0.369192,0.112616,-0.915672,2.65,0,Sydney Trains,Travel,
491091,0.080226,0.240694,-1.993423,-0.779861,-0.295703,-0.895553,1.826467,-1.919340,-0.144097,-0.501758,0.570781,-0.028432,0.650954,-0.015844,0.039550,0.713457,-0.407611,0.776536,-0.407717,0.091736,-1.589019,0.088148,0.886945,-1.326703,-0.381610,-2.332821,0.126778,-0.025671,11.23,0,PlayStation Network,Entertainment,Tap to pay
491291,-1.053356,0.089337,0.948128,0.503650,0.716118,-0.037573,-1.438715,-0.005426,1.861144,0.136812,-1.441918,0.681335,-0.648985,2.604431,1.986066,1.252807,0.861137,1.250340,0.830769,-0.867778,-0.588489,2.542915,2.049315,0.590629,1.891280,-0.073858,1.297786,0.432921,18.78,0,Officeworks,Other,
491802,1.720524,-0.937022,-1.560569,-1.589299,-0.241315,-0.198549,-0.874032,0.479295,-0.252488,0.712196,-0.002607,-0.021947,0.615375,0.512352,0.376221,-0.041568,-0.232350,1.853745,0.288471,-2.833350,-0.293774,1.725899,2.283530,-1.249537,0.717148,0.027047,1.026345,0.154125,2.21,0,Bunnings,Other,Direct debit
491901,-1.223590,0.317882,-0.022133,-0.467359,1.133417,-0.365790,0.258152,0.186424,-0.400051,0.538133,0.991552,-1.654768,-0.082773,-0.932820,0.752877,1.568472,-2.136830,-1.457994,0.123086,-0.814468,0.849425,1.715789,1.058222,0.548719,-1.116178,0.844470,0.595253,-0.048926,22.25,0,Steam,Entertainment,
492047,0.458957,1.228402,0.732083,-1.173979,0.472749,1.911142,0.281507,-2.355445,-1.796854,-1.685403,-2.375300,-0.885603,0.828552,0.316331,2.823308,1.886876,-0.217900,-1.825876,0.563343,-1.364523,-0.124084,-1.233397,-0.906766,-0.684497,-1.172005,0.406468,-1.463095,-0.112873,34.24,0,Spotify,Entertainment,In-store payment
492206,1.072837,-1.061704,-1.951078,0.434945,0.439688,0.972249,1.387785,-1.817565,0.438991,0.775143,1.191834,-1.832882,-0.333336,0.793256,1.788345,0.638550,-2.093002,-1.078713,-1.976266,-0.239634,0.912909,-0.729246,-0.738281,-1.199044,1.426592,-1.964465,0.246387,-0.189653,1.14,0,Priceline,Other,
492524,-1.387633,0.189581,-1.436706,-2.046875,1.874454,0.638136,-1.525380,0.125529,0.221326,-1.661777,0.673276,-0.891794,2.337338,0.740885,0.594796,0.373931,-0.401500,0.333893,0.360217,-1.286641,0.242994,0.384363,-1.422171,-0.780290,0.526071,0.150160,0.772362,-0.417040,152.24,0,Booking.com,Travel,
492607,0.287690,-0.205895,0.788514,-1.033272,-1.359258,-0.128794,-0.061656,1.438320,-0.907398,1.092184,0.680762,-0.136878,0.268499,-0.927051,-0.689879,0.167238,0.659295,-0.425213,-1.041906,0.920864,0.647308,0.153689,-1.984163,-3.044294,-1.307850,-1.127069,-1.931023,-0.177797,22.49,0,McDonald's,Food,
492729,-0.338889,0.098149,1.451611,0.065462,1.375328,-1.102948,-0.080425,-0.948590,0.331978,-0.597528,-0.506743,1.099525,0.264861,-0.773972,0.393705,1.007926,-0.460056,-0.876261,1.366859,-1.827518,0.638679,-0.776159,-1.125519,0.125661,1.394774,-0.711029,-0.089489,1.350960,2.15,0,Coles,Food,
492814,-0.329924,1.388703,2.290100,-0.149449,-0.391220,-0.719769,-1.721368,2.450632,-0.640155,-0.348084,-1.027045,0.972932,0.129706,-0.424658,-2.242541,1.942395,1.402828,0.090279,1.493675,0.031250,0.579060,0.805477,-0.558378,0.599101,-0.980187,1.083577,-0.072919,-0.767091,3.42,0,Amazon AU,Other,
493502,-1.076128,-0.520856,2.529526,-0.635024,-0.006545,-0.949665,-0.911758,-0.348176,1.875058,1.303816,0.139729,-2.005120,0.729340,-0.842616,-0.187990,0.486075,-1.865896,-1.910313,-0.401127,0.347554,0.019195,1.330923,-0.807767,1.103413,-0.413568,0.636198,-1.156592,-0.943565,9.30,0,Coles,Food,
493763,0.315661,-0.054188,1.990523,-0.016985,0.688948,-0.280591,1.117251,0.980215,-0.721592,0.388518,-1.339216,-0.235107,0.400338,-1.049846,-1.738808,0.654496,-0.758404,0.274203,-0.239013,-1.601055,-0.314515,-0.240832,-0.270611,-1.413422,-0.715971,-0.324779,0.524126,0.558570,113.98,0,Woolworths,Food,Card present
494062,0.497615,0.847379,-2.343050,-0.473608,-2.328436,0.056594,1.013905,1.172732,-0.234775,-1.144189,0.140559,-0.158088,2.511741,-0.191768,-0.165945,-2.701433,1.235937,0.756060,0.852416,0.947306,-0.747021,0.674348,1.376465,-1.006710,-0.355402,0.039327,0.986171,1.891015,56.02,0,EnergyAustralia,Utilities,
494222,2.041814,0.928664,-0.290098,-0.877403,-0.655463,0.522649,0.851986,0.842234,-1.166264,0.410811,-0.051154,1.291047,0.843826,0.719739,-1.237397,-2.018585,-0.819186,-1.287066,0.562623,-0.223030,0.941925,0.197262,-0.800977,0.762580,1.511498,-0.756121,1.068039,0.326134,87.81,0,Woolworths,Food,
494587,0.408385,-0.502089,0.633613,1.126185,-2.437006,-0.952845,-0.414082,1.194184,0.278564,-0.295149,-0.923186,0.389105,-0.274263,1.527048,0.824022,0.636383,0.290902,-0.976306,0.560167,1.223660,1.430142,-0.790859,1.182254,0.007393,0.540267,1.177121,-0.839162,0.009044,8.43,0,Ticketmaster,Entertainment,POS terminal
494667,1.164446,1.417458,-0.338090,1.311701,0.309930,0.106085,2.111510,0.191308,0.099938,-0.172500,0.603680,-0.271667,0.362798,-0.192711,-1.074761,0.025385,1.112137,-0.657510,-0.358024,1.588356,0.430332,0.486992,-0.696262,-0.202218,0.356925,0.211628,-0.467151,-0.936974,107.17,0,Virgin Australia,Travel,
494852,0.537897,-1.099802,1.420811,-0.898648,2.590142,-0.213824,1.199701,1.038334,-0.868918,0.128160,-1.250279,-0.503670,0.498487,1.435401,0.157863,-0.710038,-0.706854,-1.801680,2.392944,0.416689,-0.496855,0.058407,-0.300458,0.512954,-0.064573,0.244844,-0.995967,-0.986649,12.52,0,Chemist Warehouse,Other,POS terminal
494912,-0.328078,0.459944,-0.425535,-0.099474,1.465834,0.217750,1.155470,-0.239992,-0.957103,-0.939456,0.431802,-2.122629,0.794238,1.834958,-0.381352,-1.225076,-0.207005,0.940515,0.285690,-0.722418,1.109018,1.023225,0.608235,0.285614,-1.428487,0.939225,0.176509,0.677799,14.75,0,Netflix,Entertainment,
494919,0.788110,-0.309582,0.446826,-0.667534,-1.016584,-1.308922,-1.078699,0.933896,-0.046006,2.000294,-1.877715,1.358687,0.671064,0.833505,-1.447706,1.431337,1.849932,0.458488,0.246452,-0.115711,-0.344748,-0.265858,-1.015761,0.966065,-0.619433,0.001141,0.971916,2.313444,146.57,0,eBay AU,Other,In-store payment
496094,-0.194924,-1.107301,-1.000362,-0.687774,-0.887455,1.016231,0.108179,0.829833,-0.071554,0.280940,-0.154271,-0.294909,0.126331,-1.623475,0.254364,-1.492805,-0.009284,-0.339861,0.012311,0.412478,0.393502,-0.549262,-0.255867,1.732364,-0.095728,0.540449,-0.266880,-0.083008,107.08,0,7-Eleven Fuel,Travel,
496101,-1.979780,0.437293,-0.288571,-0.196124,0.215284,-1.082684,-1.234799,-0.292669,0.686242,-1.059707,0.220760,1.224632,-0.944908,-0.076447,0.778790,0.772668,-0.570989,-1.399084,-0.397681,0.971665,-2.252952,0.150336,-0.375343,0.996341,0.067756,0.933665,-0.052586,-1.350835,18.16,0,AGL Energy,Utilities,Membership fee
496110,-0.358141,-0.736722,0.273287,1.354020,0.201211,1.596433,-1.978609,0.696346,1.581907,-1.145531,0.582334,-0.977236,0.348541,-0.657969,1.079494,0.229691,-0.090430,-0.634258,0.592087,-0.946627,0.210118,-2.749906,-0.810707,0.289294,-0.939219,0.091646,0.381567,-1.558607,1.63,0,Booking.com,Travel,
496871,1.556409,0.587924,0.733491,1.258005,-0.681249,-2.156783,-0.304376,-1.739392,-0.309433,1.715907,-0.469888,1.271315,-0.055310,1.181283,-1.336840,-0.019054,1.360780,0.623382,0.174276,0.945048,1.237062,1.487039,0.826611,0.421514,1.757380,-0.495104,0.938643,-1.119281,42.65,0,Virgin Australia,Travel,Tap to pay
496947,-1.341233,1.191405,0.824687,1.035117,1.775295,-1.344115,-0.729664,0.519627,-0.870150,-0.448820,-0.687070,-0.193316,-2.048801,-1.125565,-2.011278,-0.253227,1.925185,1.663157,-0.445073,1.718333,-0.129984,-0.548866,-0.267375,-0.585375,-0.579771,-2.290892,0.115246,2.034422,12.03,0,Guzman y Gomez,Food,Card present
497211,-0.517997,0.600551,1.416432,0.016170,0.408536,-0.227064,1.033131,0.251141,0.500710,1.508224,0.607816,-0.742589,1.050258,0.145847,-0.262633,-0.601896,-0.641139,0.073463,-0.195160,-1.048628,-0.570164,-1.646510,-0.863814,-0.557209,0.711200,1.502259,-1.134598,0.720750,17.30,0,Grill'd,Food,Direct debit
497756,1.948628,2.054423,1.855601,2.011139,-1.792141,-0.316462,0.183220,3.056611,0.039530,0.096738,0.790125,0.028262,-0.502505,0.668996,-2.000358,-0.923070,0.500530,1.215414,-0.150039,0.823875,0.665816,-1.392555,-1.221029,0.769161,0.033204,-1.279798,-1.266250,-0.399447,4.44,0,Disney+,Entertainment,
497892,-0.232216,-0.398043,2.331613,0.494975,-0.408354,-0.671234,1.120365,-0.566007,-0.322374,0.495260,0.514599,2.341360,2.205223,-0.470244,0.416621,-0.780808,-0.490590,-0.084503,-0.044459,-1.698517,-0.697223,1.029166,0.551994,0.567319,-0.190729,-0.646342,0.451682,0.664522,57.44,0,Guzman y Gomez,Food,
497907,0.642407,2.873088,1.566765,-0.463111,-0.350199,-0.722820,0.316388,1.019531,0.021593,-0.840908,1.873269,0.047102,-0.676859,-0.805504,-0.306519,0.352017,-0.737477,0.978403,1.756155,-1.717123,-0.250526,-1.180904,-0.864925,-0.473033,0.018822,2.200312,0.100043,-1.162329,105.18,0,Qantas,Travel,Tap to pay
498204,0.723820,2.738933,-0.463505,0.038301,-2.618573,-0.122726,-0.032188,0.762669,-0.109428,0.119396,1.045265,1.081098,2.075436,0.971995,-0.454315,-0.274557,-1.648008,1.998193,0.149628,0.529860,-1.148094,1.274307,-0.810714,0.336075,-1.150903,1.084696,-0.137783,0.874338,44.59,0,Big W,Other,Recurring subscription
498794,-0.246726,-1.779917,0.997029,-0.766906,-0.082096,-1.525287,-0.549220,-0.776038,-0.204984,0.524841,0.548636,0.089375,-0.356610,0.531478,0.611389,0.055215,-0.409027,-1.960897,0.914038,-1.401180,0.072378,-0.751067,1.126710,0.179962,-0.421080,-0.698801,2.112408,-0.163883,6.68,0,JB Hi-Fi,Other,Auto-renewal
499085,0.834307,-0.188387,-0.996904,-1.444788,1.760238,-1.404059,-0.471349,-0.492297,1.078553,0.470063,0.616747,-0.513311,0.083561,0.132507,0.401600,0.369781,-0.885887,0.440694,-0.559488,-0.195294,-1.921003,-1.248066,-0.963865,-0.235166,-0.423640,0.074667,0.248539,0.447723,111.32,0,Netflix,Entertainment,
499658,-0.060522,0.635404,-0.608115,1.690378,0.700477,-1.544748,-0.148668,-0.119370,1.203404,1.042237,-0.344796,-0.543176,0.614428,0.847316,-0.735145,0.123162,0.446957,0.550240,-0.258644,-0.103460,-0.629829,0.286979,-0.691246,0.599020,0.793097,-0.202239,-1.384113,0.365872,111.80,0,Acme Corp Payroll,Salary,
499977,1.395189,1.252150,0.434006,3.090595,0.144414,0.006420,-1.322124,1.677621,-1.548655,0.155344,0.436812,-0.433633,-0.807190,-0.309481,-2.053358,1.013737,-1.232010,-0.981394,0.453930,0.708941,-0.080713,1.067690,0.451725,-0.681440,0.543616,-0.815160,0.611136,-0.934792,7.91,0,KFC,Food,Online purchase
500013,0.931182,-0.440857,1.156077,1.235970,0.678770,-0.672827,-1.873692,-0.139167,-0.995640,-1.052772,0.523502,-0.934107,-0.439801,-0.377686,-1.563894,-0.289819,1.446766,0.617949,0.347119,-0.835442,0.000302,1.321819,-0.642284,-0.219458,1.297407,-0.008174,-0.256334,0.032409,67.30,0,BP Service Station,Travel,Direct debit
500131,-0.005767,-0.542592,-0.276910,1.181354,-2.174029,-0.202118,-0.775226,-1.478187,0.437814,-0.542079,-0.397931,-1.071836,0.360170,1.630183,0.594310,0.136712,-1.070024,-0.336991,0.605129,0.042349,0.430520,0.147397,-1.414594,1.688118,0.407268,0.460337,-1.374866,0.529019,8.33,0,Spaceship Voyager,Investment,Tap to pay
500372,0.412035,-1.016716,-0.281302,1.233772,0.051578,2.204035,1.457931,-0.519685,-0.909355,-1.021203,-1.074824,-0.166328,0.205601,0.423183,0.367168,-0.001234,1.578707,-0.346189,-1.300977,0.238277,0.464142,0.084257,0.141063,0.120028,-1.504479,0.271231,-0.148765,0.528416,1.30,0,Tech Solutions Pty Ltd,Salary,
500430,1.146896,-0.167596,0.158802,-0.449142,-1.307713,-2.252019,-0.277199,-0.063223,-0.335456,-0.217111,0.498589,-1.519859,2.703870,-0.875597,0.423255,1.468681,0.987394,-0.682013,1.234275,0.291526,-1.074677,-0.736187,0.325006,0.067143,1.708619,-0.336526,0.958577,-1.353233,11.11,0,Priceline,Other,POS terminal
500640,-0.046860,-0.324364,0.975584,-0.085898,-2.732560,1.159700,-0.575748,-0.383377,-1.516850,-0.916679,-0.505349,1.297367,0.075732,-0.056970,0.599144,0.618221,-1.697926,-1.398607,-0.299124,-1.894084,0.946783,-0.622611,-0.017062,-1.844788,-0.767688,-0.206114,-0.244953,-0.200526,30.68,0,Translink,Travel,
500722,-0.090371,0.582930,-0.499943,1.412373,1.331694,-1.140364,-1.303521,-1.269419,-0.377774,0.016477,1.251381,-0.315860,0.253659,0.012165,-0.394806,-1.522277,-0.316445,2.004731,0.868235,-0.078356,-0.175077,0.810892,1.637864,2.238275,-0.629114,-0.818997,-0.386876,-2.299153,59.78,0,KFC,Food,Tap to pay
501102,-1.295420,-0.986352,-0.844154,-1.583062,-0.807481,-0.143751,-0.139284,-1.173375,1.050265,0.000580,1.960169,-0.270546,-0.036196,-2.900369,-0.083588,1.192841,-0.704899,-1.339770,0.125420,-0.664497,-1.836426,0.901078,0.967727,0.169435,-2.283688,-0.268248,0.559490,0.278298,55.14,0,Aldi,Food,
501149,-0.387375,0.274785,-0.379404,-1.498547,-1.152295,1.355136,-1.060573,-0.050043,-0.053002,0.302318,0.556665,0.804333,-1.421015,-1.288417,-0.510566,0.088816,-0.625680,0.581794,-0.954498,-0.517503,1.258953,0.894821,0.219468,0.390762,0.765919,-0.629415,0.386410,-0.269178,6.63,0,Amazon AU,Other,In-store payment
501283,-0.735625,-0.953730,-0.369453,-0.582286,0.877904,0.007508,0.951064,-0.464782,-0.677058,0.658790,1.035510,0.455085,0.495925,-0.519429,-0.718823,0.942977,0.923899,-2.153676,-0.999078,-0.963905,0.719502,0.959173,1.041734,-1.143732,0.528170,-1.539981,-1.060065,2.323350,15.47,0,Hoyts,Entertainment,
501524,-0.398454,0.771908,-0.746574,1.119163,-0.320362,-1.127667,0.662374,0.332820,1.121248,-0.964558,-0.617944,1.394071,-0.171253,-0.026259,0.242806,-0.306580,-0.294469,0.419058,2.292428,1.293030,-0.049210,3.212651,-0.819652,-1.293162,-0.177753,0.470037,-0.239412,0.813010,39.27,0,Qantas,Travel,Tap to pay
501527,-0.860447,-1.244955,0.241764,-0.893090,0.946918,0.016390,-0.339870,0.526312,0.769837,-1.350810,-0.250168,0.498329,0.437777,0.526416,1.062939,0.236072,-0.369716,0.156201,-2.274387,-1.482723,-1.318241,0.937923,0.263325,1.815679,-0.083598,1.200979,0.066662,1.415475,16.56,0,Uber,Travel,Recurring subscription
502833,-0.739974,0.896335,-0.744959,-1.488470,0.071060,-0.237551,-0.144833,0.499791,0.197372,0.277219,1.013728,-0.300773,0.270079,-0.853311,0.227688,0.407983,-2.004340,0.026749,-0.315224,0.177838,-0.630134,1.431586,-0.217343,-0.866964,-0.135126,-2.108612,-0.191777,-0.439547,118.45,0,Hertz,Travel,Direct debit
503528,-0.582683,-0.901979,0.394738,0.367014,-0.370594,0.311798,-1.331723,-1.628810,1.124130,-3.027723,-0.684487,-0.583144,0.543390,0.344724,-0.761393,-0.093306,1.501775,0.527645,0.301539,-1.067790,-0.101362,-1.096356,0.550429,0.792307,1.973138,1.236155,0.900798,0.792234,4.86,0,Spotify,Entertainment,Tap to pay
504069,-0.023038,0.350762,0.274068,1.030394,1.316953,1.589745,-0.580084,0.461003,0.266671,-1.922332,1.646584,1.817992,1.337074,0.333583,-1.102917,1.072647,1.140152,-0.043804,0.409058,-0.350205,0.719532,0.038642,0.156342,-0.722591,-0.315933,0.738021,1.522501,-0.233960,9.57,0,Vodafone,Utilities,
504141,-1.043323,-0.101273,-1.409588,0.655378,0.528634,-1.682107,-2.244313,-1.165705,-1.944286,-0.002810,-0.825986,0.468315,0.504302,-0.802065,0.597811,0.716839,-1.429640,1.980202,2.069485,1.180910,-1.797711,0.100382,0.556938,0.364355,0.499628,0.096042,-0.239588,0.340867,0.61,0,PlayStation Network,Entertainment,
504356,0.411022,0.865690,0.081013,0.044932,-0.104466,1.357023,-0.399297,-0.278195,-0.663083,-0.260454,-0.288654,-0.102894,-1.976545,0.635639,-1.184745,-0.362386,1.065715,-0.546972,-0.583253,0.499063,0.687720,-1.136032,0.715673,-0.415551,0.675679,-0.092552,0.962024,-1.155293,33.23,0,Officeworks,Other,Online purchase
504861,-0.645294,-0.434165,0.262366,1.881044,-0.767325,0.066603,1.574019,0.858592,0.011686,1.028116,1.228219,0.460954,-0.375257,0.922201,-0.504343,1.046720,0.450909,0.549202,-1.256214,-1.158152,0.193955,-2.650665,0.268613,-0.986804,-0.297981,-1.907794,-0.037047,-0.419266,3.68,0,Subway,Food,
505245,-1.406522,-0.773176,-0.465559,-0.940236,-0.633813,-0.079288,-0.536713,-0.201610,0.264914,0.721138,1.218726,1.592631,-0.999999,-0.639164,-0.681721,0.754397,1.472113,0.517535,0.569204,0.750024,1.083518,0.012309,0.599247,-0.424405,0.773673,-0.601249,0.719049,0.272701,61.20,0,Vanguard,Investment,
505535,-0.086017,1.686717,0.573713,-0.145560,1.327180,0.916622,-0.191713,0.468627,0.958112,0.601006,0.979787,-2.072855,0.485981,-1.385550,-0.528988,0.359390,-0.607592,-0.064497,-0.215266,-1.884483,0.203959,0.220082,0.097641,-0.272695,-0.829759,-0.442608,-1.699221,1.231977,4.29,0,Tech Solutions Pty Ltd,Salary,
506406,-0.116134,0.208950,-0.817659,0.982457,-0.086873,-0.503595,0.650590,1.882602,0.162858,0.830805,-0.128741,1.601061,-0.790257,-0.609770,0.074450,-0.629747,0.843800,-1.034568,-0.007436,0.298580,-0.693432,1.512266,-1.620075,0.233838,1.665440,-0.502197,0.306631,-0.338343,71.98,0,AGL Energy,Utilities,Online purchase
506823,0.695380,2.120851,-2.059816,0.337107,0.769870,1.021479,-0.121980,-3.095939,0.799147,0.350218,0.022227,1.321945,-0.965183,-0.281770,1.294665,-0.357630,-0.508853,-0.545894,1.718012,-0.542446,0.032111,0.128718,1.554033,-0.400441,-0.402162,0.984850,1.474769,-0.436563,5.45,0,Ticketmaster,Entertainment,
506999,1.335466,-0.209694,0.521336,-0.497593,-1.215406,2.792535,-0.207611,0.622783,1.085181,0.911222,0.088182,0.163350,-1.525243,0.105022,-0.980192,-1.780023,0.367448,-0.283520,0.105955,0.937415,0.741140,1.200993,0.951050,-1.423913,-1.241608,-1.163461,-0.550773,1.297467,2.98,0,Booking.com,Travel,
507945,-1.616777,-1.051544,-0.961185,0.569960,-0.474134,-0.209131,-0.475364,-0.611200,0.860961,0.580532,-0.446164,0.107823,-0.927767,0.146751,-0.308804,-1.612758,-0.460818,-0.282528,0.331159,-1.840816,0.405937,0.089853,-1.758747,-0.100941,0.107217,0.932713,-0.669233,0.982922,6.67,0,McDonald's,Food,
508678,0.666232,-1.404573,-0.165904,0.249990,-1.764554,0.367497,-0.099906,0.550199,1.850270,1.586242,-0.570049,-1.062425,-1.364480,-1.621538,1.815797,-0.730332,0.696945,-0.590246,-2.356535,-0.073448,-1.548252,-0.168707,0.299519,2.009142,1.450679,2.209168,0.883988,-0.093392,15.31,0,LJ Hooker Rentals,Rent,
509206,1.689246,-0.390102,-0.856369,-0.314613,-0.406724,1.716744,0.763611,-0.473120,1.279704,0.305366,-0.019921,1.171731,-1.824692,0.148475,-0.812605,-1.391232,0.506853,-0.796924,-1.669166,0.193693,0.862336,0.356840,0.976282,-0.100106,-0.548728,0.462716,-1.141041,-1.013422,13.77,0,Capstone Inc,Salary,Membership fee
509703,0.263405,-0.372922,-1.494161,-0.172668,-0.183305,2.573406,-1.287927,1.531568,-1.273362,-0.635518,-0.070044,-1.010357,0.514797,0.927304,-0.667981,1.002998,-0.130702,-0.521717,-0.346575,-0.976108,1.489136,1.173089,1.093075,-0.288110,0.939708,1.400593,0.965664,-0.919183,36.25,0,IGA,Food,Recurring subscription
510002,-0.838693,-1.410794,0.493714,-2.229040,0.819249,-1.725043,1.703624,1.589652,1.099903,-0.983477,-1.044282,0.471012,-0.071371,-0.696411,0.203382,-0.701361,1.587512,0.055665,0.550788,-1.725785,0.735027,-1.075821,0.866775,-0.469400,-0.415836,-1.136062,0.001277,-0.488241,10.21,0,JB Hi-Fi,Other,Direct debit
510441,-0.802373,-1.745881,-0.010915,1.850708,-0.442536,0.881478,-0.432046,0.843797,-0.152306,0.776903,0.042654,1.707895,-0.262865,-0.410111,-1.320840,0.827676,0.058978,1.648188,0.590054,-0.194834,0.523125,1.800506,0.704334,1.743716,1.441944,0.424431,-1.841883,0.193588,9.90,0,Starbucks,Food,Direct debit
511437,-0.004618,1.691588,0.212167,-1.143452,-1.949532,1.476959,-0.228176,1.574135,-2.319006,0.503549,-0.612692,0.356155,-0.889975,1.207773,0.928067,-0.393591,-1.054165,0.159516,-0.691462,-0.420853,-0.910563,-0.979690,-0.956924,0.841956,-0.184175,1.800686,0.342178,1.144155,3.27,0,Domino's Pizza,Food,
512460,0.068672,0.378709,2.202089,-0.302877,-0.560500,-1.035393,-0.161720,0.357477,-1.516970,0.646947,-0.962187,0.488550,-0.498706,-1.114562,0.272152,-0.938764,-2.734715,0.614686,-0.940689,0.977964,1.381250,0.382621,0.241059,0.874726,-0.834276,-0.133856,-1.174035,1.845482,9.73,0,Airbnb,Travel,Auto-renewal
512972,-0.607425,0.877685,-0.615307,0.819025,-1.372256,-0.525819,0.975320,-0.188175,0.738430,0.902818,-3.066039,0.911272,-0.207399,1.682099,-0.101806,1.452387,-1.452472,-0.047016,-1.136665,-0.714580,0.590003,0.135586,-0.092579,0.075596,-0.664409,0.150860,0.512260,-0.323053,12.05,0,McDonald's,Food,
514475,0.799576,-1.456419,-0.391148,1.111956,-0.090546,-1.012400,-1.393419,-0.246118,-0.108401,0.292416,1.252101,2.545844,-0.065640,-2.183271,1.106870,-1.323820,-0.582588,-0.118371,0.932243,1.651568,-0.710561,-0.547519,-0.858935,0.964938,-0.795916,1.823372,0.099886,-0.734896,46.32,0,Booking.com,Travel,
518101,0.732329,-0.773702,-0.604346,-0.334056,-0.052128,1.202761,3.457415,0.620403,-0.223425,-0.572398,-0.517733,0.136375,-1.230650,-1.145204,-1.344745,1.998674,2.113881,-0.065449,0.607692,-0.750233,0.103377,0.470897,1.475253,1.203792,-0.327834,0.980524,-0.627299,-1.572136,28.37,0,Chemist Warehouse,Other,
518399,1.173501,-0.775069,1.187145,-0.234612,0.788469,0.449919,-0.895553,-0.177616,0.490587,-0.033832,-0.926307,1.452294,1.250778,0.175865,-0.569791,0.169072,0.468729,0.730040,-0.506291,1.169362,-0.263948,-2.904070,-0.276724,-1.188654,-0.831358,-0.916400,0.541803,-1.557913,29.87,0,Hungry Jack's,Food,
518399,0.582419,1.073090,0.808386,1.781343,-0.064038,-0.093930,0.086234,-0.706796,0.617268,-1.726896,-0.329299,-1.798491,0.255886,-1.611022,-1.040837,0.110185,-0.816624,0.296853,0.147898,0.574580,-0.605442,0.972046,-0.700206,-1.660013,0.255798,0.175604,1.304565,1.346913,19.61,0,Netflix,Entertainment,
518617,-0.241972,-0.468226,-0.108039,-1.106864,-0.290171,2.353537,-1.018800,-0.924150,0.136468,1.770788,-0.903774,-2.437031,0.655409,-0.975358,0.797338,1.686122,-0.167742,1.420634,-0.635617,-2.127041,-0.234512,1.723425,-0.915604,-0.659113,-0.113335,0.947911,0.760806,3.003734,7.91,0,Spotify,Entertainment,
519945,-0.294018,-2.525843,-0.711444,-0.688451,-1.512244,-0.820748,-0.622162,0.187339,1.752443,-1.259928,-0.815810,-0.453168,0.037879,0.395745,0.095656,0.367861,-0.814146,0.072661,0.388431,1.026215,0.607138,-1.468926,-2.012547,1.011848,-0.661062,0.435510,-0.332852,-1.450354,30.41,0,Translink,Travel,
522381,-0.303342,0.161276,2.034270,0.190362,-1.187237,-0.153517,1.945776,0.167951,1.290866,0.034421,1.481434,-0.383644,0.566090,1.147175,-0.658110,-2.507102,-0.018478,1.407049,-0.619965,1.755142,-0.777872,0.253680,1.829653,0.272360,1.269369,-1.728258,0.917962,0.067275,22.33,0,Qantas,Travel,
522531,0.783149,1.281727,0.829550,0.251354,-0.512029,0.884519,1.014932,-1.233235,0.872474,1.066929,0.492881,0.225183,0.427886,-0.747486,-1.685668,-0.617162,0.186870,-0.950316,0.701325,0.508553,-1.398922,-0.148278,-0.573312,1.509309,-0.793664,0.244448,0.494359,0.847655,17.55,0,Amazon AU,Other,Auto-renewal
522655,-0.146188,0.005342,-0.122957,-0.635119,-1.419533,-0.223994,-0.051045,-0.119187,0.633338,-0.726117,0.567283,0.364943,-0.891291,1.293569,0.324568,0.407636,0.533045,-0.552456,0.919828,-0.800137,-1.898030,1.930943,-0.595864,-0.684212,-2.134237,-0.309691,-0.142655,-0.777764,302.04,0,Ray White Property,Rent,Recurring subscription
527740,-0.608806,-0.542120,0.577736,0.805889,-1.677041,-0.285965,-1.687293,0.866042,-0.919193,0.297465,-1.253574,0.468900,-0.864393,-0.006632,0.291106,-0.652836,-0.442964,0.694762,1.369407,0.663988,-1.810501,1.919935,-0.147323,0.624969,1.383075,-0.316581,-0.767549,1.565879,9.69,0,eBay AU,Other,Tap to pay
527862,-0.559753,1.119982,-2.082467,-0.095005,0.286758,-0.774273,0.113475,1.307899,2.051672,-2.263301,0.766201,-0.868059,-0.534635,0.495095,1.440100,1.499504,-0.107891,0.812079,0.306226,-0.991163,-2.499207,-0.452656,1.046240,-0.482483,0.459632,0.225147,-0.985371,-0.068691,26.28,0,IGA,Food,Recurring subscription
529133,-1.548678,-2.367143,1.759175,0.115117,0.644766,0.054467,0.301762,-0.693830,0.276934,0.431490,-0.281048,0.353588,1.433997,-1.389570,-0.833478,-0.119071,0.511990,0.325846,0.417343,-0.175092,-2.331075,-1.573810,1.093651,0.465405,-0.838243,-0.200174,0.263411,0.933207,60.30,0,Woolworths,Food,Direct debit
529301,0.714118,-0.465232,0.994306,-0.401888,-0.475945,0.403600,-0.627869,0.155206,-1.246840,1.462531,0.172159,0.328453,0.438366,0.130788,0.728456,0.533474,-0.008435,-0.317974,0.553557,1.541429,-0.038714,-0.212478,0.191178,0.267489,0.748230,-0.035623,0.877341,0.047222,1.45,0,Chemist Warehouse,Other,In-store payment
530221,-0.287024,1.011857,1.134139,-0.923445,-0.292401,1.372146,1.737907,0.018673,0.374755,-0.729439,1.474227,-0.360592,0.374458,-0.483492,-0.696414,0.036397,0.062378,2.758449,0.078912,-1.007965,1.117888,1.540414,1.543466,-1.108157,-0.214118,-1.145670,0.666926,-1.229812,82.70,0,Kmart,Other,
530639,-0.177763,0.101727,0.008812,-1.168706,-0.069278,1.579474,0.358218,-2.037865,0.227175,2.031158,0.216084,0.292002,-0.785944,0.608105,0.468942,-0.751753,0.205478,1.157055,2.187241,0.588200,-0.131529,0.227645,1.409617,-1.310361,0.597844,0.308970,-1.221773,1.177501,71.25,0,PlayStation Network,Entertainment,Direct debit
530826,-1.962165,-0.731369,0.383094,-0.339618,0.251948,-1.318668,-0.701207,0.059785,-0.694396,-0.472207,0.479161,-2.401741,-0.461270,0.687717,1.738238,1.069458,0.120349,1.509277,-0.714223,-1.916252,2.289174,-0.992696,1.005333,0.832230,1.505227,1.268558,-0.803003,0.588475,189.21,0,Spaceship Voyager,Investment,
530971,1.063626,0.654979,0.062585,-0.757968,0.989704,-0.248511,-0.884170,1.485981,-1.512519,-0.437857,-0.956641,0.495838,-0.214555,-1.557833,-1.900837,-2.345950,-0.902964,-0.019428,-0.826903,-0.558428,0.066979,2.822677,-0.491799,-0.771888,1.159583,-0.668270,0.340672,-1.081038,20.71,0,Optus,Utilities,
531398,0.237011,0.083175,1.792545,0.259954,-0.084198,-0.584204,1.387251,0.256720,-0.053108,-0.718859,1.217221,-1.493637,-1.337416,2.515614,-0.103219,-0.038398,2.190023,-2.468619,0.922058,1.072465,0.172846,-0.129349,0.114073,1.965837,0.716319,0.137529,0.976775,-0.244160,1.74,0,McDonald's,Food,Tap to pay
531463,1.720232,-0.888974,1.371317,-0.627759,-0.093678,-1.095229,-0.967703,-0.178883,-2.489771,0.189550,-0.593611,-0.663377,0.011790,-1.049003,1.059023,0.519931,-0.217329,0.532566,-0.458558,-0.843062,-0.957073,-0.692046,-0.240250,0.520287,-0.403151,2.851567,-1.082275,0.492657,19.33,0,Big W,Other,
532462,0.613388,-0.241547,1.501437,-0.138943,-0.873269,1.925358,-0.918477,0.245624,1.161857,0.586046,1.708981,-0.757457,-0.098620,-1.105627,-0.000216,0.689285,-0.419549,1.163794,-1.727159,1.080541,0.531065,-0.372076,1.502943,1.390330,0.232656,0.105558,1.666319,1.750482,8.44,0,Sydney Trains,Travel,Direct debit
532573,-0.890801,0.004819,-0.868413,-2.304624,1.308610,-1.913613,0.935612,0.108531,-0.017100,-1.446790,-1.044980,-0.661257,0.035171,0.500084,-0.548179,0.753117,0.137734,-0.275826,-2.111631,-0.166873,-0.035745,1.923537,-0.077712,0.285044,0.622770,-0.461034,-1.292865,-1.788424,10.87,0,Optus,Utilities,POS terminal
533203,-0.614562,-0.571288,1.777466,-0.747096,0.076900,2.468686,-2.372197,-0.744726,0.970379,-0.698518,-2.030259,-0.711143,-0.336055,2.086841,-0.584784,-1.041140,0.350410,-0.457448,-0.483002,0.763115,1.758307,0.757300,0.230675,-0.236331,0.286913,1.466523,-0.131193,0.530251,36.37,0,Event Cinemas,Entertainment,
535504,-0.131033,-0.784522,-1.038136,-0.347344,0.350628,2.768936,-1.001651,0.020617,2.022327,-1.364267,1.717497,-1.734408,0.778235,-0.087368,-0.282135,0.777668,-0.952497,1.279242,0.673049,-0.598621,-0.331011,-0.203850,2.212596,1.111806,-0.714790,-1.166337,-0.281670,-2.383172,7.18,0,Vodafone,Utilities,In-store payment
535801,1.617660,2.383145,2.427769,0.540235,-0.742219,1.650104,-1.208672,0.997343,0.983482,-0.081589,0.248277,0.485337,-0.850728,0.191629,1.486565,-0.953074,1.076105,0.824386,-0.392258,-1.100319,-0.551936,-0.004038,0.299985,-0.203539,-1.955034,-0.040604,-1.334309,-0.188370,32.64,0,Belle Property,Rent,
535868,1.703088,0.514324,-0.257272,-0.747520,-1.025273,0.719359,-0.635885,-0.491181,0.736986,-0.269938,1.025438,0.320915,0.175441,-1.830975,0.916368,-0.793401,0.320587,0.775970,-1.080727,0.453401,1.639993,-1.015595,0.298488,-0.816546,-0.715197,0.201466,0.664596,-0.193593,68.33,0,AAMI,Insurance,Card present
536310,1.347981,-0.694189,1.023314,-0.711743,0.916255,-0.138346,0.822048,2.198344,0.470002,1.017755,1.405185,1.353152,0.362314,0.709924,0.018736,1.088721,-0.126924,-0.343290,-0.392380,0.681093,-1.366767,-0.427511,-0.297819,0.191874,1.024932,-0.335904,2.639234,-0.768987,4.87,0,Bunnings,Other,
538325,1.217904,0.854466,1.034768,-0.288766,-0.337846,0.327607,2.352718,0.226477,-0.312777,-0.282111,0.629653,0.064327,-0.089479,0.929161,-0.983280,-0.768106,0.941584,-0.836376,-3.524218,0.745085,0.478074,-1.293143,-1.276766,-0.447658,-0.558859,-0.887619,0.189980,-1.808078,49.52,0,Chemist Warehouse,Other,
539027,-0.715339,-1.251180,-0.461477,-1.007894,0.525294,0.330111,-0.183927,0.112214,-1.285586,-1.519491,-2.157616,-0.117125,-0.505663,-0.596735,1.384031,1.466205,-0.083858,2.225949,-0.592280,0.650376,1.300308,-0.858985,-0.464933,1.470130,-0.807423,0.894491,-0.406457,-0.998799,17.10,0,Starbucks,Food,
539849,1.218470,-0.258245,0.585868,-0.427079,-0.478490,-1.050952,1.109221,-1.017020,0.511645,-0.335338,0.147915,-0.673285,-0.510342,-0.374188,-1.288893,0.128141,1.104233,-1.067527,-0.440848,0.934807,0.409779,0.148758,2.720658,0.434294,1.117246,0.091421,1.905647,1.549325,38.77,0,Virgin Australia,Travel,In-store payment
540968,1.828572,0.851984,-0.545542,0.260979,0.346332,0.820334,-0.899121,0.357171,-1.021315,-0.843749,1.377619,0.078345,0.667910,-0.009935,-0.352802,0.037910,-0.530571,2.487601,0.818507,-0.904348,-0.214961,-0.890264,1.745479,-0.034479,1.343964,0.621634,0.229248,-0.284739,29.64,0,Kmart,Other,Auto-renewal
541558,0.291807,-0.068062,0.128295,-0.016745,0.990428,-1.158062,-0.254057,0.434681,-0.298976,-0.213164,0.234989,-0.919511,-1.690959,1.246978,0.034674,2.289093,-0.133075,0.033139,-0.598315,-0.413849,0.634012,2.308747,-0.055489,-0.055368,-0.235700,0.179928,-0.307286,2.700137,18.49,0,Aldi,Food,Recurring subscription
541914,0.554735,-0.234876,-1.155944,0.141283,0.898294,-0.943280,-1.203000,0.598504,-0.311311,0.078469,0.172969,-0.028576,0.225232,0.215337,-0.596213,1.543522,0.329398,-0.344214,1.995213,0.372887,0.003996,-1.264809,-1.024332,0.679562,-0.053314,-1.506676,0.343262,-1.009874,30.31,0,Big W,Other,
542486,0.530294,2.174420,0.845020,2.217591,-1.341226,-0.317642,0.458147,1.600211,-1.111433,0.170057,-0.875620,0.139005,-0.774596,-1.084877,0.784263,-1.503580,0.132801,-0.235371,0.286481,-0.454167,-0.791329,0.601941,-0.648082,0.059240,0.409065,0.336522,-0.627079,-0.557507,8.49,0,Qantas,Travel,Recurring subscription
543543,-0.088562,0.612655,0.026358,0.142123,-1.389062,0.566507,1.281342,-0.522695,-1.543752,-1.274857,0.860538,0.225167,0.061115,-0.326526,-1.085630,1.504167,0.188854,-0.129470,0.913494,0.217099,-0.411253,-0.307348,0.135038,0.942403,-0.628135,1.101928,0.966013,0.617451,23.73,0,Grill'd,Food,
543611,-1.414217,-1.958218,-0.995277,0.713848,-0.704395,0.086830,0.529451,0.965847,2.295616,0.469291,-1.069158,-0.023266,1.378932,1.118703,-2.547947,-0.239194,1.207312,-1.237452,0.130121,0.104875,-0.134449,-1.160239,0.837188,0.177159,0.672811,0.857887,0.277385,-0.229109,9.07,0,Coles,Food,Membership fee
543846,-0.440789,0.162380,-0.519333,-0.984065,-0.832780,1.924174,-0.768447,0.059142,-0.411743,-0.755200,0.311852,0.701091,1.279519,0.002124,-0.427069,-1.014604,-0.050754,0.737382,0.184776,0.464355,-0.711461,-0.918824,-0.002086,0.143609,-1.220967,0.093471,-0.459661,0.995236,42.09,0,KFC,Food,
545435,2.131290,0.084790,-0.220890,0.920526,1.034093,-0.561226,0.365521,1.398425,-0.355020,-0.403396,-0.187564,-0.432563,-0.051729,1.080588,1.949888,-0.613400,0.900545,0.219845,-0.695722,-1.216286,1.353096,-1.455413,-0.972337,-0.146492,2.254823,0.546010,-0.383392,0.911762,19.10,0,Subway,Food,
545621,-0.094804,0.554200,1.125010,-0.252165,-0.276746,-0.316638,-1.085506,-0.196861,-0.147707,0.640377,0.569942,-0.119095,1.379952,-1.474229,-0.221962,0.154004,0.280065,-0.499629,-0.942542,-0.531041,1.183963,1.463507,0.667246,-0.378356,-0.144426,-0.179894,-1.227627,0.205413,15.22,0,Sydney Trains,Travel,Recurring subscription
545920,1.997054,0.631126,0.758209,0.565433,-0.201737,0.742714,0.361530,2.004335,-1.201414,0.641416,-1.226627,1.913649,-0.111108,1.687652,0.255155,0.812257,-0.766354,1.420630,1.504076,-0.848112,2.080868,-1.392231,0.770539,0.407704,0.359041,-0.318710,2.091594,-1.036240,135.21,0,Hungry Jack's,Food,
546142,-0.135060,0.285656,0.043196,1.914772,-0.556107,-1.297183,0.873686,0.867645,-2.227792,-0.817258,0.644099,-0.504608,1.343839,2.388029,0.488719,1.088137,-0.148195,-0.431033,1.124098,-0.036318,-0.808495,0.860764,1.030581,-1.501272,-1.816331,0.536348,-0.950186,-0.347132,51.38,0,Subway,Food,
546322,2.328396,1.401987,-1.074333,-0.543624,-0.821211,-0.993462,0.503843,0.687995,0.452188,-0.183525,-2.480790,-1.477052,-0.641435,1.127036,1.455380,0.351323,-0.312912,2.679731,-0.675567,0.708318,1.383625,0.433139,0.026461,0.270355,-0.557554,0.574789,0.174131,1.236533,15.10,0,Chemist Warehouse,Other,
546790,1.056528,1.330382,-1.499671,-0.801426,-0.726461,1.015094,-1.934885,-0.141796,-1.254376,0.046968,1.178195,0.868953,-0.074045,-0.669402,0.362529,-0.778549,0.626124,1.311778,-1.198213,-0.824484,1.334496,-1.317905,-0.010800,0.185404,-0.209449,0.173957,0.439289,1.491094,139.81,0,Grill'd,Food,
547107,0.947885,0.622358,1.646056,0.166208,-0.186906,2.401955,-1.180303,1.057847,-1.094394,-0.628396,-0.520245,-0.821432,0.105362,1.635711,0.077060,-0.840780,-0.402513,0.957454,-0.094692,-0.870370,-1.113225,-0.005946,0.578502,-1.173502,-0.794000,0.079977,2.075870,-0.135204,27.57,0,Bunnings,Other,
547556,-1.054987,-0.017226,0.507832,-0.658392,0.714617,-0.151746,-0.494353,-1.624911,-0.742666,-0.366955,1.651893,-0.125790,0.591873,2.034502,0.408765,-0.889285,0.570763,-0.897483,-0.184381,-0.237774,0.742747,-0.205189,0.229654,-0.170316,-0.584358,-0.314770,0.598866,0.164147,30.45,0,Officeworks,Other,Auto-renewal
547575,-0.085332,-1.295989,-0.637572,2.739945,-1.709359,0.660951,-0.717744,0.716835,-0.292882,-1.289555,0.671720,-0.261643,0.891712,0.563125,0.933588,-0.731171,-0.425760,0.719514,0.138322,2.359799,-0.233378,-0.093040,-1.766681,0.960908,0.508437,1.058452,-1.968710,-0.743251,24.01,0,NRMA Insurance,Insurance,
547713,0.246831,-0.390899,1.334820,-1.220619,0.528630,0.274764,-0.732487,0.866470,0.653897,0.562075,-0.274563,-2.353355,2.299063,0.021943,-0.508348,0.259295,-1.440315,1.255537,0.246360,0.788064,0.434817,-1.071909,0.095210,0.534448,-0.469274,-0.069458,1.125728,1.094814,0.82,0,Origin Energy,Utilities,Membership fee
548193,-0.456060,-1.015012,1.813770,-1.042540,2.292774,1.704319,-1.279664,3.315235,1.831543,0.311047,0.830872,1.598835,1.037652,0.942487,2.531107,1.221182,2.664086,1.109261,0.665220,-0.934440,0.680215,0.454544,-0.528646,0.296683,0.553462,0.638414,0.224481,0.102949,32.52,0,Netflix,Entertainment,
548384,-2.093527,-1.043621,0.033992,-0.073635,0.221738,0.822771,1.561995,-0.604798,1.001863,-0.902520,2.103296,-0.294261,0.445570,-0.827016,-0.582409,0.934896,1.565762,-0.195841,0.247781,1.358790,-0.130096,0.171846,-1.214889,-0.890932,-1.601725,0.710348,0.136196,-0.592439,15.18,0,Domino's Pizza,Food,
549219,0.838226,1.079961,-1.037353,-0.092469,0.838591,0.762239,-0.615296,1.193580,0.820783,-0.852041,0.757650,-0.971719,1.041734,-0.281898,-0.703824,0.677195,0.756067,0.840255,-0.523802,0.117819,1.037808,0.373676,0.522576,0.022339,0.640423,-0.795785,0.642137,-0.104661,53.49,0,BP Service Station,Travel,
549221,0.092560,0.595507,0.172911,1.257408,0.561688,0.563096,-0.458032,-0.428219,0.705605,-0.547239,-0.582123,-0.149270,-0.929395,-0.476396,-0.356597,1.181710,0.270356,-1.491140,0.729397,0.133034,-1.065478,0.919075,-0.599407,-0.500892,0.586152,-0.803435,-0.553431,-0.732842,58.01,0,McDonald's,Food,
549543,0.233683,0.749346,-0.265594,0.168680,0.910157,1.197657,-0.080793,0.177940,-0.236595,0.014385,0.733010,-1.625268,1.385716,-0.036455,-0.160874,0.532157,-1.248601,-0.874933,-0.577682,1.106862,-0.002471,1.229689,-1.670649,2.323852,-0.351413,1.052385,0.074180,-2.669225,9.85,0,Translink,Travel,Membership fee
549851,-0.399396,-0.231913,0.535950,0.418028,0.283198,-0.390350,0.024875,0.674994,-0.074682,-1.571260,-1.345109,-0.365983,-0.879425,-1.746334,-2.685825,-0.366593,0.807728,-0.845428,-0.483049,0.400750,0.872213,0.610087,0.081336,1.006215,0.714031,1.230692,-0.341383,-0.226393,112.00,0,Starbucks,Food,
550479,0.678176,1.199058,-0.309398,-0.900784,0.243237,-1.319071,1.677293,-3.205057,-0.083738,-0.588249,-0.731738,-0.875235,-0.280059,1.028017,2.100645,0.730176,-1.132457,-0.446725,-0.483018,-1.066281,0.250885,1.112549,-1.487066,1.605531,-0.734964,1.127745,0.409349,0.151397,11.83,0,CommSec,Investment,Card present
550695,0.893485,-1.477066,-0.471585,-1.116824,-0.405996,0.852276,-1.783495,0.162616,-0.245264,1.052685,-1.009795,-1.580046,0.257611,-0.862425,-1.150287,-0.317371,0.602432,-0.582815,0.946508,1.694724,-0.801623,-0.113421,-0.157113,0.420879,-0.568797,-2.235009,-0.104340,-0.001716,42.94,0,Hungry Jack's,Food,
550786,1.229761,0.732166,1.789003,0.252570,0.613241,1.584412,2.378260,0.841831,-1.069436,0.989936,-0.281236,0.315942,-1.480548,0.539364,-1.895406,-0.431176,-0.002966,0.031647,-1.011972,-0.244535,1.035456,1.687553,-0.150537,-0.141985,-0.549254,0.244669,-1.343796,-0.292339,257.44,0,Netflix,Entertainment,
550899,0.245146,-1.189096,-1.391962,-0.621876,-0.500860,1.206185,-0.678202,0.483920,0.057758,0.832397,-0.148950,-1.050790,1.023890,0.223803,0.300946,1.122163,-0.627140,1.385397,0.791551,0.965966,0.440878,0.920450,-1.064932,1.425782,-2.338021,0.581691,1.575895,-1.133845,17.20,0,Hungry Jack's,Food,
550946,-0.052862,-1.407809,1.080433,-1.049678,-0.607227,0.922783,-0.703131,0.299070,0.734702,-0.950867,1.301868,0.331052,-1.628096,-1.594138,2.594571,0.547230,1.413605,1.107307,0.351785,0.152413,-0.189524,-0.054398,-0.693417,-0.586433,0.614788,-0.284773,-0.151209,-0.216608,3.87,0,Hungry Jack's,Food,Membership fee
551002,3.009033,1.191806,0.347514,-1.618345,-0.569228,-0.449292,0.834659,2.336518,-0.391782,1.240056,-1.020187,0.015200,0.206310,-0.997420,0.105180,-1.306642,-1.473331,-0.617043,0.641477,0.583013,1.298942,1.728220,0.999649,0.244760,-2.284669,0.677040,-0.258645,1.009647,90.71,0,Woolworths,Food,
551262,0.683686,-1.015866,-0.149923,-0.068245,-0.986154,-0.069367,0.395254,0.943108,-0.781349,0.210188,-2.155394,0.660028,1.055833,0.683435,1.134023,1.998860,-0.398837,-0.500858,0.098200,-0.875578,-0.338806,0.367855,-2.057390,-1.011480,-0.357994,-0.507883,0.765890,-0.381600,28.24,0,Capstone Inc,Salary,Auto-renewal
551810,-0.284997,-0.792655,0.449733,-0.207219,0.845024,1.050267,0.891190,0.059894,-0.551877,-0.744274,0.031876,0.782554,-0.352064,0.577560,-0.700265,1.618497,-1.341187,0.791203,-0.869948,1.381220,-0.696750,-0.461260,-0.222542,-2.508079,-2.013804,-1.167559,1.240035,0.415327,13.63,0,Vanguard,Investment,
552270,0.703022,-0.284611,2.107886,-0.561790,1.149190,0.318206,-0.129980,-1.732082,0.390891,1.595535,0.941948,-0.061854,0.902491,-0.526861,0.060434,-0.105930,0.271275,0.071261,0.247588,1.229261,-1.917682,0.629951,-0.225412,-0.046293,-0.991900,-1.085593,-0.056120,-0.241963,84.09,0,GlobalSoft Ltd,Salary,Recurring subscription
552296,-0.231579,0.409296,0.758888,0.589793,0.398084,-0.583308,0.008041,-1.470990,-0.836806,0.147240,0.845753,-0.122586,2.179994,-0.396864,-0.546173,-0.049507,0.224858,-0.399311,-0.368441,0.792588,0.138001,-0.517588,2.237988,-0.596239,0.276761,0.759702,1.369044,1.522816,46.93,0,eBay AU,Other,
552311,1.008203,-0.201578,-0.699288,-0.060842,-0.946621,0.768165,-0.868671,-0.045118,-1.303259,0.047526,3.620240,-1.128072,0.227032,-0.600452,0.431510,0.515698,-1.000976,-1.317432,-0.552643,-1.493594,0.049780,-0.045405,-0.096715,1.083698,1.789392,0.038259,0.628120,-0.788268,6.40,0,Netflix,Entertainment,
552680,-0.777216,1.572971,-0.524823,-1.396447,0.351201,-1.255648,-0.360398,1.046264,0.726809,0.598470,0.537480,-0.074832,-1.056350,-0.327484,0.728593,0.400977,-1.492081,0.963520,-0.579700,-0.149357,-1.932977,0.391222,-1.039729,-0.464891,0.731265,0.248245,-0.200798,1.771269,28.97,0,Bunnings,Other,Card present
552878,1.157166,1.068248,-1.622298,0.367239,-0.078242,-0.590330,-0.286253,0.023764,1.391121,-0.995682,-0.944307,1.094537,0.089431,1.242728,-0.848599,-0.208766,-0.973855,2.212586,0.749630,0.427605,0.656353,0.895449,-0.153403,0.355554,1.646143,-0.027371,1.467120,0.737486,48.74,0,Aldi,Food,
554363,-1.452814,0.466125,-0.040184,1.097088,1.731159,0.460349,-0.003811,1.136813,-1.637856,0.681775,1.063311,-0.498433,-0.212543,0.597078,-0.653021,-0.269980,0.581454,-0.060080,-0.509766,-1.580112,0.436977,-1.232351,0.983132,-0.844302,1.277657,-0.437696,-0.321981,0.373131,54.61,0,Spaceship Voyager,Investment,Tap to pay
554423,0.277003,1.107328,-1.369864,-0.651950,-0.796062,-0.244967,-0.527955,1.198031,-0.843679,-0.380237,0.398954,-0.528068,1.305238,0.493274,1.096982,-0.861633,-0.722612,-1.385895,-0.062645,1.014691,0.928989,-1.096889,0.391359,1.714043,-1.715504,0.186861,0.225405,-0.473033,151.58,0,Bunnings,Other,
555263,1.358611,0.337650,-0.281911,0.329436,-0.215976,-0.399948,-0.417873,0.705804,-0.229726,-0.738475,-0.390558,0.221695,0.310651,1.137589,-0.613100,-0.468076,-0.879765,0.394021,0.584583,0.408979,0.270303,0.757293,-0.000942,-0.146625,-1.518326,0.388835,-1.844590,-0.660365,19.05,0,Chemist Warehouse,Other,
555332,0.643206,-0.982222,0.459839,-0.296091,-0.151036,-0.601417,-2.454035,0.476769,1.899217,1.372655,-1.932927,-0.260872,-0.707068,-0.080248,-2.054149,-0.138624,-0.544447,0.044839,0.255239,0.401618,0.494771,-1.506198,-0.277133,-1.033892,1.148315,-0.340513,-1.900095,-0.513521,123.01,0,Bunnings,Other,
555467,-1.004721,-0.403839,1.433037,-1.332236,-1.117548,-1.284327,1.920580,0.801467,-0.054431,1.372493,-0.390025,-1.009003,1.456982,1.317759,0.457064,-0.252865,0.909714,-0.086633,-0.183783,-0.255238,-1.944169,-1.939338,0.400272,1.346960,-0.208216,0.461231,-0.503739,0.594736,10.93,0,Priceline,Other,Auto-renewal
555959,-1.445354,0.081551,0.769013,-0.054573,0.108480,1.404458,-1.314863,-0.041167,1.621406,-0.871913,-2.414455,-0.419646,0.125864,0.523428,-1.677351,1.476269,-0.425412,-0.480987,-0.357731,0.854076,-1.231104,-1.241582,0.064116,-0.418438,0.658894,-1.727778,-0.525721,-0.015267,63.67,0,Hungry Jack's,Food,Direct debit
556093,-0.921574,0.401206,0.551127,0.422918,-1.716000,-0.464277,-0.679176,0.131269,0.513851,-0.294432,0.570696,-1.285347,-0.710524,-0.577870,1.014687,0.088873,-0.448224,0.173817,-1.006223,0.833171,-0.950242,-0.895916,-1.328238,-0.099701,-0.490699,-0.828214,0.098197,-2.212591,20.96,0,Hoyts,Entertainment,Card present
556144,0.816759,-0.716999,-0.511155,0.465519,-1.008442,0.317688,1.289973,0.673761,-0.663109,-0.234556,1.460396,0.580405,1.520725,0.731854,-1.231441,-1.028546,-1.481346,-2.070808,0.100817,-2.518028,-0.724994,0.135537,-0.120117,0.010630,0.326615,-2.117973,0.131150,0.027304,6.72,0,Priceline,Other,In-store payment
556759,-1.613265,-0.913005,0.977732,0.809789,-0.374423,-0.221314,-0.067610,-1.412682,0.311959,0.049992,1.664941,-0.572836,-1.097875,0.160256,0.215299,0.309115,1.031292,0.280212,0.034544,0.305226,-0.033963,0.302235,-1.204386,1.128691,-0.712373,-0.652825,-2.801048,0.182452,21.48,0,Starbucks,Food,
557030,0.968184,0.198934,-2.234412,2.099864,-1.003680,0.521660,0.214752,0.788995,0.773754,-1.652390,0.585748,0.804059,-0.449043,0.192308,-0.550861,1.888129,1.127856,-0.580087,-0.483462,1.322257,0.541956,0.000644,-0.161684,0.455409,-0.520142,-1.382933,-1.355020,0.227930,5.37,0,Disney+,Entertainment,Card present
557097,-0.993215,-0.008045,-0.723658,-0.495133,-0.910178,-0.249444,1.740584,1.891870,-1.726123,0.328393,-1.351381,0.070468,-0.958410,0.832143,-2.527061,2.300293,0.233575,2.104811,0.462284,-0.013090,-0.515520,-0.153839,-0.098809,-0.093229,0.998566,-0.011107,0.314748,0.718575,14.59,0,Bunnings,Other,
557112,-1.417026,0.702234,-0.496014,0.263079,0.224562,-1.437885,-1.213389,-1.288680,1.412355,-1.316254,0.419132,-0.787453,-1.831081,0.607479,1.586519,2.387574,1.722144,0.852831,1.085857,0.863811,0.217268,-0.662710,0.411006,-0.569866,2.298161,-0.116380,-0.632803,0.943557,14.91,0,7-Eleven Fuel,Travel,Tap to pay
557295,0.566029,0.167994,0.181395,0.277739,1.198668,0.047244,0.637717,1.754521,-0.510395,-0.203168,-0.698890,-0.644550,0.468713,1.275779,-0.760566,0.401943,-1.653329,-0.802038,0.555824,0.138305,1.934347,-0.667872,0.226127,-0.260670,0.817857,-0.979014,0.585444,1.958757,5.75,0,Officeworks,Other,Auto-renewal
557385,-0.728740,-1.482198,1.080235,0.531813,0.956733,-0.380237,-1.289312,0.739578,0.253466,-0.238679,2.199213,-0.010972,-1.467025,-0.005776,-1.459114,0.485040,0.087866,0.413433,-0.130163,-0.207195,2.287168,-0.439795,0.094253,0.493827,-0.533826,-1.804502,0.034287,-0.378941,10.46,0,Sydney Trains,Travel,Tap to pay
557499,-0.409831,-0.534307,1.826687,0.331251,-0.871929,-0.180405,0.182686,-0.558420,-3.398293,-0.936850,-0.936265,-1.058072,0.783682,1.009551,-0.613109,0.289843,1.842230,-0.344733,0.681347,0.292746,-1.016473,1.691033,0.033846,0.211551,-0.181167,0.561435,0.150369,1.023852,2.23,0,Coles,Food,
558069,-0.600012,0.098568,-0.008886,-0.557457,0.005525,1.265576,-0.930209,0.856602,-0.951220,0.927696,3.075952,1.271647,-0.987702,1.152791,-0.324852,0.201138,-2.005111,0.598596,0.127993,0.088742,-0.695821,0.829361,2.647479,0.011477,0.417694,-0.836752,1.069213,0.824960,7.51,0,Raiz,Investment,Membership fee
558122,-0.091197,0.925672,-1.620699,-0.389515,-0.550481,2.735010,-0.210812,2.015384,0.166829,0.051543,0.108039,0.683556,-1.150000,1.988213,0.417406,-0.385000,0.203831,1.305566,-0.056011,-0.073344,-0.601360,0.726958,0.082220,-0.319581,-0.052851,0.631295,-0.114489,-0.867489,4.39,0,Hungry Jack's,Food,
558514,0.904154,-0.849351,1.651859,-0.426652,1.569193,0.135809,0.478213,-1.633239,-0.607431,0.245457,-1.238274,0.953456,0.259649,-0.732086,-0.187049,-0.700744,0.097307,0.607713,-0.350990,1.338099,1.938906,1.158913,2.069969,-1.084083,1.326884,-0.426408,-0.845257,1.472656,4.87,0,Translink,Travel,
558695,2.132321,0.451413,-0.222262,0.928355,0.006698,-1.517767,-0.988711,-0.596347,0.014331,-0.115596,0.261058,-1.055776,-0.343606,-0.726719,-0.731281,0.509703,0.698931,0.666568,-0.197349,0.310183,0.442380,-0.486653,0.243431,1.465228,1.692491,-0.089689,-0.249431,-2.175823,12.26,0,Woolworths,Food,
558735,0.660786,2.162113,2.181174,-1.070069,3.039639,0.246372,0.143660,0.590544,-0.265958,1.079182,0.478031,-0.073440,-0.390532,-0.066692,-0.353981,1.522274,1.228351,0.454722,1.546250,0.521906,1.921276,0.314869,0.576121,0.282114,0.313321,1.354398,-0.440341,-1.072336,6.83,0,7-Eleven Fuel,Travel,
558764,-0.015744,0.781950,0.485208,0.804447,-1.839108,1.546833,-0.500898,1.574355,0.158115,-0.166874,-0.928964,-0.726085,-0.900453,1.019585,-1.389010,0.267813,-1.066661,0.440494,1.344302,3.424836,0.132029,0.525424,-0.373734,-0.141784,0.061286,-0.615271,1.631632,-1.394151,10.18,0,Subway,Food,Online purchase
558819,-1.183881,0.988285,0.673090,-1.068072,-2.064765,-1.398954,0.352183,-1.288082,-0.773330,0.549024,-1.052090,0.855063,0.354714,-1.039788,-0.648760,0.657864,-0.708430,-0.704281,-0.634636,1.444604,-2.842207,1.515386,0.818278,0.447129,0.917597,-0.076632,0.969199,-0.570653,342.67,1,Kmart,Other,
558902,-0.621797,0.335137,0.248044,-0.259880,1.687722,0.221469,-0.813882,1.663975,-0.776952,0.765789,0.375427,-1.005814,-0.743681,-0.548894,-0.729796,0.004749,0.145623,1.122962,-1.075966,-1.431794,-0.589546,0.862562,-0.554308,-2.338297,-0.115333,0.494342,-0.756912,-1.100968,2.14,0,Guzman y Gomez,Food,
559259,-0.236027,-0.533835,0.327009,0.256179,-1.388419,-0.104207,-0.148404,0.760381,-1.222185,-0.694718,-1.393764,0.247272,-0.202696,-1.297219,-1.028085,-0.366857,0.179458,-0.189669,-0.209700,0.798398,-0.249174,-0.851545,-0.905996,1.201851,0.954536,0.192229,-0.816421,1.197858,39.44,0,Officeworks,Other,Direct debit
559423,0.184812,0.294627,1.274073,0.544176,0.202157,0.040433,1.612208,-2.016620,1.191515,0.094139,0.415981,-0.832790,0.495601,-0.802037,-0.734755,0.684240,1.205067,-2.029435,0.199548,1.273687,-0.675928,0.226838,-1.553236,-1.716959,1.577961,-1.136014,1.580770,1.406005,80.94,0,eBay AU,Other,
559548,-1.262257,-0.205034,0.280320,0.632848,2.573911,-0.313689,-1.286834,-0.894014,0.897968,0.742520,0.019797,0.920551,-0.761964,2.435947,1.158838,-0.823903,1.091470,-0.849670,0.964436,0.175331,-1.650686,-1.091312,-0.901108,-0.757880,0.190624,-0.028556,-1.260765,-0.588579,26.21,0,Chemist Warehouse,Other,Tap to pay
559557,2.008802,-0.010232,0.404906,-1.286806,-0.845517,-0.000785,2.254849,0.513949,-0.592308,-0.962071,1.465278,0.826446,0.436295,0.483958,1.555640,0.478497,-1.325773,0.391676,-0.237282,0.635984,0.401014,0.770108,-2.294083,0.016620,0.453349,-0.835426,-0.358069,3.052940,52.24,0,Subway,Food,POS terminal
559733,0.361016,-0.378913,0.134547,0.331345,0.711673,0.892665,2.834296,-1.571943,-1.787088,0.114399,-1.167184,-0.001205,-0.906976,0.540778,-0.299794,-1.889551,0.426740,1.152456,-0.154854,-0.103654,-1.015351,-0.169146,1.412336,-0.894243,-1.406904,-0.644774,-0.258774,0.829613,69.47,0,Big W,Other,
560595,-1.452904,-0.809920,0.818868,-0.154839,-0.130064,-0.810757,0.025369,1.543757,0.986530,-1.409199,-0.804749,0.988894,1.250339,1.472076,-0.469743,-0.767863,-0.269326,1.066205,-0.018774,0.657377,-1.780551,0.046089,0.997469,-0.242859,1.781764,1.040267,-1.888306,2.760140,8.14,0,Starbucks,Food,
560629,0.982119,-0.911231,-0.893683,0.195731,-0.186093,-0.662199,-0.487698,-0.310599,0.332710,1.331634,0.484672,-1.194000,-0.592671,-0.663652,0.133894,-0.348401,-0.630684,1.647437,-0.438554,0.569620,-1.005454,0.110090,-1.251521,-0.050577,-0.125119,0.404173,0.242198,0.875709,1.78,1,Crypto Exchange XYZ,Other,Manual review
560691,0.861532,-1.888083,-0.069106,0.871398,-0.709833,-1.182048,-0.960192,0.387263,1.028006,-0.774374,0.261682,0.626248,0.229270,-0.405253,-0.593825,-1.648975,-0.558725,-0.136096,-0.881706,-0.080254,-0.201814,-2.021758,1.071238,-0.223267,-0.645993,-1.327960,0.343686,1.161271,34.13,0,Spaceship Voyager,Investment,In-store payment
561676,0.355153,-0.769087,-1.838176,0.732819,-1.257713,1.140921,-1.033627,0.784122,0.154778,1.117455,0.360865,-1.265914,-0.152787,-0.623324,1.631960,1.254137,0.783907,-0.071642,1.048234,-1.604613,-0.717574,-1.214913,1.536174,-1.350740,-0.799316,1.427635,0.005695,-1.075727,63.03,0,Starbucks,Food,
561844,-1.957817,-1.283719,1.618309,0.195718,-1.476414,-2.130277,0.059072,-0.707311,0.364261,-1.343839,-0.810625,-0.781043,-0.753668,0.882011,0.535346,0.071322,0.052084,1.372265,-0.343897,0.747279,1.004311,0.460989,0.816728,1.762102,0.669021,-1.089999,1.256241,-1.060031,1.48,0,Spaceship Voyager,Investment,Online purchase
562259,0.937069,-0.182034,-0.018391,1.399400,-0.906917,-0.440792,1.087034,-0.362575,0.333951,0.703557,1.463417,-0.859719,-0.301352,2.401848,0.141574,-0.877699,-0.464688,0.283613,1.609407,2.492349,-1.008110,-0.649602,-0.356271,-0.978535,0.945674,-0.147305,-0.273412,-0.812475,25.65,0,Coles,Food,
562299,1.379339,0.838192,-0.131384,-1.155090,-0.926515,1.244852,-0.848210,-1.174478,-0.724040,0.103954,-0.335791,0.048992,0.216907,0.234029,0.114066,0.007761,0.484877,-1.461786,-0.785901,-0.399627,-0.841374,0.057773,0.583858,1.357791,-1.127520,-0.795830,-0.371964,0.452597,6.04,0,Optus,Utilities,
562351,0.376366,0.214320,-1.069945,0.293252,0.078379,1.181236,0.743297,-0.798947,-0.005762,-2.255289,0.741327,0.286410,-1.107557,-0.294671,-0.646574,1.254646,0.880176,1.153530,-0.380466,-0.989045,-0.179606,-1.328938,0.254449,0.021090,0.716075,-0.584719,2.313273,0.977924,28.89,0,Origin Energy,Utilities,
562468,-1.885002,1.627371,-1.385091,1.355492,-1.321142,-0.528292,-0.167493,-2.625018,-1.682393,-2.284479,3.198008,-4.895003,2.416569,8.165803,2.395126,-2.178078,2.457975,-1.025206,-1.285774,0.955535,-0.805171,3.366921,-4.290448,-0.867073,2.504344,1.584549,-1.021176,1.458039,366.03,1,NRMA Insurance,Insurance,
562503,-0.053124,-0.785692,0.252122,-0.121781,-0.467244,-1.010368,1.452492,1.484322,0.940508,-0.903764,0.528320,-0.525061,0.172851,0.253138,-0.814767,0.978411,-1.523849,-0.606132,-0.164879,0.394926,-1.356787,1.247206,1.333522,1.242923,-2.020872,-0.715920,0.900173,-1.577721,7.92,0,Bunnings,Other,
562512,1.306479,-0.170879,-1.295008,-0.016082,2.013309,1.690986,0.349285,1.633128,0.041289,-0.901145,0.086658,-1.093369,-0.784520,-1.269512,1.603425,1.918336,1.254961,-2.095460,0.028507,1.226873,1.164895,-0.696432,-0.045246,-0.623916,-0.871128,-0.085054,-0.236497,-2.214182,24.03,0,Officeworks,Other,
562600,-0.565104,0.654975,0.687223,-0.550466,-1.059897,-0.138018,-0.677939,-0.267490,0.813382,-0.815362,-1.511637,0.544587,0.360386,1.594924,-1.164272,-1.908439,0.561612,-2.211463,-1.501166,1.579347,0.411173,-0.066053,0.127208,-0.941528,-0.599450,0.250887,-1.088809,0.919009,2.26,0,Officeworks,Other,
562902,-1.037416,0.310252,-1.125257,0.115113,0.703148,1.240374,0.475027,0.115321,1.169505,0.993975,-0.520343,-1.005700,-0.571255,0.781908,-2.033763,-0.360838,0.566392,0.928142,1.202848,-0.737821,-0.193229,0.076597,-0.999497,0.907951,-0.258230,0.540191,0.032758,0.057310,4.91,0,Coles,Food,Recurring subscription
562989,1.697184,-0.793522,0.871969,-0.097491,-0.038865,-1.198719,1.174933,-0.756488,-0.871589,-2.834380,0.633789,2.347410,2.216923,-0.530201,-1.028090,-0.506319,0.784279,1.380883,-2.135395,-2.267809,0.354697,-1.077193,0.429691,0.974088,-0.025813,-0.182190,-0.741601,-0.231539,63.19,0,Ticketmaster,Entertainment,
563185,0.040302,0.723979,-1.133917,0.814069,1.630023,0.397371,0.121897,-0.093882,1.932969,0.075976,-1.274973,0.151985,0.290941,0.121773,1.499757,0.337775,0.038884,-1.874480,0.505965,0.310753,1.700456,0.714295,0.673619,-1.453847,-0.742641,-1.985570,-0.383073,-1.021640,25.51,0,IGA,Food,
563317,0.099351,-0.191901,1.132380,-0.166071,1.142151,0.747606,0.041490,1.185042,1.267806,-0.859663,-0.005602,-0.368658,0.437799,1.327710,1.126668,0.739014,1.184746,-1.040679,-0.533297,-2.499905,0.555970,0.659684,-0.791970,-0.454953,0.158995,-0.286951,-0.059073,1.561588,5.71,0,Subway,Food,Tap to pay
563477,0.900835,0.773001,1.246614,0.600155,-1.972396,0.358398,-0.291719,0.930118,0.711298,0.252719,-1.087077,0.777260,-1.247348,1.001972,1.656846,0.108250,-1.146165,-2.301594,0.648217,-0.165411,1.855168,2.375610,0.727971,-1.457316,1.897936,-1.264099,-1.842074,0.574039,117.57,0,Apple TV+,Entertainment,Direct debit
564161,0.315371,0.901902,-0.563716,-0.035773,0.751342,-0.019667,0.447691,1.619781,-0.071181,0.987104,-1.078070,0.238803,1.104798,0.308014,0.207841,0.947623,0.978450,0.076780,-0.797863,1.225939,-0.187118,-0.415454,0.328663,-0.958664,0.522830,0.905748,0.571494,1.121430,62.59,0,Stake,Investment,
564201,-1.045572,0.788132,0.908735,1.463205,-1.639741,-1.364349,-0.084749,-0.699147,0.840221,-0.621700,0.001145,0.308865,1.650593,1.473607,2.098091,0.039098,-0.010946,0.094327,-0.520533,1.174301,-0.487280,0.576079,-0.517496,1.271622,0.468286,-2.474848,0.698733,0.120848,15.66,0,Capstone Inc,Salary,
564515,0.659691,0.617313,-0.937880,-0.614039,-0.959990,0.305311,-0.033055,-0.191831,0.515304,-0.050984,1.048270,-1.203477,-0.021144,2.114758,-1.485719,0.923567,-1.318900,-0.307955,-1.428850,0.084023,-0.328177,0.312009,-0.590202,0.741857,-0.016714,0.919169,-1.130413,-0.778742,12.62,0,Bupa,Insurance,Card present
564878,-0.972298,-0.068139,-1.561623,1.096313,0.503534,0.071866,0.010909,0.199830,-1.266198,-1.028210,-0.995204,0.228583,-0.544787,-0.332068,0.116868,1.724042,0.563294,-1.103619,0.154208,0.908445,-0.483908,0.719880,0.190490,0.324463,-1.094339,0.172878,1.098031,0.266066,32.35,0,JB Hi-Fi,Other,Recurring subscription
565382,-0.030286,-1.206189,0.140079,0.733216,-0.293421,1.194240,-0.768577,2.274682,1.122870,-1.113446,-1.825261,-0.617836,-1.336235,0.617444,-0.676263,0.506382,-1.709568,-0.143586,0.574644,-0.570791,-0.326468,-1.735448,-1.013722,-0.545125,1.745684,-1.163018,0.293508,0.421687,32.22,0,Amazon AU,Other,Tap to pay
565591,-0.863704,-0.337965,-1.576607,-0.610762,-0.630044,-0.136575,0.485390,-0.114113,-0.232831,-0.881458,-2.307653,-0.263466,0.006962,0.703834,0.458546,-0.619152,-2.269395,0.468371,-1.127086,-2.466467,0.244528,-0.242147,0.403200,-0.269938,-0.061908,-0.034990,0.653910,1.274152,8.07,0,Translink,Travel,
565610,-1.302463,-0.695249,-1.803106,-0.991935,0.276888,0.808538,0.249056,-1.409095,-0.903712,2.587942,0.763657,1.019453,-0.362991,-2.202586,-0.085825,1.547481,0.527259,0.447335,1.071214,-1.465858,1.954161,-0.954404,0.312797,-0.478109,-1.382887,-0.099209,0.071629,0.112946,38.66,0,Starbucks,Food,
565658,1.652988,2.300166,0.575298,-0.845007,0.001557,0.248406,-0.910928,0.403756,-0.585891,0.184264,-1.550506,1.712940,0.589068,1.101239,-1.785337,1.469156,-0.138625,-0.201541,-0.732972,2.410376,0.439253,-0.752525,0.458033,0.953560,-0.205931,1.082611,-2.714636,-0.836942,37.99,0,Amazon AU,Other,
565733,-1.367314,1.366059,0.856055,-0.480922,-0.250019,-2.033930,-0.437727,0.035694,-0.088843,-0.288697,0.233190,-0.594266,0.206984,0.567230,-0.208294,0.117766,0.269059,0.371534,0.402166,0.318475,-0.523141,-1.743529,-0.039850,1.167315,0.258327,0.364194,-0.779732,0.388125,56.78,0,Woolworths,Food,
565757,1.026985,2.040009,-0.638970,-1.021833,2.390877,2.462846,-0.251261,0.042411,-0.325632,-0.470826,-0.089285,0.190878,-1.597682,0.389072,-0.110363,-0.389626,0.579970,0.160769,-0.944032,-1.008444,0.978704,-0.021690,0.468222,0.748697,0.233377,-0.038211,0.713834,0.939017,5.95,0,Netflix,Entertainment,Auto-renewal
565819,-0.452541,-0.545985,-0.570316,0.678435,-1.809953,0.745408,-0.940039,-0.969455,-0.725769,1.899459,0.859373,1.320740,1.293533,0.989596,1.705575,1.676506,1.016258,-0.371864,0.930779,1.153881,1.024025,0.065459,1.083817,0.207103,2.014324,0.982770,-0.700296,0.389185,76.96,0,Steam,Entertainment,
566004,-0.444739,0.781340,0.838105,0.067780,-0.578603,-1.209476,1.222589,-0.429240,-0.493765,-0.066249,-0.131002,0.086359,1.265645,-0.881474,-0.846762,0.509170,0.123487,1.471383,-0.717986,-1.492232,-0.503690,0.728936,0.202680,1.912863,-0.965699,0.247669,-1.526441,-0.213219,15.30,0,7-Eleven Fuel,Travel,
566169,-1.438724,1.391776,0.255509,0.267638,-0.548356,0.177492,2.070195,0.171551,0.138514,0.816200,0.240458,2.108061,-0.110844,0.140372,1.028404,0.602685,0.507191,-1.560061,-1.209362,0.740884,0.474084,1.735135,-0.947905,1.355942,-1.309915,-0.239361,0.456673,-0.426859,8.36,0,IGA,Food,Card present
566322,-0.227746,-1.464842,1.113296,-0.806449,0.826119,1.154985,-0.552322,-0.129190,0.427443,0.462924,-0.996299,0.439034,-0.976641,0.800161,0.578599,-1.393813,-0.826322,-0.177432,0.755773,-0.840325,1.317663,-0.764056,0.643496,-2.103086,-1.524687,0.159545,1.281432,0.744676,5.04,0,Hungry Jack's,Food,Recurring subscription
566379,0.836867,0.835009,1.116029,-0.592162,-1.051264,0.223928,0.095866,0.551222,-0.911437,0.480504,0.268936,1.703568,-0.136028,0.615994,0.255339,1.013864,0.661207,-0.077998,-1.066615,-0.435060,-1.800046,1.542740,-0.489771,-1.111232,-0.055571,2.356680,1.852226,-0.535376,70.07,0,7-Eleven Fuel,Travel,Membership fee
566432,-0.699759,-1.102974,0.327307,-1.604766,-1.084365,0.169850,-0.747619,-0.526610,0.026583,0.094001,-0.598479,2.426329,0.492125,-1.523283,0.087711,0.714064,-0.588605,0.481602,0.963479,-2.255574,0.898855,0.842150,-0.035514,0.204261,-1.556060,-0.765503,1.792963,0.897411,12.35,0,Grill'd,Food,
566605,1.014235,1.492654,0.399454,2.447636,1.116858,-0.043714,0.441483,-0.549164,0.290784,0.889675,1.166751,-1.335828,0.506506,-1.416136,1.202986,1.038221,-0.648475,1.111249,1.663930,-0.037409,-1.126863,0.780132,1.099209,-0.990627,-1.086388,0.655777,-0.126768,-0.140824,98.12,0,Amazon AU,Other,
566775,1.008121,0.662265,1.114838,0.431382,-0.073874,-0.720902,0.205436,-0.694608,2.011200,0.704677,0.551789,-0.076306,0.080458,-0.755493,-0.773991,-0.493803,-0.246734,-2.350210,-2.820572,-0.772282,1.805531,1.132797,1.239337,0.635750,1.148815,0.496136,2.354900,-1.604424,13.25,0,Kmart,Other,
566812,-0.221442,-0.144887,-0.418296,0.348406,1.186998,-0.332456,-0.593588,-1.935116,-2.307628,0.161016,0.625208,0.876366,-0.255812,0.123141,0.649117,0.136077,0.288671,-0.771847,1.530358,0.788392,1.082710,0.606151,0.822085,-2.370330,-2.582653,1.647924,0.873726,-1.357609,5.86,0,SelfWealth,Investment,
566944,-1.348269,-0.984638,0.518574,-0.609891,0.936859,0.750667,-1.172304,1.168837,0.986696,1.422784,-0.143365,-0.372658,1.583063,0.753480,-1.057885,1.313227,1.459233,-0.400260,1.228342,-0.091653,0.771485,-0.450114,0.827891,-1.243413,-1.262437,0.547394,-2.323118,0.416590,10.27,0,Subway,Food,
566983,-0.858088,1.495047,-1.111293,-1.453722,0.730193,-0.732216,1.037542,-1.395426,-0.438955,-1.368598,0.366610,-0.515746,1.192920,1.480449,0.458194,-0.054265,0.713399,0.776897,0.206913,-0.294826,1.309874,-0.019444,-0.422638,0.457090,-1.203790,0.196316,0.544265,-1.404333,11.27,0,JB Hi-Fi,Other,Card present
567027,-1.462801,-0.528508,1.403150,0.171934,-0.008622,0.435087,0.088499,-1.547614,0.832873,-1.258246,1.956478,0.786974,0.636966,0.652415,1.323859,0.024989,0.376644,0.569390,1.890897,0.271725,0.143815,0.298899,1.526824,-0.968520,0.384622,-0.059503,0.809204,-0.455647,39.97,0,Allianz,Insurance,
567192,-0.234855,-0.710209,1.390400,-0.220020,-0.850964,-1.657051,1.361570,0.903159,-0.144230,1.394184,-0.187156,-1.762081,0.888923,-0.338868,-2.412471,1.131090,1.130372,1.297397,1.038273,0.254416,-0.813441,-2.628231,-0.744205,0.561754,0.464404,0.145642,-1.222270,0.395550,6.84,0,Chemist Warehouse,Other,Recurring subscription
567269,-1.881546,0.606850,-0.141746,1.548265,-1.262774,-0.679506,0.013235,-0.554162,0.514457,-0.544721,1.471979,0.233750,-0.544948,0.443598,-0.149600,-0.863435,1.375807,0.373576,-0.328232,-0.419810,-0.996134,0.667400,-2.140014,-0.128744,0.574857,-0.311916,1.414727,-1.360378,2.12,0,Woolworths,Food,Recurring subscription
567393,1.098613,0.944730,0.826909,0.731918,-0.322575,0.625183,0.485083,-2.139599,0.024245,-0.144136,-0.638909,-1.331953,0.185723,0.401074,1.264507,0.059037,1.678465,0.649211,-1.584456,-0.884793,-0.035358,-0.982997,0.752614,0.736436,-0.409610,0.797389,-0.700172,-0.308760,10.17,0,McDonald's,Food,Auto-renewal
568004,0.067932,1.240857,2.133321,0.072922,1.517306,-3.657523,0.226760,0.951836,0.279429,0.070611,-1.028501,0.276364,0.831706,-0.224294,0.152990,0.153651,-0.458715,0.118374,1.833623,-1.080163,0.577370,0.507940,-0.467868,-2.174280,0.542612,-0.321943,0.481722,0.312987,40.68,0,Telstra,Utilities,Direct debit
568087,1.058160,1.005669,0.698235,1.670560,-0.310190,-0.823536,0.767035,-0.196707,0.106677,1.584529,-0.343886,0.637298,1.877278,0.157477,0.508245,-0.081497,-0.221758,0.587696,1.279653,1.180039,0.495152,1.280067,1.237136,0.730388,-0.687311,0.494430,-0.582573,-0.714081,14.24,0,eBay AU,Other,Auto-renewal
568339,-0.486519,-3.118761,0.522700,-0.790080,1.586048,-1.392007,0.783169,0.125145,-1.779959,0.419480,0.909045,1.436462,1.430355,-0.287199,1.591445,-1.294308,-0.226303,-1.357759,0.608553,2.456097,0.610813,0.243796,1.656370,-0.499251,-0.924559,0.621530,-1.433399,-0.868870,48.75,0,Shell,Travel,
568416,0.732884,0.246362,0.992841,0.676397,0.586857,0.487097,-0.942054,-0.432452,1.962636,0.101830,-1.100523,0.856566,-1.442857,0.864292,-0.711913,0.759138,0.622312,-1.653079,-0.328297,-1.574650,-0.749028,0.497584,-0.712780,-0.251073,0.762687,0.537278,2.066585,-1.371289,4.31,0,JB Hi-Fi,Other,Online purchase
568455,-0.677986,0.721025,-0.512034,-0.403410,-1.505460,-1.886184,-2.223451,0.363418,-0.979004,0.003209,-0.153688,1.768696,-2.236906,-0.099120,-0.478661,1.757167,-0.514753,-0.858921,0.485617,0.173822,-0.516106,-1.338556,1.070955,-0.781320,-0.193382,-0.847696,0.163509,-0.110088,265.31,0,KFC,Food,
568545,0.859829,1.292622,-0.741251,1.159755,1.468284,-0.147635,-0.466514,-0.182316,1.666117,-0.349999,0.313462,0.276586,-1.895791,-0.529655,-0.136903,1.446137,-0.453233,-2.395858,-0.719654,-1.799375,0.842934,0.441517,-1.130153,0.650830,1.753552,-0.277828,0.059984,0.480605,109.81,0,IGA,Food,Recurring subscription
568566,-1.298567,-0.178943,0.976397,0.181733,1.788999,1.023134,0.104908,-0.517111,-0.413731,-0.589557,0.192377,-1.019814,0.985251,0.301146,-1.607136,-2.529919,0.515275,0.419287,0.209199,-0.122206,0.384843,0.346146,0.803454,0.066275,-0.053749,-1.024067,0.531134,-0.235357,7.00,0,Netflix,Entertainment,Recurring subscription
568608,-2.771672,-1.597230,-0.403012,-0.390883,-1.779899,1.143571,-0.352115,-1.135032,0.937198,-1.123565,0.446388,1.676862,-0.089957,1.683391,0.391142,-1.732799,1.491700,-0.022738,-0.768272,0.493678,-1.219300,0.022931,1.461229,1.197864,-1.281429,-1.722747,-0.018046,-0.176815,9.47,0,Capstone Inc,Salary,
568628,0.030511,-0.566871,0.761466,-1.015345,1.199558,0.640866,-0.960408,0.391380,-0.760284,-0.194958,1.365937,-0.671211,-1.674965,-0.832974,0.864525,1.275317,0.288143,-0.386468,-0.308034,0.986455,-0.876318,0.874652,-1.433394,1.813366,-1.687581,0.601647,0.580690,-0.386304,14.71,0,Spotify,Entertainment,
568629,0.555598,0.106810,0.247547,2.383360,-1.857326,-1.151162,1.466884,0.158228,0.209230,-0.304233,0.991374,1.062545,-2.277138,-0.781835,0.322931,0.845063,0.847170,-0.111593,0.188912,-0.437685,-0.115625,-0.336049,0.343728,0.709386,1.654262,1.709572,1.051729,-0.353735,62.25,0,Airbnb,Travel,
568765,0.918390,-0.957751,1.874705,0.891007,0.198052,-2.318081,0.713962,0.166241,1.300853,1.591734,1.356141,1.228408,-0.787674,-0.304998,0.094371,0.470714,-0.503434,-0.641086,0.814509,-0.628554,0.168605,-0.069537,0.479007,0.446178,-0.971657,1.187019,0.952218,-0.781556,38.37,0,7-Eleven Fuel,Travel,Card present
568785,0.671823,-1.859097,1.633332,1.069201,-0.562822,-1.088692,0.070511,0.422468,-0.927341,0.593423,0.023092,-0.802121,-0.450111,0.648733,-2.340404,-0.116306,2.162151,-1.170166,-0.069508,1.690603,0.288665,1.136952,0.083686,-0.372408,0.915917,-1.146555,-0.007428,1.069923,8.83,0,Stake,Investment,
568811,1.583070,1.949338,0.296544,-0.347057,0.829404,1.318143,-1.443359,0.148690,1.315876,0.899323,0.980866,0.164077,0.126559,0.396321,-1.186944,-0.192163,0.102327,-2.563088,0.647607,-0.674649,-0.294193,0.911065,0.341539,1.257650,0.581501,-1.903199,0.567322,0.771714,50.22,0,Shell,Travel,
568887,-0.363287,-0.347934,2.067187,-0.076103,-0.456154,-0.991542,0.285925,-0.676490,0.117268,-0.247859,-0.492562,0.175435,0.443971,0.289331,-0.395082,-0.507499,-0.836540,0.185639,0.770905,-0.207359,0.912524,-1.623885,-1.467972,-0.291663,0.393752,-2.758667,0.199796,-1.616292,1.80,0,Ticketmaster,Entertainment,Recurring subscription
569265,1.110134,-0.836262,0.783861,0.948189,0.349421,-0.387413,-0.131553,-0.656308,0.943956,1.546680,0.596731,-0.718203,0.174023,0.711757,0.784700,-1.558978,-1.425728,-1.668887,-0.265530,0.803533,1.059741,1.113658,0.852714,0.519066,0.945550,-0.267082,-2.344268,0.080257,79.56,0,KFC,Food,
569288,1.031631,0.612299,-0.601039,0.969037,0.043276,-0.857057,0.270270,-2.906239,0.405433,-0.991294,3.394436,-2.758049,-0.661432,4.936263,0.116886,0.606854,2.805706,-0.853192,-0.575882,-0.434400,-0.256048,-0.329376,2.767492,-0.742327,-0.662054,1.292101,0.281270,1.407328,0.95,1,RentPay AU,Rent,
569343,2.505175,1.460571,-1.508687,-0.968408,1.338367,-0.712145,0.144197,-1.606972,-1.369752,-1.629608,-1.140343,0.017607,-0.599932,1.876314,0.795094,-0.626267,-2.155489,0.088415,-0.311468,1.001824,-1.851524,0.496445,0.134314,-0.052694,1.493709,-0.466324,2.276282,1.519950,17.57,0,Aldi,Food,
569508,0.602086,-0.119201,-1.089991,0.451158,0.307732,-0.844984,0.130720,-0.520810,0.818850,-0.357363,1.231401,0.318831,1.855059,0.691624,-0.830656,-0.977064,-0.480346,-0.472089,0.850451,0.198261,0.595729,0.984237,0.952303,0.227929,-0.744300,1.000451,-2.243335,-0.080031,186.42,0,Booking.com,Travel,
569622,1.245164,-0.067389,-0.128054,-0.997737,0.565049,-1.382949,-0.547040,0.877886,-1.151697,-0.692635,0.694560,-1.484267,-1.015681,-0.088100,0.304724,-0.348548,-1.032724,2.536052,-1.172499,-1.134542,0.699591,-0.079233,0.465591,1.621020,1.010234,1.187598,0.232902,-0.241528,33.26,0,PlayStation Network,Entertainment,
570059,-1.591299,-0.814265,0.544593,-0.266797,0.686305,1.971714,-2.048746,0.323010,-0.895601,-3.369530,-0.538270,-5.920661,1.013048,7.397875,0.017779,-0.927629,1.832495,-1.261588,-0.148009,0.316963,-0.720542,-0.383166,2.601886,-0.426941,2.067241,1.571481,-0.724645,-1.258203,4.73,1,Cyber Goods Ltd,Other,Manual review
570259,0.490208,-1.175969,-0.758685,-0.184531,-0.439574,-0.487405,3.102472,-0.398176,-1.944546,-1.066934,0.278955,0.387837,-0.441207,0.679008,0.567057,-1.283342,-0.957148,-1.294280,0.377445,-0.381764,-0.504234,1.008474,-1.681450,-2.368996,-0.129195,-1.116938,0.593878,-1.306775,3.61,0,Vodafone,Utilities,POS terminal
570275,-0.656083,-0.535607,-0.387912,-0.058058,0.777666,1.911839,0.182350,1.312560,-0.885458,0.297128,-2.815937,0.131478,-0.407915,-1.065078,-0.476604,0.833920,-1.797297,-0.897998,1.102869,0.741514,-0.237725,0.426397,-0.741068,0.478467,-0.327068,0.044505,0.087401,0.151662,23.33,0,Optus,Utilities,
570277,0.132223,-0.266766,-0.629676,0.583960,-1.288525,0.578195,-1.230579,-0.685939,0.928674,0.315980,-1.092387,-0.328233,-0.136072,0.514335,0.297889,-0.067389,0.686796,1.167852,-1.163792,-0.127862,2.120174,0.126295,0.216827,1.548953,-0.862440,-0.274524,1.023497,-0.594253,46.27,0,Ticketmaster,Entertainment,
570381,-1.879736,-1.578606,-0.381624,0.331370,1.193131,1.384109,1.710058,0.675496,0.011575,0.106492,0.550514,-1.477291,-0.477309,0.677960,1.038034,0.494098,-0.085880,0.815475,-0.234967,-0.802214,-0.104571,-0.510942,-0.952200,-1.563514,-2.075306,0.319990,0.833437,1.591354,7.56,0,Chemist Warehouse,Other,Tap to pay
571061,-1.386768,-0.055727,1.522182,-1.019727,1.752120,1.076076,-0.462848,-0.992984,0.484058,0.114838,-1.939613,1.282298,0.686726,-0.907531,-0.565226,0.755233,-0.478866,0.270678,2.575475,-0.394262,-0.152879,-0.498264,-0.605421,0.476637,-2.190288,1.174087,0.835918,-0.380770,51.75,0,Subway,Food,
571112,-1.444374,-0.422569,-0.502214,0.016092,-2.637838,0.057521,0.251059,0.478215,-0.679991,-1.829563,0.502538,-0.843272,0.754940,0.083852,-2.718262,0.150131,0.972007,-0.038777,1.158945,2.035596,0.796704,1.562350,0.136439,-0.886596,-0.942090,1.041548,0.084208,2.751928,7.45,0,Coles,Food,Membership fee
571290,-0.061123,-0.327527,0.333180,-0.278937,-0.377387,-1.781422,-1.307116,0.626696,1.180896,-0.976056,0.829018,1.571627,0.749099,-1.215556,-0.164247,0.528112,-0.876618,-1.238865,-0.125612,0.484898,-0.742598,-0.957789,1.389799,-0.414973,-1.380521,0.043754,-0.107678,-0.209122,175.18,0,Aldi,Food,
571301,-0.831596,-0.235498,-1.548466,0.318166,-0.507366,-0.299881,-1.946876,0.993285,-0.107107,-0.421278,1.071551,0.424751,-1.233029,-0.152295,-0.444549,-0.214073,-0.724996,-0.144109,0.074647,2.058710,-0.701624,-0.098524,0.319571,-0.314151,0.656082,1.873674,0.945721,-0.239133,5.34,0,LJ Hooker Rentals,Rent,
571321,-2.128253,0.206317,1.284588,1.692978,0.728889,-0.532777,1.608509,0.199008,0.085658,-0.112253,0.259020,-1.121050,-1.581746,0.921232,-0.442728,-0.306494,1.553227,-0.633940,0.666761,-0.242604,-0.202869,0.248811,0.492565,-0.136559,-0.804152,0.000613,2.853938,0.712440,20.54,0,eBay AU,Other,Online purchase
571423,-0.596399,-0.015938,-0.356576,2.002499,0.997376,-1.246651,-0.459968,1.038689,1.544928,-0.952365,0.734581,0.635264,-0.073350,0.114541,0.245826,-0.279840,-0.770263,0.104354,0.423668,-0.969676,-0.361422,-0.128172,-0.496019,-1.735857,0.782502,-0.593283,1.538226,-1.317288,20.33,0,AGL Energy,Utilities,
571476,-1.161399,-0.724516,0.886041,0.089156,0.525320,0.290423,0.349659,-1.367949,-0.362686,-0.632121,1.055739,-0.102273,0.407721,-0.501189,0.120964,0.054254,-1.237815,-1.901594,0.747012,0.478316,0.540712,-1.506682,-1.938697,1.869614,-0.592491,0.365869,-1.729380,-0.142284,504.06,0,Big W,Other,
571758,-0.700332,0.435642,-1.916672,-0.278546,0.905554,1.055539,0.712937,-1.144119,-0.101223,1.372177,0.841433,-0.395519,-1.037503,-0.487168,0.395496,-0.835138,0.137624,1.199045,-0.013403,0.186882,-0.220923,0.113896,-0.125648,-1.285610,-1.583610,1.744775,0.705495,-0.138470,20.13,0,Big W,Other,
571775,-0.809876,1.413063,0.548451,0.984349,0.557869,0.999681,1.486935,-0.582168,0.434938,0.781824,0.491898,1.062227,1.477346,-0.560701,-0.954315,-1.295150,-0.011660,-1.707952,0.277770,-0.129705,0.133089,-0.030874,2.426071,0.066330,0.643881,-0.013102,0.497167,1.020870,5.80,0,AGL Energy,Utilities,
571832,0.131324,-1.665311,-2.192480,1.184946,-0.722448,1.762207,1.524507,-0.215047,-0.097727,0.549123,-0.591032,1.057730,0.874127,-0.276922,1.130738,0.002169,-0.007309,2.009424,-1.110834,-1.227729,0.990539,-0.472488,1.456586,-1.588088,1.119719,1.176529,1.042629,-1.188610,3.40,0,Airbnb,Travel,In-store payment
571902,-0.710157,-0.193888,-0.605958,-0.667407,-1.406369,0.113889,0.353324,-1.123032,-0.838422,-0.241409,-0.572053,0.465372,-0.141342,0.152271,0.156029,-0.253170,2.370029,-0.887164,-0.341440,0.999263,1.136136,1.215392,0.512147,0.284918,0.523959,0.203231,0.398445,-0.703817,29.35,0,Spaceship Voyager,Investment,
571906,-1.295640,-1.073772,-0.916916,0.570546,0.676820,0.074919,-1.435384,2.367449,-1.717776,0.080853,0.330068,1.025881,-1.934303,0.590344,-0.204211,1.481536,0.370664,0.148339,-0.926836,0.782279,1.196387,0.497203,0.238406,0.469252,0.847400,-1.211707,-1.974069,2.168843,24.67,0,Priceline,Other,
572000,0.451411,-0.216733,-1.911039,-0.629993,-1.436557,-0.258420,-0.057056,0.876279,0.832082,-1.924012,0.948371,1.151009,-0.094894,-0.344449,0.827985,-0.038441,0.917830,0.199024,0.148869,-0.073942,0.767013,0.767832,-0.670727,0.073171,-0.615654,3.238738,-2.005677,-1.216588,32.74,0,Officeworks,Other,
572004,-0.966655,-1.346789,-0.079510,-0.675220,-0.313255,0.039122,-1.781408,0.167793,-0.271330,1.431814,0.638394,-1.714999,-0.170177,-1.205190,-1.420865,-1.473818,-1.283815,-1.165004,1.575842,-0.190427,0.259265,1.421857,-1.547161,-0.794229,-1.398641,1.642649,-0.602810,-1.509545,63.04,0,Disney+,Entertainment,Tap to pay
572184,-1.492663,2.838504,-0.122482,-0.433918,-0.963756,-1.343211,-0.211299,1.206763,0.961391,-2.038118,-0.979737,0.046674,0.046173,-1.184101,1.255645,0.835184,-1.252600,1.330765,0.407984,-0.684369,0.735281,0.846887,-0.736052,-0.187236,0.247967,-1.342955,-0.926404,0.586040,22.55,0,7-Eleven Fuel,Travel,Auto-renewal
572213,1.978013,-0.498263,-0.061897,-0.544959,0.217639,-0.632083,0.974082,-0.714280,-0.043759,-1.215931,-1.740969,-0.352781,-0.131775,-0.474089,-0.389266,-1.262809,-0.845261,-0.425730,1.446807,-1.246896,0.508317,0.256888,0.502600,-2.064640,1.227087,0.382978,-0.293774,-0.121938,2.82,0,Airbnb,Travel,POS terminal
572226,0.858425,1.027458,0.685907,-0.400086,-0.760465,0.899269,1.848753,0.161907,-1.262192,-0.484616,0.545620,-0.179913,-0.423211,0.447201,0.034548,-1.842025,-0.114425,-0.165811,-0.559238,0.784218,-0.000489,0.203124,0.103943,0.921910,0.195572,-1.345054,0.454495,-0.227368,12.00,0,LJ Hooker Rentals,Rent,
572342,0.158602,-0.308838,0.537499,0.711564,-1.215302,0.188857,-1.883686,0.584969,0.619752,-0.983811,-0.232853,0.145795,-0.565877,-0.530368,-0.246362,-1.937119,-1.330183,-0.170608,-0.285532,0.971424,0.516392,0.377032,0.586217,-0.938721,0.147985,1.203906,0.920153,-1.545940,21.29,0,eBay AU,Other,
572717,0.715959,1.061336,1.005942,1.157695,0.212362,0.263602,0.707596,-0.514552,-1.692829,-0.900380,0.864057,0.979408,0.424999,-0.070839,1.071747,-0.794982,1.825376,-0.746406,2.224236,1.340896,-0.727776,0.061039,0.671352,0.897644,-1.064493,-1.634014,-1.390789,0.330091,3.45,1,Card Verification Service,Other,Foreign currency
572846,-1.184347,-1.187660,0.108218,0.173063,-0.496859,-0.721678,0.400854,-1.345860,-1.648051,-0.262460,-0.890150,-2.447825,0.648834,-0.590120,-1.036035,-1.391288,0.861357,0.754468,-1.480439,-0.022380,0.613382,-1.230923,-0.828847,-0.006244,0.776487,-0.141630,-0.383640,-1.776723,19.07,0,7-Eleven Fuel,Travel,Card present
572938,-0.317925,-0.306659,1.532363,0.409053,1.141728,0.899354,0.908467,0.297948,0.933424,-1.345754,-1.104861,2.058286,-0.145773,-0.923440,-0.062355,0.860196,0.851773,-0.876426,1.943097,1.839159,0.789030,-0.775823,-1.141015,0.748578,0.161221,-0.181129,-0.030551,0.955064,11.85,0,Kmart,Other,
573108,0.059617,-1.370136,-1.122806,0.387203,1.539370,-0.617683,-0.621954,0.548030,0.564332,1.050918,0.282797,1.415129,0.236499,-0.586628,1.151396,-0.707475,1.157176,-1.171724,-0.708851,2.046370,0.763629,1.083283,0.266651,-0.336150,1.353569,-1.069741,0.259717,0.172644,131.56,0,Subway,Food,
573386,-1.634803,-0.645615,1.952176,0.913204,1.859060,1.075618,0.783383,-0.461832,0.765155,-1.011254,-0.262306,-1.490636,-1.333871,1.672915,1.816316,0.566197,0.346816,0.639044,0.889110,-0.621206,-0.250576,-0.177424,1.184970,1.345523,0.221785,0.840105,2.589701,-0.590619,22.90,0,Qantas,Travel,In-store payment
573587,-0.182952,-0.991688,-0.277044,-1.871538,-0.507502,-0.348661,0.159451,-1.255688,-1.259668,0.033974,0.211844,-1.164712,0.375730,0.019819,-2.037744,-1.074750,0.447935,-0.180470,-0.772113,0.845797,0.683120,0.017534,-0.586575,1.446068,-1.712824,0.320582,-0.577367,0.137733,13.05,0,Officeworks,Other,
573911,-0.234804,-0.487388,-1.591563,0.667836,0.726802,0.242234,1.468600,-0.335253,-0.011694,-0.531807,1.213581,-0.975655,-0.808235,-0.919196,0.787167,-0.530701,-0.025309,-1.028133,0.531446,-0.123917,-0.228997,1.336291,1.022427,-1.465052,-0.631419,-1.045820,0.725023,-1.216971,15.43,0,CommSec,Investment,
574208,0.220550,1.145986,0.565649,-0.896473,0.569238,-2.219723,0.053795,2.702024,2.218843,1.913107,0.301518,0.207477,-0.015684,-1.215813,0.268766,1.566884,0.896309,-0.853486,-0.240874,-1.811431,0.700881,-0.304761,-0.950390,-1.324731,0.469016,2.125607,1.383280,0.441095,7.62,0,Medibank,Insurance,Online purchase
574559,-0.189282,1.080376,0.562635,-0.449512,-0.697324,0.787763,0.333864,-0.559529,0.794220,-2.071725,-0.233878,-1.834781,0.047402,0.780255,0.934997,1.560797,0.626436,0.873468,2.307753,1.548270,0.584473,-1.108168,0.928251,0.051178,1.118818,-0.350151,-0.757705,0.455739,19.74,0,Guzman y Gomez,Food,
574574,-0.480603,-0.402961,0.116464,-0.755686,-1.332389,0.101332,1.243908,1.518062,0.228613,-0.854223,0.091566,-0.310604,-0.717889,-0.040348,-0.069998,-0.961732,-0.803537,-0.186430,0.887017,1.086068,1.379257,0.643573,-0.494285,-0.943588,-3.105458,-0.788160,1.285244,-0.005626,26.10,0,Hungry Jack's,Food,Direct debit
574701,0.588523,0.354940,-1.619651,-0.520376,1.461693,-0.677174,1.132392,-0.160193,-1.107747,-1.637746,-1.018400,0.771098,0.108294,0.031561,0.297779,1.154971,2.340023,-0.076595,-0.088242,0.219123,0.189321,-0.251326,-0.452520,1.181783,0.468029,0.580263,2.271491,-0.512146,45.56,0,Domino's Pizza,Food,
574733,0.448905,-2.188590,0.394057,1.588898,0.528732,0.342013,0.101536,0.590103,0.088073,0.611150,0.668843,-0.643464,0.254231,0.327563,-0.113095,0.483510,-0.500436,0.131991,1.451380,-1.396140,-0.302829,0.316757,-0.152459,0.163231,-0.308472,-0.302231,-2.374742,-0.073636,17.50,0,Aldi,Food,Card present
574839,-1.503497,0.148577,0.800342,0.203145,0.294349,0.230999,-0.314183,0.475483,0.807629,-0.515937,0.880204,-0.724040,-1.929712,-0.617019,-0.260553,0.546011,0.966625,-1.403743,0.449938,-0.067706,-1.397331,-0.258982,-0.483363,-1.273826,-0.236686,0.715865,1.309267,-0.008079,19.88,0,Virgin Australia,Travel,
574893,-1.421849,0.094864,0.609201,-0.525099,0.661631,-0.266250,-0.096673,0.968771,0.523496,0.857443,-1.079942,0.206143,-0.954129,-0.592851,0.888012,1.891864,-0.369183,0.763065,-2.674277,0.116492,0.414277,1.503117,0.873309,-1.234785,1.282626,0.074888,2.107967,-0.367396,109.00,0,eBay AU,Other,
575009,0.977037,-0.725634,0.996563,1.069592,1.491751,-0.524773,0.971297,0.971510,-0.701926,-0.328672,-1.924471,0.745537,-1.221648,-0.402209,-0.468507,0.155157,-1.142178,-0.637426,-1.307489,-1.465874,0.965326,-0.043711,-0.313263,0.714008,-0.043462,1.082965,0.223983,-0.087375,38.14,0,Telstra,Utilities,
575222,0.690499,-0.467186,-0.144185,0.810533,0.688995,1.616266,-0.927235,0.656115,1.197411,-0.024116,-0.709840,0.456856,-0.498827,0.372088,-0.079879,-1.487237,-0.606161,-0.945314,-1.445721,0.539675,-0.257451,0.825382,-2.237402,1.343374,1.623567,-1.164694,-1.672671,-0.717653,9.83,0,Spotify,Entertainment,
575321,0.903107,1.814701,0.409257,0.716450,0.324824,-0.156464,-0.836016,0.167112,-0.536032,1.496741,-0.448453,-1.878854,-1.340709,0.448734,1.228378,0.524457,-1.823329,-0.777172,2.872627,0.002883,-0.664648,0.519256,-1.247879,0.167776,1.603795,0.330066,0.148365,-0.618826,24.63,0,Kmart,Other,
575399,-0.288214,-0.914842,0.315472,-0.085907,-1.424356,-0.197492,1.290161,-0.115558,0.235504,-0.547719,0.212774,-0.512034,0.922497,1.773870,0.249209,-1.800634,-1.123042,0.305663,1.055585,-0.686346,1.725987,-1.059053,-0.026998,0.556926,0.508820,0.240639,-0.057518,1.382872,11.60,0,Domino's Pizza,Food,Direct debit
575544,1.087916,-0.940885,-0.929726,-0.513819,-0.979758,-0.699116,0.699135,0.351620,-0.316373,0.341270,0.744057,-0.117593,-1.632163,0.600631,-0.678873,-0.755475,-0.751219,-1.718343,0.462494,-0.695797,0.356389,-0.062344,-0.930778,-0.495009,0.957064,-0.359590,-0.271763,-0.780333,71.03,0,JB Hi-Fi,Other,
575562,0.949135,-1.309457,-1.528732,-0.137001,-1.388704,0.403391,0.993430,-1.620037,-0.177365,-1.216049,0.023473,-1.490611,0.164027,-0.400844,0.022159,-0.225518,-1.085004,0.222239,-0.475794,0.142448,-0.082869,1.013077,0.199250,0.280963,-0.198884,-0.535800,0.755179,0.024695,6.87,0,Aldi,Food,
575639,0.975193,-0.090852,0.461150,-1.048141,1.328624,-0.203619,0.439862,-1.030927,0.098815,0.194377,1.017059,0.199668,0.228459,-0.709497,-1.321325,1.755434,0.581804,1.135248,-0.965833,0.428098,2.548342,-0.612386,-0.943773,0.104170,1.513485,0.484573,1.785970,-0.194237,286.09,0,Grill'd,Food,
575805,-0.098883,1.192931,-0.860148,-0.819597,1.773107,-0.419365,-1.671378,0.287475,-0.235068,1.649077,0.967564,0.419643,-0.327582,1.403990,0.461150,-0.386262,-0.378703,1.257092,0.551326,-0.539985,-0.738190,-1.854820,-0.360561,-0.568139,2.179069,0.723174,0.831892,-0.600138,3.91,0,Hoyts,Entertainment,
575924,-1.515534,-0.153029,-0.017489,0.617198,1.744756,-0.008764,-1.239378,0.551345,1.121163,-0.857199,-0.265148,1.308228,-0.072827,-0.602059,-0.169465,1.706731,-0.540967,-0.606842,0.547221,0.493341,0.552465,0.608654,0.527729,0.733526,-1.485177,1.257860,0.940998,0.103946,25.82,0,Steam,Entertainment,Recurring subscription
576003,0.249323,0.712849,-0.537431,0.150863,-0.660373,-0.240067,-0.282744,-1.872178,-0.356160,0.122053,-1.596025,1.135734,0.162331,0.180541,1.687962,0.429374,-0.541429,-1.011035,0.495211,0.997894,0.179979,-1.671786,-0.481279,0.669041,0.466879,-1.358380,1.679417,0.437016,11.56,0,Apple TV+,Entertainment,Membership fee
576160,1.424421,0.951309,-0.040160,-0.304943,1.758136,-2.031599,0.263462,-0.504458,0.678253,-0.689504,-1.171508,0.004461,1.625078,-0.753047,0.235659,0.898498,-0.055972,0.429691,1.373715,-0.037082,1.497375,1.560166,0.607657,0.642008,1.126479,0.564329,-0.193023,0.785234,23.66,0,Chemist Warehouse,Other,POS terminal
576229,1.835327,0.161402,1.552785,0.288323,-1.267940,-0.544857,-0.614084,1.309075,0.369290,0.093294,0.280132,-0.174898,3.453515,-0.266429,1.478323,-0.806217,-0.426013,0.948322,-0.900411,1.605336,-0.462450,1.072006,-0.008334,0.766950,-1.412018,-0.560753,-0.139779,-1.025232,8.66,0,PlayStation Network,Entertainment,Online purchase
576264,-0.967043,-0.277465,0.176462,0.344752,-2.097042,-0.652465,2.385712,0.765116,-1.780813,0.694603,0.060754,0.582939,1.267988,-0.677877,0.940853,-0.658398,-0.724399,-0.326304,-1.766032,1.052093,-0.555948,-0.132860,0.227047,0.762958,-0.521961,0.124136,-0.512190,-0.220370,1.08,0,Sydney Water,Utilities,
576336,1.173564,-0.841320,0.155178,-0.706925,-0.544340,-0.537345,-0.255138,-0.135601,-1.138507,0.379238,1.040807,-0.147491,0.004298,0.087752,0.187997,-0.223127,0.379980,-1.746410,-0.516960,-0.338599,0.096283,-0.272535,2.722846,0.250100,-0.490564,0.816291,0.855699,-0.795663,1.02,1,QuickCash24,Other,International wire
576347,0.417221,-0.130388,-0.260660,-0.265170,0.276735,1.481481,-0.549818,0.093577,-0.500719,-0.587384,-2.767773,-0.132424,-1.517369,-1.113514,-0.177620,-1.361733,0.416604,0.057062,0.692573,0.742199,0.405592,0.522808,0.677598,0.191013,0.810564,-1.548584,-1.954389,0.426367,4.33,0,Disney+,Entertainment,
576355,-0.886772,-1.383027,-0.159258,-0.866328,0.955148,0.024810,-0.498575,-0.211901,-0.981759,-0.268249,-0.163058,0.601141,-0.871793,0.060128,1.676414,-1.419916,-0.534381,-0.663715,-1.790353,-0.051386,1.143549,1.417184,-0.632438,-0.902476,-0.322040,1.049077,1.655394,1.218857,23.66,0,Vodafone,Utilities,
576397,1.189855,-0.493096,0.236006,1.073246,-0.567633,-0.572033,-0.014604,0.482458,-0.046054,-0.381555,-0.596953,0.005696,0.601353,0.321209,0.823497,-0.607938,-0.850788,-1.025972,0.341911,0.580410,0.664186,0.290062,-0.241741,-0.603431,-0.501482,-2.052590,-1.343772,0.544240,166.06,0,McDonald's,Food,
576425,-1.303145,-1.453591,-0.854653,-1.305754,1.330047,0.651383,-0.191645,0.314095,-0.498532,0.147887,-0.635753,1.045087,-0.893846,-0.960435,0.399124,-0.224301,-0.184682,0.747717,-0.779971,-1.671937,-1.153815,0.076884,0.466250,-0.730490,-1.208219,0.649765,0.331565,-0.492312,42.10,0,McDonald's,Food,
576575,0.269365,1.999165,-1.189811,-0.124008,1.497275,0.359902,-0.441254,1.560755,-0.695579,-0.377625,0.050660,0.101091,-1.550160,-0.122070,1.849133,-0.108302,0.026791,0.514111,0.288673,-0.966533,1.750763,-0.197974,-0.653953,1.235584,1.428376,-1.628588,1.092751,-0.342395,19.54,0,Big W,Other,Direct debit
576581,-0.220608,-0.688288,-1.031391,-0.104132,0.613431,-0.245278,-0.390733,-0.920642,1.266886,0.115447,0.961681,-1.718428,-0.154701,1.336528,-0.873358,-0.426872,0.524348,-0.366490,2.137483,1.202760,0.559501,-0.347163,0.315345,-0.379906,0.906259,0.869196,0.203453,-0.815181,136.71,0,Woolworths,Food,
576882,2.463698,1.105416,-1.753490,-1.679303,-1.130038,-0.249175,-0.350425,-0.428554,0.565504,-0.046206,-0.289417,-0.446627,-0.021540,-0.367627,-1.255639,2.848736,1.329447,0.290504,-0.910550,-1.982104,0.315053,0.673631,2.106533,-1.432147,1.649765,-1.637066,0.646337,1.004667,59.82,0,Starbucks,Food,
576994,2.602547,-0.178493,-3.390912,-0.299225,-0.525225,1.437535,1.383345,-0.178402,-0.219401,-0.565207,2.601531,-0.010705,-0.851408,-0.666262,1.712849,-0.895886,-2.307712,-0.107620,0.078244,0.437164,-1.541401,-1.181043,-0.710440,0.714166,-0.462273,-0.455899,-0.671562,0.612101,242.64,0,NRMA Insurance,Insurance,Membership fee
577126,-1.121226,-1.333233,-0.496626,0.723089,-2.362650,-0.588866,-1.139904,0.423550,-2.344163,1.124252,-1.979109,0.402523,-0.654928,1.162591,0.645004,-0.401436,0.107708,0.643012,-0.640121,0.972427,0.142215,0.683743,-0.028492,1.591539,0.437449,1.844286,-0.504592,0.641912,0.71,0,Ticketmaster,Entertainment,
577274,-0.259719,0.538480,1.404610,0.972735,-2.318327,0.066172,-1.229739,0.388039,2.252410,1.219629,-0.021074,-1.198024,0.223864,-2.059755,1.073507,-1.424287,0.858465,-0.500935,-0.040389,0.272517,0.752920,1.959686,0.968983,0.081756,0.935624,0.110110,1.974825,-0.088332,40.14,0,PlayStation Network,Entertainment,
577328,0.286995,1.085444,0.167876,0.039626,-0.131529,-0.566506,0.985543,-1.496704,0.629918,-1.288070,-0.851565,0.263770,1.626661,-0.263084,1.193934,1.743394,-1.101822,2.278746,-0.424353,0.570361,0.103166,0.602851,-0.063993,0.604751,-0.528216,0.758070,-0.892107,1.189380,16.99,0,Subway,Food,
578009,0.130499,0.811466,0.036582,0.247711,0.258730,-0.343339,-0.128082,0.179217,0.187850,-0.110383,0.921324,-1.805070,-1.530411,-0.754664,-1.393029,-0.694685,0.278592,0.263399,-0.064556,1.379445,-0.426593,0.553046,-1.211273,1.733059,0.379137,-1.241709,-0.907215,-0.041814,14.18,0,Guzman y Gomez,Food,Card present
578013,0.064753,-0.134889,-0.319505,0.874435,1.114007,1.469452,-0.087582,-0.885797,0.220876,1.760888,0.139384,0.335711,-0.680303,-0.753926,-0.153502,-0.020027,0.883303,-0.499526,-0.677098,-0.848964,-0.710837,-0.149326,-0.693012,0.241258,-1.398646,-0.560232,-0.328758,-0.847514,30.70,0,Optus,Utilities,
578072,-1.181609,0.226283,-0.190836,0.751290,-0.423066,-0.766746,-0.956160,-0.116001,0.892949,-0.728888,-1.165786,-0.372331,1.544692,0.683906,1.201258,1.505005,0.371302,0.730058,0.266959,0.012094,-2.500643,0.089483,-0.756786,1.454994,0.241789,0.761369,0.049885,0.159011,5.53,0,Big W,Other,
578139,0.200595,-0.094427,2.890251,1.267428,-0.321605,-2.010360,0.314830,0.157794,1.330624,0.439741,0.303003,1.046432,0.523385,1.120669,-0.323187,-1.102427,-0.522460,0.171317,1.224690,-0.043904,-0.886159,1.254082,-0.611197,-0.530672,-1.401617,1.655420,-0.091644,0.954273,1.56,0,Optus,Utilities,
578499,0.916232,2.244318,-0.221480,-1.781240,1.219630,0.956582,-2.156181,0.596106,0.751767,0.801118,-0.323420,-0.446251,2.106548,0.248415,-0.342895,0.068303,0.884905,-0.247460,0.921075,0.746718,0.581493,-0.627649,-1.330505,0.141074,1.415187,1.033919,2.215159,-0.412741,23.59,0,Hungry Jack's,Food,
578773,-3.084543,-0.073665,-0.003570,-0.037603,0.192760,-1.531350,0.031202,-1.752578,0.529333,-0.512402,1.653968,0.573994,0.819962,1.050204,0.335552,0.275026,-0.540961,0.408939,-0.855494,1.440874,-0.814192,0.775625,0.213399,1.192650,0.914727,-0.740109,1.817494,1.135985,52.72,0,eBay AU,Other,
578946,0.219006,1.756765,-0.555739,0.904298,-1.149783,1.265099,-0.098549,-1.892945,0.122377,0.735373,-0.011254,0.295825,1.112733,-1.099021,0.073520,0.903923,1.007582,1.414116,-0.288852,-0.632270,-0.048060,2.773241,-0.783260,0.219390,0.628299,-0.245529,0.128757,1.277177,6.44,0,Grill'd,Food,POS terminal
579199,-0.649250,-1.617219,0.125295,-0.115910,-1.516413,-0.898479,0.420567,-0.058895,0.996212,-0.185181,1.553119,-1.234492,-0.689846,0.554252,-1.315798,-0.289051,1.790358,0.882866,1.131355,0.102581,-0.701447,-0.081927,-0.450937,0.575499,-0.921703,-0.261658,-0.918786,1.524058,194.44,0,Priceline,Other,
579706,-0.286634,-0.032618,1.476859,-0.614290,-0.201035,0.283686,-0.239003,-0.274889,0.054015,-0.558227,1.029510,-0.417023,0.597650,1.101890,-0.283337,0.476856,0.535109,1.104999,0.376331,-1.645270,-0.685947,0.563381,0.068825,0.330907,-0.260352,-0.182795,0.039651,0.942719,17.47,0,Chemist Warehouse,Other,In-store payment
580068,0.771730,0.020234,-0.828857,-0.430676,1.151413,-0.034681,-0.251635,0.862384,-0.914778,-1.309024,0.534005,-0.094311,0.401313,0.716202,0.919809,0.906824,0.587562,0.837045,-0.291095,-0.172007,0.068900,-1.656245,-0.193806,1.179189,0.584808,-0.720495,0.600324,1.052933,20.78,0,Origin Energy,Utilities,Online purchase
580415,-0.615229,-1.450059,1.455342,-0.318871,-0.313907,1.652977,0.405232,-0.574990,-1.788165,0.408786,-0.450648,0.180997,-1.407370,1.646566,0.660409,0.676064,0.700590,-0.503644,-0.197296,-1.317816,-0.377161,1.142466,1.056334,1.396065,-1.103613,-0.913367,0.893577,-1.280233,5.98,0,Hertz,Travel,Tap to pay
580531,-1.970811,-2.387737,-0.198324,-1.544771,-0.292246,-0.652679,-0.877635,0.387729,0.817715,2.375299,-0.787412,0.978965,0.338862,-1.196077,-0.445348,0.700921,0.360179,-0.002351,-0.013805,-0.586811,1.585876,-0.711388,-0.625496,0.342616,0.676485,-0.044273,-0.927206,-1.393511,22.42,0,Qantas,Travel,
580743,-0.471678,-0.833064,-0.587270,0.478370,0.495376,-0.714278,-0.951552,0.307062,0.608214,1.054097,0.848961,-0.206458,1.361781,-1.528267,0.571911,0.218949,1.940906,0.541512,-0.635056,-0.277724,-0.365559,1.686130,-0.055128,1.284030,-0.251011,-2.173726,-2.310248,1.126163,44.84,0,Big W,Other,Card present
580824,2.494132,-0.396708,-0.650716,0.470917,0.546961,-0.132729,-0.219346,-0.297758,-2.308218,-0.794684,0.028917,-1.424355,0.360446,0.895643,0.099449,-0.396563,0.595681,0.158988,-0.637821,0.144549,-0.397088,0.357999,-1.905005,-0.342958,-2.305996,0.515283,-0.879907,-1.405974,45.15,0,Allianz,Insurance,Membership fee
580878,0.262573,-0.061434,-1.549965,0.684262,-0.206024,-0.881699,-2.238973,-0.195032,1.074989,1.063862,-0.428377,-0.715628,1.242607,1.050103,1.181653,-0.033881,1.756776,0.856669,-0.302530,-0.192714,0.305072,0.599401,0.227476,-0.737273,0.362022,-1.532682,-0.242765,-0.726687,56.29,0,McDonald's,Food,
580884,0.825299,-1.240353,0.822415,-0.190834,-1.468931,0.576678,-1.143029,0.706276,0.761850,1.063171,0.663439,-1.633403,-0.706243,0.503474,-0.358471,1.269647,-0.152716,1.731205,-0.178006,1.269040,-0.215067,-1.733432,0.077972,0.738418,0.767525,1.326066,0.044132,-1.204170,22.35,0,Coles,Food,In-store payment
581251,2.093258,0.333187,0.171872,-0.152655,1.486630,0.164804,-1.998187,-0.073895,-1.128834,-0.123700,-0.593416,0.399360,0.947988,-0.981504,0.368909,0.312155,0.911803,-0.104887,-1.420313,1.281821,0.043224,0.561870,0.083913,-1.541456,-1.232608,0.146964,-0.033138,-0.890755,8.62,0,GlobalSoft Ltd,Salary,Online purchase
581279,-0.625227,-0.374951,-0.267596,1.372726,0.743694,-0.458123,-0.833651,-0.194162,0.471530,1.211313,-1.043134,0.777519,0.579612,-0.519501,-0.102499,-1.386753,0.681251,-0.746929,-1.702839,-0.159371,-1.376254,0.783648,1.133174,-0.712327,1.991605,0.011547,-0.974445,-0.033765,23.01,0,Airbnb,Travel,Membership fee
581318,-0.336269,-0.852765,-1.304753,-1.241756,1.452276,0.487191,0.820721,2.168070,-0.299037,0.263427,-1.146151,1.012566,-0.221862,0.533539,1.662954,0.168600,-0.101664,-1.037065,0.293790,-0.446300,-0.731057,-0.315924,0.607245,-1.332019,1.090657,-0.442676,-0.360477,1.325245,55.68,0,Hoyts,Entertainment,
581552,-0.798999,-2.183254,-1.830420,-1.459068,0.101017,1.939942,-2.450015,-0.427483,0.070588,-2.656956,0.121267,-6.963607,-0.713866,6.777059,-1.324445,-1.362382,4.551835,-2.715108,1.888031,0.896687,-1.910908,1.237381,0.557461,0.110434,-0.320048,-0.575137,0.246363,0.965275,745.94,1,Northwind Industries,Salary,
581719,-2.197868,-0.124105,0.737315,-0.575003,-0.185873,0.993406,-0.501108,-0.089271,0.405234,-0.576678,0.695851,0.261303,-0.186517,0.408723,1.323157,0.347797,-0.879823,-1.065959,0.306424,-0.767928,-1.413676,-1.093007,2.662182,-0.209674,0.833483,1.865059,-0.425906,0.337035,2.41,0,GlobalSoft Ltd,Salary,
581785,0.223862,-0.386133,0.036624,-0.036570,-0.276866,0.596041,-0.744687,0.877062,0.117008,0.249980,0.475253,0.236156,0.995477,3.442857,-0.342685,-1.454576,-0.796891,-0.059088,1.261125,-0.157034,0.441967,1.245139,0.117281,-1.496412,1.660128,1.050780,-0.418952,-1.493635,9.96,0,Acme Corp Payroll,Salary,
582119,-1.589243,-1.615376,0.734996,0.665578,1.006253,0.948189,0.609563,0.032137,-0.329164,-0.420211,1.001446,-1.588956,1.325796,0.490617,0.502697,-0.548509,-0.280496,0.185362,0.716955,-0.857591,-0.576223,-0.067863,-0.732552,1.501464,-0.513319,1.269349,0.657759,0.137263,561.86,1,GlobalSoft Ltd,Salary,
583199,-0.730787,0.890611,-0.335012,0.394642,-1.445528,0.696600,-1.010683,-2.108929,-1.195214,-0.055007,-0.006066,0.353891,0.097336,-0.559199,-0.656369,-1.780223,-0.308852,0.136125,0.701227,0.625925,0.561516,0.342318,-0.673763,1.773450,0.326030,1.553369,-0.142539,-0.842771,7.61,0,Steam,Entertainment,
583931,-1.194211,1.160337,0.597996,-1.157196,-0.020167,-0.234510,1.901681,-1.313874,0.247073,0.507712,0.777016,-1.896041,0.507070,0.669058,-0.617505,-1.648747,0.816326,2.000899,0.650328,-0.250998,0.082393,-0.485993,-2.633353,-0.756083,-0.483487,0.317750,1.515585,0.518499,26.97,0,IGA,Food,Recurring subscription
584210,1.116151,-0.852538,1.448763,-0.015729,-3.382371,0.839054,-0.471976,1.572900,0.563380,-0.236131,-0.391475,2.658583,0.679132,-1.838373,-0.341981,0.764954,-0.030398,-1.644984,-2.611714,0.911223,0.909671,-1.317412,1.569309,0.598563,-0.861192,0.317649,0.272555,-1.705049,6.31,0,Kmart,Other,
584277,0.124951,0.193106,1.060739,-0.663423,0.197162,0.056186,0.124225,-0.725674,0.726849,0.035486,-0.287942,0.942460,-0.686665,-0.979246,0.613474,0.307115,1.072485,-0.590824,0.580262,0.053377,-0.283242,-1.641420,-0.999979,0.650950,-1.791944,-1.163233,0.174060,-0.312313,7.25,0,Aldi,Food,
584493,-1.541031,0.939658,1.587790,1.911710,-2.157558,-0.503282,-0.334686,0.293233,2.721946,-6.370960,-4.120708,-8.403088,-0.025613,7.692254,-0.064099,0.735433,4.908211,2.373378,-3.404376,0.984123,1.387126,-0.880063,0.274544,-0.978005,0.202909,0.332762,-0.716698,-2.635405,798.28,1,Web Payment Inc,Other,Unverified buyer
584561,1.416416,1.416490,2.276949,0.091534,1.106338,-0.988598,0.750636,-0.380850,-0.709183,-1.192575,-0.585664,1.779530,-1.479827,1.696981,1.504614,-2.226028,0.553298,-0.211755,0.010844,-0.506635,2.607914,-0.593082,-0.699073,-0.152529,-0.749876,-1.352703,0.715159,1.612940,30.15,0,Hoyts,Entertainment,
585318,0.068670,0.299539,1.055442,-0.740507,1.714505,-0.714965,-1.379340,1.470996,-0.774238,0.588038,0.337641,2.043370,-0.899912,-0.271822,-0.856469,0.114601,-0.348197,-0.694725,0.132963,-0.381964,0.973597,0.365321,0.295372,-0.945299,1.680165,0.226867,-0.117812,-0.428510,26.09,0,Starbucks,Food,
585657,0.898757,1.464639,-0.076252,-1.260860,-0.664072,-1.344390,0.508846,0.361837,0.186940,-0.510679,-1.520256,0.769611,-0.159774,0.353150,-0.049286,-0.792915,0.482901,-0.543417,1.904383,1.278236,-0.387903,0.129754,-0.325248,-1.028934,0.235006,-1.275206,-0.815177,0.835510,10.44,0,Grill'd,Food,Card present
586426,-1.651311,-1.098694,0.189765,0.232698,0.954664,0.929676,1.105552,-0.885194,-0.021508,-0.347380,2.149349,1.535002,-2.209623,-2.503377,-1.105116,0.537955,-0.425650,0.163240,0.653028,-1.336638,-0.964389,-0.023495,-1.468739,0.144870,-0.958265,0.777285,-0.198129,0.327541,39.37,0,Hungry Jack's,Food,Online purchase
586475,-1.051958,-0.506746,0.712536,-1.455524,0.927630,-0.148995,-1.832156,-1.542618,-0.543363,2.255534,0.311956,-1.060648,-0.363071,1.458389,-0.258017,0.922972,2.063248,-0.394002,-1.762292,0.671613,0.567184,0.783810,-0.971738,0.054224,-0.207590,0.328378,0.484610,0.847250,8.49,0,McDonald's,Food,
587171,-1.736391,-0.064799,1.350156,-0.561381,-1.847898,1.623909,0.852453,-0.270054,0.332277,-0.443847,-0.511473,0.121065,-0.493769,-0.238780,-0.217036,1.330144,-0.513330,-0.448846,-0.751848,1.032482,-0.964637,2.766263,-1.974357,-0.230107,0.164265,-1.774392,-1.244653,0.293958,11.86,0,Hoyts,Entertainment,
587445,0.898104,2.034344,1.599947,-0.615588,1.354254,0.132453,0.823585,-0.080042,-0.390941,0.463501,0.618232,0.366821,0.247858,-0.917518,-2.026309,-1.531484,-0.681519,-1.268200,-0.595148,0.516708,-1.500004,-0.606995,1.893286,0.185634,0.375517,-0.755356,-0.736996,1.172270,6.42,0,Sydney Water,Utilities,
587595,-0.636257,0.341093,0.889871,1.026563,-0.341302,-0.974148,1.493508,0.814740,0.323446,-1.003095,-0.022614,1.571665,0.170778,-0.803010,0.627027,-0.002574,1.338776,0.398367,-0.079736,0.511163,1.194460,0.674188,0.327143,1.042339,0.200185,-0.504948,0.304988,-0.647066,22.20,0,Sydney Water,Utilities,
587915,-2.127457,-0.429922,0.782890,-0.158715,-0.240076,-0.347982,-0.098014,0.444943,1.153875,-1.630180,0.569537,-0.644116,0.453449,-0.448272,1.494403,0.147971,-1.042324,0.113260,0.139623,-0.688214,2.195291,0.067719,-1.250468,1.639211,-0.420273,0.211567,-0.623640,-1.567447,235.10,0,Qantas,Travel,
587951,0.293574,0.871063,-1.070388,1.246092,-2.672828,0.404110,-0.608816,0.932431,1.633550,1.088263,2.023485,0.239065,0.274860,-1.479545,-0.233837,2.084394,-0.164714,1.307050,0.284841,-0.128448,-0.220572,2.110787,-2.262382,-0.259377,0.292473,1.454201,0.533278,-1.052424,10.54,0,McDonald's,Food,
587979,-0.029490,0.715912,1.701295,0.662333,-1.020160,0.263069,-0.163596,-1.764133,-0.723355,-0.592370,-0.828512,-0.274630,-0.392916,0.907891,-0.293780,2.109812,-0.214110,-0.814349,-0.719468,1.403896,0.635336,-0.911547,0.742911,-1.937188,-0.363181,-1.056530,-0.106395,0.876353,50.92,0,Amazon AU,Other,
587992,-0.610940,-0.357270,0.153883,-1.263586,-0.316212,0.128562,-0.928273,0.502142,0.188119,-0.722113,-0.344795,-0.000914,-1.497219,-0.645842,-0.304697,-1.230900,0.019145,-0.031871,2.150833,-0.351641,0.099988,1.538837,-0.404500,-0.768738,-1.344816,-0.433796,0.131406,0.955131,63.26,0,Grill'd,Food,Online purchase
588023,2.166810,0.315619,0.680994,-0.915372,-0.164156,-1.301111,-0.218279,0.246550,0.781779,-0.177653,-0.871631,0.203556,1.954498,-0.740498,-1.086157,-1.460309,0.934523,-0.929353,0.351329,0.954232,1.358101,-0.282604,-1.262387,0.416573,1.562062,-0.271630,-1.599067,0.695252,22.33,0,Coles,Food,Membership fee
588146,1.308156,2.996844,-1.345224,0.611007,2.273618,-0.435943,0.512162,-1.266133,2.206726,0.273946,-1.249056,1.130714,1.720486,1.690051,-0.055229,1.161699,1.555639,1.588398,-1.277314,1.490258,-0.228942,-0.017987,2.126141,-0.781315,-1.010130,0.344914,-1.220448,-0.612361,22.44,0,SelfWealth,Investment,Online purchase
588442,0.470511,0.107387,1.268546,0.253016,0.371202,-1.609431,-0.127166,-1.432168,1.620679,-0.206293,0.347262,-1.829517,-0.439720,-1.918310,-1.302594,-0.416021,0.639450,-0.845948,0.683010,0.323000,-1.520403,-1.297040,-0.320812,-1.887381,-0.120153,-0.749046,0.609134,0.303502,6.33,0,Booking.com,Travel,Direct debit
588463,0.394846,-1.679529,-0.842398,-0.551115,0.124742,0.046529,-1.456911,0.645639,-0.700752,-1.254414,-0.267690,0.215144,1.243334,-0.299890,-0.004226,-0.247319,1.353036,0.585131,-0.200911,2.011168,-0.790695,0.228254,-0.568939,1.538493,-0.561945,-0.318529,-1.359728,-0.361643,4.97,0,Chemist Warehouse,Other,
588497,-0.601997,-1.909310,-0.280226,-0.031169,-0.592607,-0.859953,-0.225157,0.258307,0.486471,1.087224,0.349799,-0.215430,-1.218497,-0.363187,0.415145,-1.156996,0.384330,0.262564,0.489873,0.692473,0.640650,-0.261417,0.014720,-0.000169,-1.374953,-1.123205,-0.804935,-1.929720,6.19,0,Guzman y Gomez,Food,Auto-renewal
588751,-0.642849,1.655761,0.769593,0.905185,-0.354228,-0.726968,-2.237327,0.609709,0.143099,-0.615012,-0.442178,0.134089,-1.544331,0.345136,1.750462,0.000805,-1.181237,-0.644585,0.630979,0.895371,-1.132888,-0.836349,-0.583099,-0.004511,2.374839,0.207637,-0.319679,-0.017543,40.05,0,Translink,Travel,
589111,1.333650,-0.715857,-1.976461,-0.132784,-0.798073,-0.049869,0.677317,-0.786360,-1.005389,1.767782,1.225545,0.994489,2.169897,0.083270,-0.485170,-0.294086,-0.170747,1.019664,-0.243856,-1.367915,-1.155423,0.528913,-0.944632,-1.172270,-0.345927,-0.985861,2.076439,0.614753,42.67,0,Officeworks,Other,
589396,1.110539,-0.832460,1.723137,1.248480,-0.385906,0.028666,-1.518992,-0.091913,-0.012349,-0.420581,-0.518684,0.056039,-1.034613,-1.173735,-0.544473,1.559342,-2.080120,0.715436,-2.492391,-0.087352,0.391614,-1.014308,-0.112189,0.128133,-1.011772,0.065633,0.320817,-0.292726,13.16,0,BP Service Station,Travel,Card present
589752,0.223594,-0.629652,0.047974,1.733918,-1.426658,-0.190462,0.947402,-0.214748,1.360592,0.330674,-1.356712,0.269135,-0.338105,-1.061484,0.351024,-2.142592,-0.072094,0.446313,-0.355620,2.584274,-0.724199,0.447365,0.774956,-0.693482,0.750543,0.395518,-0.505343,0.704710,28.74,0,Officeworks,Other,
589843,1.250624,0.265462,-1.109124,0.050328,-0.343930,-0.859598,-1.519205,0.006499,0.455955,0.898749,0.587486,-0.569868,1.120316,-0.177847,0.353129,-0.048211,-0.507884,0.094130,0.300311,1.482565,-0.540026,-0.851850,-0.331577,0.170473,-0.216540,0.814551,2.607752,-0.199891,41.44,0,Hungry Jack's,Food,
590251,0.519773,1.027061,-0.147921,-0.363821,0.233827,0.289202,-0.524387,-0.058037,0.743887,-1.049246,1.539138,-1.092953,0.185921,-1.673240,-0.726448,0.957167,-0.725783,0.229397,-0.417595,2.655085,-0.500293,0.322240,-0.900245,0.385143,0.932332,0.110059,0.830119,-0.559819,70.04,0,KFC,Food,
590262,0.326213,0.605880,2.130401,-0.373331,-0.457338,1.703716,-0.022008,0.345755,0.989539,1.855281,-0.962323,-0.727588,-0.133704,0.255208,-1.906725,-0.537953,0.037513,1.395805,-1.083488,0.936524,2.526082,1.178735,1.496922,1.353788,-1.048017,1.700359,1.332581,-0.430241,23.53,0,Booking.com,Travel,In-store payment
590297,-1.011363,0.714778,0.774115,0.892356,1.365141,-0.153973,-0.017683,-0.581444,0.683088,-0.555587,1.002495,0.920565,1.703385,-0.417447,0.327813,1.515992,-1.863969,-0.404173,0.780661,1.352284,0.376199,-1.444218,-1.365762,0.338831,-0.439504,-1.005635,-1.481926,-0.346193,53.42,0,Aldi,Food,
590613,-0.039036,-0.432792,1.351328,-0.933192,-0.532972,2.105444,0.389077,0.462027,0.102472,2.275279,-1.878405,-0.445684,-0.439060,1.441588,0.272014,1.243836,1.255747,0.214220,-0.262633,1.381635,0.134449,-0.999837,0.448510,1.023213,2.881118,-0.655041,-0.331542,4.046929,32.19,0,JB Hi-Fi,Other,Card present
591242,2.351567,1.683595,2.085227,1.170202,-1.319956,1.631299,-0.014188,2.023144,-0.468206,1.383872,-0.648968,-0.386104,-1.283687,1.142252,-1.685263,0.580233,1.393490,-0.676932,0.578755,-0.200290,-0.590971,-0.061386,0.125390,0.579073,-1.612714,0.768640,-1.490556,-0.309159,6.81,0,Telstra,Utilities,Tap to pay
591405,-0.539283,-1.389255,-2.075153,1.666466,-0.929215,-2.123688,2.008490,-0.846156,-0.517195,0.723184,0.720636,-0.728674,0.091239,0.845165,0.428177,-0.630613,0.956400,-0.170438,0.626144,-0.961043,0.014780,-0.039744,0.708337,0.055006,-0.115805,0.735690,-0.519157,-1.403430,3.29,0,7-Eleven Fuel,Travel,POS terminal
591471,0.928813,0.654449,0.805026,0.249060,-0.330131,1.311399,0.519940,-0.323040,1.766679,0.552852,-0.905475,-1.158725,-0.899000,0.691347,-0.815739,-0.665017,-1.108198,0.866929,2.167837,0.989035,2.359895,-0.222118,0.693785,-1.277640,0.207062,-1.590018,0.689657,-0.748345,47.26,0,Acme Corp Payroll,Salary,
592587,-0.319669,1.767110,-0.513791,-1.629075,-1.580590,-0.807046,-0.456078,-0.721491,-1.292887,0.250777,0.176508,0.399736,0.330524,0.650336,-0.889813,0.956633,1.913210,0.967295,0.896342,0.343552,-0.369857,-0.696973,-2.489760,1.203440,-0.360877,2.463002,-0.589906,-0.325801,14.93,0,AAMI,Insurance,
593059,0.363337,-0.060439,-0.691987,-0.317779,0.425878,-0.582620,1.654021,-0.663273,-1.994422,-0.498765,0.357650,-0.368220,-0.031108,-1.439613,0.446009,-1.344018,-0.910344,0.076442,0.588921,-2.215005,0.461172,-1.286802,1.098293,3.100071,0.487179,-0.426704,0.728600,0.289740,9.61,0,Apple TV+,Entertainment,
593497,-1.019303,-0.507061,-0.493538,1.617513,0.232898,1.825409,0.237582,1.333233,-0.146786,-0.842898,-1.074176,1.166643,-0.943628,-0.583217,-0.089687,0.687827,1.020770,0.787441,-0.344976,-0.660801,-0.496566,-0.976624,-0.892912,-2.190187,-0.111004,1.403414,0.241851,0.206029,4.89,0,Apple TV+,Entertainment,
594354,1.441227,-0.922955,-1.958671,0.681648,-0.387986,0.278045,-0.523662,-0.244930,0.244607,-0.750646,-0.690504,0.234992,-1.454022,-0.271889,0.312698,1.486440,0.341253,-1.289733,-0.464201,1.490311,-0.797016,0.228648,1.362731,-0.428838,-0.440719,0.898121,0.992098,0.322547,37.33,0,Guzman y Gomez,Food,
594376,1.628748,0.163650,-0.056533,1.795767,0.326895,0.477153,-2.110323,-0.091533,-1.392202,-1.172403,-1.413606,3.618457,-0.074993,-0.375485,-1.713750,-1.771192,-0.628938,0.318041,0.085010,1.607906,-0.545500,-0.241775,-0.419986,1.805342,-1.417847,1.254451,0.452040,0.593581,10.31,0,PlayStation Network,Entertainment,Tap to pay
594756,0.320564,-0.519290,-0.901737,-0.673617,0.335832,-0.117424,0.356455,-1.655866,0.618288,1.155644,1.567394,-0.406975,-0.335025,-1.079478,0.203475,-0.459501,1.246788,0.299559,-0.170625,0.707037,-0.696243,-0.233445,1.130741,1.619192,0.531944,-1.552179,1.065396,-0.336602,54.78,0,Optus,Utilities,Online purchase
596412,0.283874,-1.046115,-0.410531,0.800293,-1.815826,-0.082657,-0.392466,-0.660665,-0.805038,0.078080,1.500428,2.444657,1.200123,-0.486633,0.098136,1.158652,-0.564090,1.322088,-1.149591,-0.084898,0.752946,0.496098,-0.749449,-0.631474,-0.890239,-0.431722,-1.812909,-0.720777,32.99,0,Origin Energy,Utilities,
597302,-0.133241,-0.954715,-0.468323,-0.508943,1.221504,0.421498,-1.437494,-1.253743,0.296242,-0.493686,-0.514200,1.060402,0.757300,0.526447,-1.035196,-1.389444,0.746332,-2.100407,0.127520,2.076886,0.440719,-0.079241,0.214879,1.208805,0.874793,1.076352,-0.341453,1.274856,12.43,0,Qantas,Travel,
597806,0.533827,-0.060855,0.299758,-1.004010,1.493860,-0.226509,-0.178431,1.512038,0.398698,0.697348,-0.096175,-0.607312,-0.500110,1.121441,0.881610,0.119775,0.828791,-0.005624,-0.487396,-1.153583,-0.013423,-0.027508,0.552810,-0.956814,-0.585872,0.806657,1.276257,-0.762248,3.99,0,Guzman y Gomez,Food,
598778,-0.267570,0.516327,1.260442,-0.504461,0.852122,0.391563,0.321305,-1.510108,0.734500,0.269970,-0.419707,-1.151836,0.143177,-1.286302,0.371412,-0.194318,1.467228,0.023990,-1.114281,0.545816,-0.228174,-1.234154,0.429928,1.057418,-0.812899,-0.644153,1.086858,-0.473128,36.55,0,Optus,Utilities,
599988,0.276805,-2.153721,0.106240,-2.092824,1.134569,-0.678702,-1.711873,-0.726884,-0.576732,-2.829308,-0.215737,1.107825,0.043635,-0.083597,0.446399,-0.193731,-1.663948,-1.214713,0.112078,-1.282910,-0.365048,1.517545,0.526165,-0.700089,-1.414018,0.533431,-1.023272,0.476526,91.77,0,BP Service Station,Travel,In-store payment
600863,-1.157974,1.113542,0.122259,1.162645,-0.596600,0.125311,0.221318,-0.725272,-0.941125,-0.291421,0.454482,0.415637,-0.063721,0.276330,0.523584,0.262985,-1.251132,-1.137094,0.398248,1.847702,1.115243,-0.455161,1.413164,0.967687,1.808798,2.701247,1.076022,-0.742472,14.64,0,Virgin Australia,Travel,Direct debit
602838,-0.286483,0.712801,0.377330,1.535139,0.894089,-0.415675,-0.759752,-2.042492,1.981875,0.597630,0.939228,0.031265,0.320076,-0.433591,1.298885,0.010520,0.857986,1.011047,1.279600,-0.005155,0.501856,0.426763,-1.581929,-0.625884,0.210252,0.952546,-0.477289,-1.993001,19.50,0,Amazon AU,Other,Tap to pay
603035,-0.317548,-0.396191,0.285533,-2.719050,2.362154,0.440907,1.162090,-0.576788,0.275567,-0.095840,-0.232622,-1.154270,-0.758850,0.372364,1.827161,0.081237,-2.011462,-1.847222,0.595470,-1.830688,0.746916,-0.195523,-0.381950,-0.437928,0.352171,-0.401313,2.336433,1.753763,13.17,0,Ray White Property,Rent,Recurring subscription
603077,-0.545422,0.989052,0.116892,-0.701980,0.219713,0.042865,0.314757,0.809182,-0.361982,-1.084660,1.280820,-0.837591,-0.367554,-1.261035,0.545618,0.001283,-0.309845,1.265727,-1.145661,-1.085994,0.976576,-0.247441,-0.971825,1.402357,-1.025830,0.137216,1.573159,-0.144637,11.49,0,Stake,Investment,In-store payment
603688,-1.279522,-0.074542,-0.293948,0.688551,1.068622,-0.206163,0.228581,-0.092804,-0.585042,-1.668988,2.730500,-0.354346,0.279392,-0.079710,0.969705,0.923393,1.117066,1.034424,-1.875864,1.091760,-0.474184,-0.377943,-0.529019,1.695682,0.802282,0.685305,-0.281350,-0.355155,41.53,0,McDonald's,Food,
604023,1.798020,0.403702,1.322651,0.037538,-0.240840,0.393844,-0.048531,1.828081,-0.094343,0.333209,-1.434661,-1.571107,-0.095519,-0.586476,0.260995,-1.707512,0.796363,-0.536299,-1.336655,0.103526,0.031585,0.035955,-0.231759,-2.042865,-0.343294,0.657398,0.251602,0.064907,5.58,0,Event Cinemas,Entertainment,
604799,0.265933,-0.205024,0.873918,-0.273558,0.839700,0.249892,-0.332858,-1.626985,0.821726,0.124232,-0.369803,0.667700,0.333141,1.205230,-0.577906,0.620406,-1.184365,-1.038499,-0.850526,0.127108,-1.471816,0.361216,-0.408837,1.421472,0.814160,-0.544899,0.081696,-0.130506,11.61,0,Steam,Entertainment,Card present
